Command line invocation:
    /Applications/Xcode.app/Contents/Developer/usr/bin/xcodebuild -scheme BestBefore_Prototype_IOS -destination "platform=iOS Simulator,name=iPhone 17" -configuration Debug build

Resolve Package Graph


Resolved source packages:
  AppCheck: https://github.com/google/app-check.git @ 11.2.0
  nanopb: https://github.com/firebase/nanopb.git @ 2.30910.0
  Firebase: https://github.com/firebase/firebase-ios-sdk @ 12.8.0
  leveldb: https://github.com/firebase/leveldb.git @ 1.22.5
  InteropForGoogle: https://github.com/google/interop-ios-for-google-sdks.git @ 101.0.0
  GoogleUtilities: https://github.com/google/GoogleUtilities.git @ 8.1.0
  gRPC: https://github.com/google/grpc-binary.git @ 1.69.1
  Promises: https://github.com/google/promises.git @ 2.4.0
  GoogleAdsOnDeviceConversion: https://github.com/googleads/google-ads-on-device-conversion-ios-sdk @ 3.2.0
  GoogleAppMeasurement: https://github.com/google/GoogleAppMeasurement.git @ 12.8.0
  RiveRuntime: https://github.com/rive-app/rive-ios @ 6.13.0
  Pow: https://github.com/EmergeTools/Pow @ 1.0.5
  GoogleDataTransport: https://github.com/google/GoogleDataTransport.git @ 10.1.0
  GTMSessionFetcher: https://github.com/google/gtm-session-fetcher.git @ 5.0.0
  abseil: https://github.com/google/abseil-cpp-binary.git @ 1.2024072200.0

2026-04-06 07:28:35.008 xcodebuild[61411:1805535] [MT] IDERunDestination: Supported platforms for the buildables in the current scheme is empty.
ComputePackagePrebuildTargetDependencyGraph

Prepare packages

CreateBuildRequest

SendProjectDescription

CreateBuildOperation

ComputeTargetDependencyGraph
note: Building targets in dependency order
note: Target dependency graph (58 targets)
    Target 'BestBefore_Prototype_IOS' in project 'BestBefore_Prototype_IOS'
        ➜ Explicit dependency on target 'FirebaseMessaging' in project 'Firebase'
        ➜ Explicit dependency on target 'Pow' in project 'Pow'
        ➜ Explicit dependency on target 'FirebaseAuth' in project 'Firebase'
        ➜ Explicit dependency on target 'RiveRuntime' in project 'RiveRuntime'
    Target 'RiveRuntime' in project 'RiveRuntime' (no dependencies)
    Target 'FirebaseAuth' in project 'Firebase'
        ➜ Explicit dependency on target 'FirebaseAuth' in project 'Firebase'
        ➜ Explicit dependency on target 'Firebase_FirebaseAuth' in project 'Firebase'
        ➜ Explicit dependency on target 'FirebaseAppCheckInterop' in project 'Firebase'
        ➜ Explicit dependency on target 'FirebaseAuthInterop' in project 'Firebase'
        ➜ Explicit dependency on target 'FirebaseAuthInternal' in project 'Firebase'
        ➜ Explicit dependency on target 'Firebase' in project 'Firebase'
        ➜ Explicit dependency on target 'FirebaseCoreInternal' in project 'Firebase'
        ➜ Explicit dependency on target 'FirebaseCore' in project 'Firebase'
        ➜ Explicit dependency on target 'FirebaseCoreExtension' in project 'Firebase'
        ➜ Explicit dependency on target 'RecaptchaInterop' in project 'InteropForGoogle'
        ➜ Explicit dependency on target 'GULNSData' in project 'GoogleUtilities'
        ➜ Explicit dependency on target 'GULEnvironment' in project 'GoogleUtilities'
        ➜ Explicit dependency on target 'GULLogger' in project 'GoogleUtilities'
        ➜ Explicit dependency on target 'GULAppDelegateSwizzler' in project 'GoogleUtilities'
        ➜ Explicit dependency on target 'GTMSessionFetcherCore' in project 'GTMSessionFetcher'
    Target 'FirebaseAuth' in project 'Firebase'
        ➜ Explicit dependency on target 'Firebase_FirebaseAuth' in project 'Firebase'
        ➜ Explicit dependency on target 'FirebaseAppCheckInterop' in project 'Firebase'
        ➜ Explicit dependency on target 'FirebaseAuthInterop' in project 'Firebase'
        ➜ Explicit dependency on target 'FirebaseAuthInternal' in project 'Firebase'
        ➜ Explicit dependency on target 'Firebase' in project 'Firebase'
        ➜ Explicit dependency on target 'FirebaseCoreInternal' in project 'Firebase'
        ➜ Explicit dependency on target 'FirebaseCore' in project 'Firebase'
        ➜ Explicit dependency on target 'FirebaseCoreExtension' in project 'Firebase'
        ➜ Explicit dependency on target 'RecaptchaInterop' in project 'InteropForGoogle'
        ➜ Explicit dependency on target 'GULNSData' in project 'GoogleUtilities'
        ➜ Explicit dependency on target 'GULEnvironment' in project 'GoogleUtilities'
        ➜ Explicit dependency on target 'GULLogger' in project 'GoogleUtilities'
        ➜ Explicit dependency on target 'GULAppDelegateSwizzler' in project 'GoogleUtilities'
        ➜ Explicit dependency on target 'GTMSessionFetcherCore' in project 'GTMSessionFetcher'
    Target 'GTMSessionFetcherCore' in project 'GTMSessionFetcher'
        ➜ Explicit dependency on target 'GTMSessionFetcherCore' in project 'GTMSessionFetcher'
        ➜ Explicit dependency on target 'GTMSessionFetcher_GTMSessionFetcherCore' in project 'GTMSessionFetcher'
    Target 'GTMSessionFetcherCore' in project 'GTMSessionFetcher'
        ➜ Explicit dependency on target 'GTMSessionFetcher_GTMSessionFetcherCore' in project 'GTMSessionFetcher'
    Target 'GTMSessionFetcher_GTMSessionFetcherCore' in project 'GTMSessionFetcher' (no dependencies)
    Target 'FirebaseCoreExtension' in project 'Firebase'
        ➜ Explicit dependency on target 'Firebase_FirebaseCoreExtension' in project 'Firebase'
    Target 'Firebase_FirebaseCoreExtension' in project 'Firebase' (no dependencies)
    Target 'FirebaseAuthInternal' in project 'Firebase'
        ➜ Explicit dependency on target 'RecaptchaInterop' in project 'InteropForGoogle'
    Target 'RecaptchaInterop' in project 'InteropForGoogle'
        ➜ Explicit dependency on target 'RecaptchaInterop' in project 'InteropForGoogle'
    Target 'RecaptchaInterop' in project 'InteropForGoogle' (no dependencies)
    Target 'FirebaseAuthInterop' in project 'Firebase' (no dependencies)
    Target 'FirebaseAppCheckInterop' in project 'Firebase' (no dependencies)
    Target 'Firebase_FirebaseAuth' in project 'Firebase' (no dependencies)
    Target 'Pow' in project 'Pow'
        ➜ Explicit dependency on target 'Pow' in project 'Pow'
        ➜ Explicit dependency on target 'Pow_Pow' in project 'Pow'
    Target 'Pow' in project 'Pow'
        ➜ Explicit dependency on target 'Pow_Pow' in project 'Pow'
    Target 'Pow_Pow' in project 'Pow' (no dependencies)
    Target 'FirebaseMessaging' in project 'Firebase'
        ➜ Explicit dependency on target 'FirebaseMessaging' in project 'Firebase'
        ➜ Explicit dependency on target 'Firebase_FirebaseMessaging' in project 'Firebase'
        ➜ Explicit dependency on target 'Firebase' in project 'Firebase'
        ➜ Explicit dependency on target 'FirebaseCoreInternal' in project 'Firebase'
        ➜ Explicit dependency on target 'FirebaseCore' in project 'Firebase'
        ➜ Explicit dependency on target 'FirebaseInstallations' in project 'Firebase'
        ➜ Explicit dependency on target 'GULNSData' in project 'GoogleUtilities'
        ➜ Explicit dependency on target 'GULEnvironment' in project 'GoogleUtilities'
        ➜ Explicit dependency on target 'GULLogger' in project 'GoogleUtilities'
        ➜ Explicit dependency on target 'FBLPromises' in project 'Promises'
        ➜ Explicit dependency on target 'GULUserDefaults' in project 'GoogleUtilities'
        ➜ Explicit dependency on target 'GULAppDelegateSwizzler' in project 'GoogleUtilities'
        ➜ Explicit dependency on target 'GULReachability' in project 'GoogleUtilities'
        ➜ Explicit dependency on target 'GoogleDataTransport' in project 'GoogleDataTransport'
        ➜ Explicit dependency on target 'nanopb' in project 'nanopb'
    Target 'FirebaseMessaging' in project 'Firebase'
        ➜ Explicit dependency on target 'Firebase_FirebaseMessaging' in project 'Firebase'
        ➜ Explicit dependency on target 'Firebase' in project 'Firebase'
        ➜ Explicit dependency on target 'FirebaseCoreInternal' in project 'Firebase'
        ➜ Explicit dependency on target 'FirebaseCore' in project 'Firebase'
        ➜ Explicit dependency on target 'FirebaseInstallations' in project 'Firebase'
        ➜ Explicit dependency on target 'GULNSData' in project 'GoogleUtilities'
        ➜ Explicit dependency on target 'GULEnvironment' in project 'GoogleUtilities'
        ➜ Explicit dependency on target 'GULLogger' in project 'GoogleUtilities'
        ➜ Explicit dependency on target 'FBLPromises' in project 'Promises'
        ➜ Explicit dependency on target 'GULUserDefaults' in project 'GoogleUtilities'
        ➜ Explicit dependency on target 'GULAppDelegateSwizzler' in project 'GoogleUtilities'
        ➜ Explicit dependency on target 'GULReachability' in project 'GoogleUtilities'
        ➜ Explicit dependency on target 'GoogleDataTransport' in project 'GoogleDataTransport'
        ➜ Explicit dependency on target 'nanopb' in project 'nanopb'
    Target 'GoogleDataTransport' in project 'GoogleDataTransport'
        ➜ Explicit dependency on target 'GoogleDataTransport' in project 'GoogleDataTransport'
        ➜ Explicit dependency on target 'GoogleDataTransport_GoogleDataTransport' in project 'GoogleDataTransport'
        ➜ Explicit dependency on target 'nanopb' in project 'nanopb'
        ➜ Explicit dependency on target 'FBLPromises' in project 'Promises'
    Target 'GoogleDataTransport' in project 'GoogleDataTransport'
        ➜ Explicit dependency on target 'GoogleDataTransport_GoogleDataTransport' in project 'GoogleDataTransport'
        ➜ Explicit dependency on target 'nanopb' in project 'nanopb'
        ➜ Explicit dependency on target 'FBLPromises' in project 'Promises'
    Target 'nanopb' in project 'nanopb'
        ➜ Explicit dependency on target 'nanopb' in project 'nanopb'
        ➜ Explicit dependency on target 'nanopb_nanopb' in project 'nanopb'
    Target 'nanopb' in project 'nanopb'
        ➜ Explicit dependency on target 'nanopb_nanopb' in project 'nanopb'
    Target 'nanopb_nanopb' in project 'nanopb' (no dependencies)
    Target 'GoogleDataTransport_GoogleDataTransport' in project 'GoogleDataTransport' (no dependencies)
    Target 'GULReachability' in project 'GoogleUtilities'
        ➜ Explicit dependency on target 'GoogleUtilities-Reachability' in project 'GoogleUtilities'
        ➜ Explicit dependency on target 'GoogleUtilities_GoogleUtilities-Reachability' in project 'GoogleUtilities'
        ➜ Explicit dependency on target 'third-party-IsAppEncrypted' in project 'GoogleUtilities'
        ➜ Explicit dependency on target 'GoogleUtilities-Environment' in project 'GoogleUtilities'
        ➜ Explicit dependency on target 'GoogleUtilities-Logger' in project 'GoogleUtilities'
    Target 'GULAppDelegateSwizzler' in project 'GoogleUtilities'
        ➜ Explicit dependency on target 'GoogleUtilities-AppDelegateSwizzler' in project 'GoogleUtilities'
        ➜ Explicit dependency on target 'GoogleUtilities_GoogleUtilities-AppDelegateSwizzler' in project 'GoogleUtilities'
        ➜ Explicit dependency on target 'third-party-IsAppEncrypted' in project 'GoogleUtilities'
        ➜ Explicit dependency on target 'GoogleUtilities-Environment' in project 'GoogleUtilities'
        ➜ Explicit dependency on target 'GoogleUtilities-Logger' in project 'GoogleUtilities'
        ➜ Explicit dependency on target 'GoogleUtilities-NSData' in project 'GoogleUtilities'
        ➜ Explicit dependency on target 'GoogleUtilities-Reachability' in project 'GoogleUtilities'
        ➜ Explicit dependency on target 'GoogleUtilities-Network' in project 'GoogleUtilities'
    Target 'GoogleUtilities-AppDelegateSwizzler' in project 'GoogleUtilities'
        ➜ Explicit dependency on target 'GoogleUtilities_GoogleUtilities-AppDelegateSwizzler' in project 'GoogleUtilities'
        ➜ Explicit dependency on target 'third-party-IsAppEncrypted' in project 'GoogleUtilities'
        ➜ Explicit dependency on target 'GoogleUtilities-Environment' in project 'GoogleUtilities'
        ➜ Explicit dependency on target 'GoogleUtilities-Logger' in project 'GoogleUtilities'
        ➜ Explicit dependency on target 'GoogleUtilities-NSData' in project 'GoogleUtilities'
        ➜ Explicit dependency on target 'GoogleUtilities-Reachability' in project 'GoogleUtilities'
        ➜ Explicit dependency on target 'GoogleUtilities-Network' in project 'GoogleUtilities'
    Target 'GoogleUtilities-Network' in project 'GoogleUtilities'
        ➜ Explicit dependency on target 'GoogleUtilities_GoogleUtilities-Network' in project 'GoogleUtilities'
        ➜ Explicit dependency on target 'third-party-IsAppEncrypted' in project 'GoogleUtilities'
        ➜ Explicit dependency on target 'GoogleUtilities-Environment' in project 'GoogleUtilities'
        ➜ Explicit dependency on target 'GoogleUtilities-Logger' in project 'GoogleUtilities'
        ➜ Explicit dependency on target 'GoogleUtilities-NSData' in project 'GoogleUtilities'
        ➜ Explicit dependency on target 'GoogleUtilities-Reachability' in project 'GoogleUtilities'
    Target 'GoogleUtilities_GoogleUtilities-Network' in project 'GoogleUtilities' (no dependencies)
    Target 'GoogleUtilities-Reachability' in project 'GoogleUtilities'
        ➜ Explicit dependency on target 'GoogleUtilities_GoogleUtilities-Reachability' in project 'GoogleUtilities'
        ➜ Explicit dependency on target 'third-party-IsAppEncrypted' in project 'GoogleUtilities'
        ➜ Explicit dependency on target 'GoogleUtilities-Environment' in project 'GoogleUtilities'
        ➜ Explicit dependency on target 'GoogleUtilities-Logger' in project 'GoogleUtilities'
    Target 'GoogleUtilities_GoogleUtilities-Reachability' in project 'GoogleUtilities' (no dependencies)
    Target 'GoogleUtilities_GoogleUtilities-AppDelegateSwizzler' in project 'GoogleUtilities' (no dependencies)
    Target 'FirebaseInstallations' in project 'Firebase'
        ➜ Explicit dependency on target 'Firebase_FirebaseInstallations' in project 'Firebase'
        ➜ Explicit dependency on target 'Firebase' in project 'Firebase'
        ➜ Explicit dependency on target 'FirebaseCoreInternal' in project 'Firebase'
        ➜ Explicit dependency on target 'FirebaseCore' in project 'Firebase'
        ➜ Explicit dependency on target 'GULNSData' in project 'GoogleUtilities'
        ➜ Explicit dependency on target 'GULEnvironment' in project 'GoogleUtilities'
        ➜ Explicit dependency on target 'GULLogger' in project 'GoogleUtilities'
        ➜ Explicit dependency on target 'FBLPromises' in project 'Promises'
        ➜ Explicit dependency on target 'GULUserDefaults' in project 'GoogleUtilities'
    Target 'GULUserDefaults' in project 'GoogleUtilities'
        ➜ Explicit dependency on target 'GoogleUtilities-UserDefaults' in project 'GoogleUtilities'
        ➜ Explicit dependency on target 'GoogleUtilities_GoogleUtilities-UserDefaults' in project 'GoogleUtilities'
        ➜ Explicit dependency on target 'third-party-IsAppEncrypted' in project 'GoogleUtilities'
        ➜ Explicit dependency on target 'GoogleUtilities-Environment' in project 'GoogleUtilities'
        ➜ Explicit dependency on target 'GoogleUtilities-Logger' in project 'GoogleUtilities'
    Target 'GoogleUtilities-UserDefaults' in project 'GoogleUtilities'
        ➜ Explicit dependency on target 'GoogleUtilities_GoogleUtilities-UserDefaults' in project 'GoogleUtilities'
        ➜ Explicit dependency on target 'third-party-IsAppEncrypted' in project 'GoogleUtilities'
        ➜ Explicit dependency on target 'GoogleUtilities-Environment' in project 'GoogleUtilities'
        ➜ Explicit dependency on target 'GoogleUtilities-Logger' in project 'GoogleUtilities'
    Target 'GoogleUtilities_GoogleUtilities-UserDefaults' in project 'GoogleUtilities' (no dependencies)
    Target 'FBLPromises' in project 'Promises'
        ➜ Explicit dependency on target 'FBLPromises' in project 'Promises'
        ➜ Explicit dependency on target 'Promises_FBLPromises' in project 'Promises'
    Target 'FBLPromises' in project 'Promises'
        ➜ Explicit dependency on target 'Promises_FBLPromises' in project 'Promises'
    Target 'Promises_FBLPromises' in project 'Promises' (no dependencies)
    Target 'Firebase_FirebaseInstallations' in project 'Firebase' (no dependencies)
    Target 'FirebaseCore' in project 'Firebase'
        ➜ Explicit dependency on target 'Firebase_FirebaseCore' in project 'Firebase'
        ➜ Explicit dependency on target 'Firebase' in project 'Firebase'
        ➜ Explicit dependency on target 'FirebaseCoreInternal' in project 'Firebase'
        ➜ Explicit dependency on target 'GULNSData' in project 'GoogleUtilities'
        ➜ Explicit dependency on target 'GULEnvironment' in project 'GoogleUtilities'
        ➜ Explicit dependency on target 'GULLogger' in project 'GoogleUtilities'
    Target 'GULLogger' in project 'GoogleUtilities'
        ➜ Explicit dependency on target 'GoogleUtilities-Logger' in project 'GoogleUtilities'
        ➜ Explicit dependency on target 'GoogleUtilities_GoogleUtilities-Logger' in project 'GoogleUtilities'
        ➜ Explicit dependency on target 'third-party-IsAppEncrypted' in project 'GoogleUtilities'
        ➜ Explicit dependency on target 'GoogleUtilities-Environment' in project 'GoogleUtilities'
    Target 'GoogleUtilities-Logger' in project 'GoogleUtilities'
        ➜ Explicit dependency on target 'GoogleUtilities_GoogleUtilities-Logger' in project 'GoogleUtilities'
        ➜ Explicit dependency on target 'third-party-IsAppEncrypted' in project 'GoogleUtilities'
        ➜ Explicit dependency on target 'GoogleUtilities-Environment' in project 'GoogleUtilities'
    Target 'GoogleUtilities_GoogleUtilities-Logger' in project 'GoogleUtilities' (no dependencies)
    Target 'GULEnvironment' in project 'GoogleUtilities'
        ➜ Explicit dependency on target 'GoogleUtilities-Environment' in project 'GoogleUtilities'
        ➜ Explicit dependency on target 'GoogleUtilities_GoogleUtilities-Environment' in project 'GoogleUtilities'
        ➜ Explicit dependency on target 'third-party-IsAppEncrypted' in project 'GoogleUtilities'
    Target 'GoogleUtilities-Environment' in project 'GoogleUtilities'
        ➜ Explicit dependency on target 'GoogleUtilities_GoogleUtilities-Environment' in project 'GoogleUtilities'
        ➜ Explicit dependency on target 'third-party-IsAppEncrypted' in project 'GoogleUtilities'
    Target 'third-party-IsAppEncrypted' in project 'GoogleUtilities' (no dependencies)
    Target 'GoogleUtilities_GoogleUtilities-Environment' in project 'GoogleUtilities' (no dependencies)
    Target 'Firebase_FirebaseCore' in project 'Firebase' (no dependencies)
    Target 'FirebaseCoreInternal' in project 'Firebase'
        ➜ Explicit dependency on target 'Firebase_FirebaseCoreInternal' in project 'Firebase'
        ➜ Explicit dependency on target 'GULNSData' in project 'GoogleUtilities'
    Target 'GULNSData' in project 'GoogleUtilities'
        ➜ Explicit dependency on target 'GoogleUtilities-NSData' in project 'GoogleUtilities'
        ➜ Explicit dependency on target 'GoogleUtilities_GoogleUtilities-NSData' in project 'GoogleUtilities'
    Target 'GoogleUtilities-NSData' in project 'GoogleUtilities'
        ➜ Explicit dependency on target 'GoogleUtilities_GoogleUtilities-NSData' in project 'GoogleUtilities'
    Target 'GoogleUtilities_GoogleUtilities-NSData' in project 'GoogleUtilities' (no dependencies)
    Target 'Firebase_FirebaseCoreInternal' in project 'Firebase' (no dependencies)
    Target 'Firebase' in project 'Firebase' (no dependencies)
    Target 'Firebase_FirebaseMessaging' in project 'Firebase' (no dependencies)

GatherProvisioningInputs

CreateBuildDescription

ExecuteExternalTool /Applications/Xcode.app/Contents/Developer/Toolchains/XcodeDefault.xctoolchain/usr/bin/clang -v -E -dM -arch arm64 -isysroot /Applications/Xcode.app/Contents/Developer/Platforms/iPhoneSimulator.platform/Developer/SDKs/iPhoneSimulator26.4.sdk -x objective-c -c /dev/null

ExecuteExternalTool /Applications/Xcode.app/Contents/Developer/Toolchains/XcodeDefault.xctoolchain/usr/bin/swiftc --version

ExecuteExternalTool /Applications/Xcode.app/Contents/Developer/Toolchains/XcodeDefault.xctoolchain/usr/bin/clang -v -E -dM -arch arm64 -isysroot /Applications/Xcode.app/Contents/Developer/Platforms/iPhoneSimulator.platform/Developer/SDKs/iPhoneSimulator26.4.sdk -x c -c /dev/null

ExecuteExternalTool /Applications/Xcode.app/Contents/Developer/usr/bin/actool --version --output-format xml1

ExecuteExternalTool /Applications/Xcode.app/Contents/Developer/Toolchains/XcodeDefault.xctoolchain/usr/bin/clang -v -E -dM -isysroot /Applications/Xcode.app/Contents/Developer/Platforms/iPhoneSimulator.platform/Developer/SDKs/iPhoneSimulator26.4.sdk -x c -c /dev/null

ExecuteExternalTool /Applications/Xcode.app/Contents/Developer/usr/bin/momc --dry-run --action generate --swift-version 5.0 --sdkroot /Applications/Xcode.app/Contents/Developer/Platforms/iPhoneSimulator.platform/Developer/SDKs/iPhoneSimulator26.4.sdk --iphonesimulator-deployment-target 17.0 --module BestBefore_Prototype_IOS /Users/user/Downloads/BestBefore_Prototype_IOS 4/BestBefore_Prototype_IOS/BestBefore_Prototype_IOS.xcdatamodeld /Users/user/Library/Developer/Xcode/DerivedData/BestBefore_Prototype_IOS-gtponiwkrvabdfckstwbtylpgrqh/Build/Intermediates.noindex/BestBefore_Prototype_IOS.build/Debug-iphonesimulator/BestBefore_Prototype_IOS.build/DerivedSources/CoreDataGenerated/BestBefore_Prototype_IOS

ExecuteExternalTool /Applications/Xcode.app/Contents/Developer/usr/bin/actool --print-asset-tag-combinations --output-format xml1 /Users/user/Downloads/BestBefore_Prototype_IOS 4/BestBefore_Prototype_IOS/Assets.xcassets

ExecuteExternalTool /Applications/Xcode.app/Contents/Developer/Toolchains/XcodeDefault.xctoolchain/usr/bin/ld -version_details

Build description signature: 47c2f59df0430c63f5eff9a0f5d9bc92
Build description path: /Users/user/Library/Developer/Xcode/DerivedData/BestBefore_Prototype_IOS-gtponiwkrvabdfckstwbtylpgrqh/Build/Intermediates.noindex/XCBuildData/47c2f59df0430c63f5eff9a0f5d9bc92.xcbuilddata
ClangStatCache /Applications/Xcode.app/Contents/Developer/Toolchains/XcodeDefault.xctoolchain/usr/bin/clang-stat-cache /Applications/Xcode.app/Contents/Developer/Platforms/iPhoneSimulator.platform/Developer/SDKs/iPhoneSimulator26.4.sdk /Users/user/Library/Developer/Xcode/DerivedData/SDKStatCaches.noindex/iphonesimulator26.4-23E237-688ef53f1462e2c8f657fdc38a81448f686eebb5dc1d8ecb277353a59184f4aa.sdkstatcache
    cd /Users/user/Downloads/BestBefore_Prototype_IOS\ 4/BestBefore_Prototype_IOS.xcodeproj
    /Applications/Xcode.app/Contents/Developer/Toolchains/XcodeDefault.xctoolchain/usr/bin/clang-stat-cache /Applications/Xcode.app/Contents/Developer/Platforms/iPhoneSimulator.platform/Developer/SDKs/iPhoneSimulator26.4.sdk -o /Users/user/Library/Developer/Xcode/DerivedData/SDKStatCaches.noindex/iphonesimulator26.4-23E237-688ef53f1462e2c8f657fdc38a81448f686eebb5dc1d8ecb277353a59184f4aa.sdkstatcache

CompileAssetCatalogVariant thinned /Users/user/Library/Developer/Xcode/DerivedData/BestBefore_Prototype_IOS-gtponiwkrvabdfckstwbtylpgrqh/Build/Products/Debug-iphonesimulator/Pow_Pow.bundle /Users/user/Library/Developer/Xcode/DerivedData/BestBefore_Prototype_IOS-gtponiwkrvabdfckstwbtylpgrqh/SourcePackages/checkouts/Pow/Sources/Pow/Assets.xcassets (in target 'Pow_Pow' from project 'Pow')
    cd /Users/user/Library/Developer/Xcode/DerivedData/BestBefore_Prototype_IOS-gtponiwkrvabdfckstwbtylpgrqh/SourcePackages/checkouts/Pow
    /Applications/Xcode.app/Contents/Developer/usr/bin/actool /Users/user/Library/Developer/Xcode/DerivedData/BestBefore_Prototype_IOS-gtponiwkrvabdfckstwbtylpgrqh/SourcePackages/checkouts/Pow/Sources/Pow/Assets.xcassets --compile /Users/user/Library/Developer/Xcode/DerivedData/BestBefore_Prototype_IOS-gtponiwkrvabdfckstwbtylpgrqh/Build/Intermediates.noindex/Pow.build/Debug-iphonesimulator/Pow_Pow.build/assetcatalog_output/thinned --output-format human-readable-text --notices --warnings --export-dependency-info /Users/user/Library/Developer/Xcode/DerivedData/BestBefore_Prototype_IOS-gtponiwkrvabdfckstwbtylpgrqh/Build/Intermediates.noindex/Pow.build/Debug-iphonesimulator/Pow_Pow.build/assetcatalog_dependencies_thinned --output-partial-info-plist /Users/user/Library/Developer/Xcode/DerivedData/BestBefore_Prototype_IOS-gtponiwkrvabdfckstwbtylpgrqh/Build/Intermediates.noindex/Pow.build/Debug-iphonesimulator/Pow_Pow.build/assetcatalog_generated_info.plist_thinned --compress-pngs --enable-on-demand-resources NO --filter-for-thinning-device-configuration iPhone18,3 --filter-for-device-os-version 26.4 --development-region en --target-device iphone --target-device ipad --minimum-deployment-target 15.0 --platform iphonesimulator

ProcessInfoPlistFile /Users/user/Library/Developer/Xcode/DerivedData/BestBefore_Prototype_IOS-gtponiwkrvabdfckstwbtylpgrqh/Build/Products/Debug-iphonesimulator/GoogleUtilities_GoogleUtilities-Network.bundle/Info.plist /Users/user/Library/Developer/Xcode/DerivedData/BestBefore_Prototype_IOS-gtponiwkrvabdfckstwbtylpgrqh/Build/Intermediates.noindex/GoogleUtilities.build/Debug-iphonesimulator/GoogleUtilities_GoogleUtilities-Network.build/empty-GoogleUtilities_GoogleUtilities-Network.plist (in target 'GoogleUtilities_GoogleUtilities-Network' from project 'GoogleUtilities')
    cd /Users/user/Library/Developer/Xcode/DerivedData/BestBefore_Prototype_IOS-gtponiwkrvabdfckstwbtylpgrqh/SourcePackages/checkouts/GoogleUtilities
    builtin-infoPlistUtility /Users/user/Library/Developer/Xcode/DerivedData/BestBefore_Prototype_IOS-gtponiwkrvabdfckstwbtylpgrqh/Build/Intermediates.noindex/GoogleUtilities.build/Debug-iphonesimulator/GoogleUtilities_GoogleUtilities-Network.build/empty-GoogleUtilities_GoogleUtilities-Network.plist -producttype com.apple.product-type.bundle -expandbuildsettings -format binary -platform iphonesimulator -o /Users/user/Library/Developer/Xcode/DerivedData/BestBefore_Prototype_IOS-gtponiwkrvabdfckstwbtylpgrqh/Build/Products/Debug-iphonesimulator/GoogleUtilities_GoogleUtilities-Network.bundle/Info.plist

ProcessInfoPlistFile /Users/user/Library/Developer/Xcode/DerivedData/BestBefore_Prototype_IOS-gtponiwkrvabdfckstwbtylpgrqh/Build/Products/Debug-iphonesimulator/GoogleUtilities_GoogleUtilities-UserDefaults.bundle/Info.plist /Users/user/Library/Developer/Xcode/DerivedData/BestBefore_Prototype_IOS-gtponiwkrvabdfckstwbtylpgrqh/Build/Intermediates.noindex/GoogleUtilities.build/Debug-iphonesimulator/GoogleUtilities_GoogleUtilities-UserDefaults.build/empty-GoogleUtilities_GoogleUtilities-UserDefaults.plist (in target 'GoogleUtilities_GoogleUtilities-UserDefaults' from project 'GoogleUtilities')
    cd /Users/user/Library/Developer/Xcode/DerivedData/BestBefore_Prototype_IOS-gtponiwkrvabdfckstwbtylpgrqh/SourcePackages/checkouts/GoogleUtilities
    builtin-infoPlistUtility /Users/user/Library/Developer/Xcode/DerivedData/BestBefore_Prototype_IOS-gtponiwkrvabdfckstwbtylpgrqh/Build/Intermediates.noindex/GoogleUtilities.build/Debug-iphonesimulator/GoogleUtilities_GoogleUtilities-UserDefaults.build/empty-GoogleUtilities_GoogleUtilities-UserDefaults.plist -producttype com.apple.product-type.bundle -expandbuildsettings -format binary -platform iphonesimulator -o /Users/user/Library/Developer/Xcode/DerivedData/BestBefore_Prototype_IOS-gtponiwkrvabdfckstwbtylpgrqh/Build/Products/Debug-iphonesimulator/GoogleUtilities_GoogleUtilities-UserDefaults.bundle/Info.plist

ProcessInfoPlistFile /Users/user/Library/Developer/Xcode/DerivedData/BestBefore_Prototype_IOS-gtponiwkrvabdfckstwbtylpgrqh/Build/Products/Debug-iphonesimulator/GoogleUtilities_GoogleUtilities-Reachability.bundle/Info.plist /Users/user/Library/Developer/Xcode/DerivedData/BestBefore_Prototype_IOS-gtponiwkrvabdfckstwbtylpgrqh/Build/Intermediates.noindex/GoogleUtilities.build/Debug-iphonesimulator/GoogleUtilities_GoogleUtilities-Reachability.build/empty-GoogleUtilities_GoogleUtilities-Reachability.plist (in target 'GoogleUtilities_GoogleUtilities-Reachability' from project 'GoogleUtilities')
    cd /Users/user/Library/Developer/Xcode/DerivedData/BestBefore_Prototype_IOS-gtponiwkrvabdfckstwbtylpgrqh/SourcePackages/checkouts/GoogleUtilities
    builtin-infoPlistUtility /Users/user/Library/Developer/Xcode/DerivedData/BestBefore_Prototype_IOS-gtponiwkrvabdfckstwbtylpgrqh/Build/Intermediates.noindex/GoogleUtilities.build/Debug-iphonesimulator/GoogleUtilities_GoogleUtilities-Reachability.build/empty-GoogleUtilities_GoogleUtilities-Reachability.plist -producttype com.apple.product-type.bundle -expandbuildsettings -format binary -platform iphonesimulator -o /Users/user/Library/Developer/Xcode/DerivedData/BestBefore_Prototype_IOS-gtponiwkrvabdfckstwbtylpgrqh/Build/Products/Debug-iphonesimulator/GoogleUtilities_GoogleUtilities-Reachability.bundle/Info.plist

ProcessInfoPlistFile /Users/user/Library/Developer/Xcode/DerivedData/BestBefore_Prototype_IOS-gtponiwkrvabdfckstwbtylpgrqh/Build/Products/Debug-iphonesimulator/Promises_FBLPromises.bundle/Info.plist /Users/user/Library/Developer/Xcode/DerivedData/BestBefore_Prototype_IOS-gtponiwkrvabdfckstwbtylpgrqh/Build/Intermediates.noindex/Promises.build/Debug-iphonesimulator/Promises_FBLPromises.build/empty-Promises_FBLPromises.plist (in target 'Promises_FBLPromises' from project 'Promises')
    cd /Users/user/Library/Developer/Xcode/DerivedData/BestBefore_Prototype_IOS-gtponiwkrvabdfckstwbtylpgrqh/SourcePackages/checkouts/promises
    builtin-infoPlistUtility /Users/user/Library/Developer/Xcode/DerivedData/BestBefore_Prototype_IOS-gtponiwkrvabdfckstwbtylpgrqh/Build/Intermediates.noindex/Promises.build/Debug-iphonesimulator/Promises_FBLPromises.build/empty-Promises_FBLPromises.plist -producttype com.apple.product-type.bundle -expandbuildsettings -format binary -platform iphonesimulator -o /Users/user/Library/Developer/Xcode/DerivedData/BestBefore_Prototype_IOS-gtponiwkrvabdfckstwbtylpgrqh/Build/Products/Debug-iphonesimulator/Promises_FBLPromises.bundle/Info.plist

ProcessInfoPlistFile /Users/user/Library/Developer/Xcode/DerivedData/BestBefore_Prototype_IOS-gtponiwkrvabdfckstwbtylpgrqh/Build/Products/Debug-iphonesimulator/nanopb_nanopb.bundle/Info.plist /Users/user/Library/Developer/Xcode/DerivedData/BestBefore_Prototype_IOS-gtponiwkrvabdfckstwbtylpgrqh/Build/Intermediates.noindex/nanopb.build/Debug-iphonesimulator/nanopb_nanopb.build/empty-nanopb_nanopb.plist (in target 'nanopb_nanopb' from project 'nanopb')
    cd /Users/user/Library/Developer/Xcode/DerivedData/BestBefore_Prototype_IOS-gtponiwkrvabdfckstwbtylpgrqh/SourcePackages/checkouts/nanopb
    builtin-infoPlistUtility /Users/user/Library/Developer/Xcode/DerivedData/BestBefore_Prototype_IOS-gtponiwkrvabdfckstwbtylpgrqh/Build/Intermediates.noindex/nanopb.build/Debug-iphonesimulator/nanopb_nanopb.build/empty-nanopb_nanopb.plist -producttype com.apple.product-type.bundle -expandbuildsettings -format binary -platform iphonesimulator -o /Users/user/Library/Developer/Xcode/DerivedData/BestBefore_Prototype_IOS-gtponiwkrvabdfckstwbtylpgrqh/Build/Products/Debug-iphonesimulator/nanopb_nanopb.bundle/Info.plist

ProcessInfoPlistFile /Users/user/Library/Developer/Xcode/DerivedData/BestBefore_Prototype_IOS-gtponiwkrvabdfckstwbtylpgrqh/Build/Products/Debug-iphonesimulator/GoogleUtilities_GoogleUtilities-NSData.bundle/Info.plist /Users/user/Library/Developer/Xcode/DerivedData/BestBefore_Prototype_IOS-gtponiwkrvabdfckstwbtylpgrqh/Build/Intermediates.noindex/GoogleUtilities.build/Debug-iphonesimulator/GoogleUtilities_GoogleUtilities-NSData.build/empty-GoogleUtilities_GoogleUtilities-NSData.plist (in target 'GoogleUtilities_GoogleUtilities-NSData' from project 'GoogleUtilities')
    cd /Users/user/Library/Developer/Xcode/DerivedData/BestBefore_Prototype_IOS-gtponiwkrvabdfckstwbtylpgrqh/SourcePackages/checkouts/GoogleUtilities
    builtin-infoPlistUtility /Users/user/Library/Developer/Xcode/DerivedData/BestBefore_Prototype_IOS-gtponiwkrvabdfckstwbtylpgrqh/Build/Intermediates.noindex/GoogleUtilities.build/Debug-iphonesimulator/GoogleUtilities_GoogleUtilities-NSData.build/empty-GoogleUtilities_GoogleUtilities-NSData.plist -producttype com.apple.product-type.bundle -expandbuildsettings -format binary -platform iphonesimulator -o /Users/user/Library/Developer/Xcode/DerivedData/BestBefore_Prototype_IOS-gtponiwkrvabdfckstwbtylpgrqh/Build/Products/Debug-iphonesimulator/GoogleUtilities_GoogleUtilities-NSData.bundle/Info.plist

ProcessInfoPlistFile /Users/user/Library/Developer/Xcode/DerivedData/BestBefore_Prototype_IOS-gtponiwkrvabdfckstwbtylpgrqh/Build/Products/Debug-iphonesimulator/GoogleUtilities_GoogleUtilities-Logger.bundle/Info.plist /Users/user/Library/Developer/Xcode/DerivedData/BestBefore_Prototype_IOS-gtponiwkrvabdfckstwbtylpgrqh/Build/Intermediates.noindex/GoogleUtilities.build/Debug-iphonesimulator/GoogleUtilities_GoogleUtilities-Logger.build/empty-GoogleUtilities_GoogleUtilities-Logger.plist (in target 'GoogleUtilities_GoogleUtilities-Logger' from project 'GoogleUtilities')
    cd /Users/user/Library/Developer/Xcode/DerivedData/BestBefore_Prototype_IOS-gtponiwkrvabdfckstwbtylpgrqh/SourcePackages/checkouts/GoogleUtilities
    builtin-infoPlistUtility /Users/user/Library/Developer/Xcode/DerivedData/BestBefore_Prototype_IOS-gtponiwkrvabdfckstwbtylpgrqh/Build/Intermediates.noindex/GoogleUtilities.build/Debug-iphonesimulator/GoogleUtilities_GoogleUtilities-Logger.build/empty-GoogleUtilities_GoogleUtilities-Logger.plist -producttype com.apple.product-type.bundle -expandbuildsettings -format binary -platform iphonesimulator -o /Users/user/Library/Developer/Xcode/DerivedData/BestBefore_Prototype_IOS-gtponiwkrvabdfckstwbtylpgrqh/Build/Products/Debug-iphonesimulator/GoogleUtilities_GoogleUtilities-Logger.bundle/Info.plist

ProcessInfoPlistFile /Users/user/Library/Developer/Xcode/DerivedData/BestBefore_Prototype_IOS-gtponiwkrvabdfckstwbtylpgrqh/Build/Products/Debug-iphonesimulator/GoogleUtilities_GoogleUtilities-Environment.bundle/Info.plist /Users/user/Library/Developer/Xcode/DerivedData/BestBefore_Prototype_IOS-gtponiwkrvabdfckstwbtylpgrqh/Build/Intermediates.noindex/GoogleUtilities.build/Debug-iphonesimulator/GoogleUtilities_GoogleUtilities-Environment.build/empty-GoogleUtilities_GoogleUtilities-Environment.plist (in target 'GoogleUtilities_GoogleUtilities-Environment' from project 'GoogleUtilities')
    cd /Users/user/Library/Developer/Xcode/DerivedData/BestBefore_Prototype_IOS-gtponiwkrvabdfckstwbtylpgrqh/SourcePackages/checkouts/GoogleUtilities
    builtin-infoPlistUtility /Users/user/Library/Developer/Xcode/DerivedData/BestBefore_Prototype_IOS-gtponiwkrvabdfckstwbtylpgrqh/Build/Intermediates.noindex/GoogleUtilities.build/Debug-iphonesimulator/GoogleUtilities_GoogleUtilities-Environment.build/empty-GoogleUtilities_GoogleUtilities-Environment.plist -producttype com.apple.product-type.bundle -expandbuildsettings -format binary -platform iphonesimulator -o /Users/user/Library/Developer/Xcode/DerivedData/BestBefore_Prototype_IOS-gtponiwkrvabdfckstwbtylpgrqh/Build/Products/Debug-iphonesimulator/GoogleUtilities_GoogleUtilities-Environment.bundle/Info.plist

ProcessInfoPlistFile /Users/user/Library/Developer/Xcode/DerivedData/BestBefore_Prototype_IOS-gtponiwkrvabdfckstwbtylpgrqh/Build/Products/Debug-iphonesimulator/GoogleDataTransport_GoogleDataTransport.bundle/Info.plist /Users/user/Library/Developer/Xcode/DerivedData/BestBefore_Prototype_IOS-gtponiwkrvabdfckstwbtylpgrqh/Build/Intermediates.noindex/GoogleDataTransport.build/Debug-iphonesimulator/GoogleDataTransport_GoogleDataTransport.build/empty-GoogleDataTransport_GoogleDataTransport.plist (in target 'GoogleDataTransport_GoogleDataTransport' from project 'GoogleDataTransport')
    cd /Users/user/Library/Developer/Xcode/DerivedData/BestBefore_Prototype_IOS-gtponiwkrvabdfckstwbtylpgrqh/SourcePackages/checkouts/GoogleDataTransport
    builtin-infoPlistUtility /Users/user/Library/Developer/Xcode/DerivedData/BestBefore_Prototype_IOS-gtponiwkrvabdfckstwbtylpgrqh/Build/Intermediates.noindex/GoogleDataTransport.build/Debug-iphonesimulator/GoogleDataTransport_GoogleDataTransport.build/empty-GoogleDataTransport_GoogleDataTransport.plist -producttype com.apple.product-type.bundle -expandbuildsettings -format binary -platform iphonesimulator -o /Users/user/Library/Developer/Xcode/DerivedData/BestBefore_Prototype_IOS-gtponiwkrvabdfckstwbtylpgrqh/Build/Products/Debug-iphonesimulator/GoogleDataTransport_GoogleDataTransport.bundle/Info.plist

ProcessInfoPlistFile /Users/user/Library/Developer/Xcode/DerivedData/BestBefore_Prototype_IOS-gtponiwkrvabdfckstwbtylpgrqh/Build/Products/Debug-iphonesimulator/GoogleUtilities_GoogleUtilities-AppDelegateSwizzler.bundle/Info.plist /Users/user/Library/Developer/Xcode/DerivedData/BestBefore_Prototype_IOS-gtponiwkrvabdfckstwbtylpgrqh/Build/Intermediates.noindex/GoogleUtilities.build/Debug-iphonesimulator/GoogleUtilities_GoogleUtilities-AppDelegateSwizzler.build/empty-GoogleUtilities_GoogleUtilities-AppDelegateSwizzler.plist (in target 'GoogleUtilities_GoogleUtilities-AppDelegateSwizzler' from project 'GoogleUtilities')
    cd /Users/user/Library/Developer/Xcode/DerivedData/BestBefore_Prototype_IOS-gtponiwkrvabdfckstwbtylpgrqh/SourcePackages/checkouts/GoogleUtilities
    builtin-infoPlistUtility /Users/user/Library/Developer/Xcode/DerivedData/BestBefore_Prototype_IOS-gtponiwkrvabdfckstwbtylpgrqh/Build/Intermediates.noindex/GoogleUtilities.build/Debug-iphonesimulator/GoogleUtilities_GoogleUtilities-AppDelegateSwizzler.build/empty-GoogleUtilities_GoogleUtilities-AppDelegateSwizzler.plist -producttype com.apple.product-type.bundle -expandbuildsettings -format binary -platform iphonesimulator -o /Users/user/Library/Developer/Xcode/DerivedData/BestBefore_Prototype_IOS-gtponiwkrvabdfckstwbtylpgrqh/Build/Products/Debug-iphonesimulator/GoogleUtilities_GoogleUtilities-AppDelegateSwizzler.bundle/Info.plist

ProcessInfoPlistFile /Users/user/Library/Developer/Xcode/DerivedData/BestBefore_Prototype_IOS-gtponiwkrvabdfckstwbtylpgrqh/Build/Products/Debug-iphonesimulator/GTMSessionFetcher_GTMSessionFetcherCore.bundle/Info.plist /Users/user/Library/Developer/Xcode/DerivedData/BestBefore_Prototype_IOS-gtponiwkrvabdfckstwbtylpgrqh/Build/Intermediates.noindex/GTMSessionFetcher.build/Debug-iphonesimulator/GTMSessionFetcher_GTMSessionFetcherCore.build/empty-GTMSessionFetcher_GTMSessionFetcherCore.plist (in target 'GTMSessionFetcher_GTMSessionFetcherCore' from project 'GTMSessionFetcher')
    cd /Users/user/Library/Developer/Xcode/DerivedData/BestBefore_Prototype_IOS-gtponiwkrvabdfckstwbtylpgrqh/SourcePackages/checkouts/gtm-session-fetcher
    builtin-infoPlistUtility /Users/user/Library/Developer/Xcode/DerivedData/BestBefore_Prototype_IOS-gtponiwkrvabdfckstwbtylpgrqh/Build/Intermediates.noindex/GTMSessionFetcher.build/Debug-iphonesimulator/GTMSessionFetcher_GTMSessionFetcherCore.build/empty-GTMSessionFetcher_GTMSessionFetcherCore.plist -producttype com.apple.product-type.bundle -expandbuildsettings -format binary -platform iphonesimulator -o /Users/user/Library/Developer/Xcode/DerivedData/BestBefore_Prototype_IOS-gtponiwkrvabdfckstwbtylpgrqh/Build/Products/Debug-iphonesimulator/GTMSessionFetcher_GTMSessionFetcherCore.bundle/Info.plist

ProcessInfoPlistFile /Users/user/Library/Developer/Xcode/DerivedData/BestBefore_Prototype_IOS-gtponiwkrvabdfckstwbtylpgrqh/Build/Products/Debug-iphonesimulator/Firebase_FirebaseMessaging.bundle/Info.plist /Users/user/Library/Developer/Xcode/DerivedData/BestBefore_Prototype_IOS-gtponiwkrvabdfckstwbtylpgrqh/Build/Intermediates.noindex/Firebase.build/Debug-iphonesimulator/Firebase_FirebaseMessaging.build/empty-Firebase_FirebaseMessaging.plist (in target 'Firebase_FirebaseMessaging' from project 'Firebase')
    cd /Users/user/Library/Developer/Xcode/DerivedData/BestBefore_Prototype_IOS-gtponiwkrvabdfckstwbtylpgrqh/SourcePackages/checkouts/firebase-ios-sdk
    builtin-infoPlistUtility /Users/user/Library/Developer/Xcode/DerivedData/BestBefore_Prototype_IOS-gtponiwkrvabdfckstwbtylpgrqh/Build/Intermediates.noindex/Firebase.build/Debug-iphonesimulator/Firebase_FirebaseMessaging.build/empty-Firebase_FirebaseMessaging.plist -producttype com.apple.product-type.bundle -expandbuildsettings -format binary -platform iphonesimulator -o /Users/user/Library/Developer/Xcode/DerivedData/BestBefore_Prototype_IOS-gtponiwkrvabdfckstwbtylpgrqh/Build/Products/Debug-iphonesimulator/Firebase_FirebaseMessaging.bundle/Info.plist

ProcessInfoPlistFile /Users/user/Library/Developer/Xcode/DerivedData/BestBefore_Prototype_IOS-gtponiwkrvabdfckstwbtylpgrqh/Build/Products/Debug-iphonesimulator/Firebase_FirebaseInstallations.bundle/Info.plist /Users/user/Library/Developer/Xcode/DerivedData/BestBefore_Prototype_IOS-gtponiwkrvabdfckstwbtylpgrqh/Build/Intermediates.noindex/Firebase.build/Debug-iphonesimulator/Firebase_FirebaseInstallations.build/empty-Firebase_FirebaseInstallations.plist (in target 'Firebase_FirebaseInstallations' from project 'Firebase')
    cd /Users/user/Library/Developer/Xcode/DerivedData/BestBefore_Prototype_IOS-gtponiwkrvabdfckstwbtylpgrqh/SourcePackages/checkouts/firebase-ios-sdk
    builtin-infoPlistUtility /Users/user/Library/Developer/Xcode/DerivedData/BestBefore_Prototype_IOS-gtponiwkrvabdfckstwbtylpgrqh/Build/Intermediates.noindex/Firebase.build/Debug-iphonesimulator/Firebase_FirebaseInstallations.build/empty-Firebase_FirebaseInstallations.plist -producttype com.apple.product-type.bundle -expandbuildsettings -format binary -platform iphonesimulator -o /Users/user/Library/Developer/Xcode/DerivedData/BestBefore_Prototype_IOS-gtponiwkrvabdfckstwbtylpgrqh/Build/Products/Debug-iphonesimulator/Firebase_FirebaseInstallations.bundle/Info.plist

ProcessInfoPlistFile /Users/user/Library/Developer/Xcode/DerivedData/BestBefore_Prototype_IOS-gtponiwkrvabdfckstwbtylpgrqh/Build/Products/Debug-iphonesimulator/Firebase_FirebaseCoreInternal.bundle/Info.plist /Users/user/Library/Developer/Xcode/DerivedData/BestBefore_Prototype_IOS-gtponiwkrvabdfckstwbtylpgrqh/Build/Intermediates.noindex/Firebase.build/Debug-iphonesimulator/Firebase_FirebaseCoreInternal.build/empty-Firebase_FirebaseCoreInternal.plist (in target 'Firebase_FirebaseCoreInternal' from project 'Firebase')
    cd /Users/user/Library/Developer/Xcode/DerivedData/BestBefore_Prototype_IOS-gtponiwkrvabdfckstwbtylpgrqh/SourcePackages/checkouts/firebase-ios-sdk
    builtin-infoPlistUtility /Users/user/Library/Developer/Xcode/DerivedData/BestBefore_Prototype_IOS-gtponiwkrvabdfckstwbtylpgrqh/Build/Intermediates.noindex/Firebase.build/Debug-iphonesimulator/Firebase_FirebaseCoreInternal.build/empty-Firebase_FirebaseCoreInternal.plist -producttype com.apple.product-type.bundle -expandbuildsettings -format binary -platform iphonesimulator -o /Users/user/Library/Developer/Xcode/DerivedData/BestBefore_Prototype_IOS-gtponiwkrvabdfckstwbtylpgrqh/Build/Products/Debug-iphonesimulator/Firebase_FirebaseCoreInternal.bundle/Info.plist

ProcessInfoPlistFile /Users/user/Library/Developer/Xcode/DerivedData/BestBefore_Prototype_IOS-gtponiwkrvabdfckstwbtylpgrqh/Build/Products/Debug-iphonesimulator/Firebase_FirebaseCoreExtension.bundle/Info.plist /Users/user/Library/Developer/Xcode/DerivedData/BestBefore_Prototype_IOS-gtponiwkrvabdfckstwbtylpgrqh/Build/Intermediates.noindex/Firebase.build/Debug-iphonesimulator/Firebase_FirebaseCoreExtension.build/empty-Firebase_FirebaseCoreExtension.plist (in target 'Firebase_FirebaseCoreExtension' from project 'Firebase')
    cd /Users/user/Library/Developer/Xcode/DerivedData/BestBefore_Prototype_IOS-gtponiwkrvabdfckstwbtylpgrqh/SourcePackages/checkouts/firebase-ios-sdk
    builtin-infoPlistUtility /Users/user/Library/Developer/Xcode/DerivedData/BestBefore_Prototype_IOS-gtponiwkrvabdfckstwbtylpgrqh/Build/Intermediates.noindex/Firebase.build/Debug-iphonesimulator/Firebase_FirebaseCoreExtension.build/empty-Firebase_FirebaseCoreExtension.plist -producttype com.apple.product-type.bundle -expandbuildsettings -format binary -platform iphonesimulator -o /Users/user/Library/Developer/Xcode/DerivedData/BestBefore_Prototype_IOS-gtponiwkrvabdfckstwbtylpgrqh/Build/Products/Debug-iphonesimulator/Firebase_FirebaseCoreExtension.bundle/Info.plist

ProcessInfoPlistFile /Users/user/Library/Developer/Xcode/DerivedData/BestBefore_Prototype_IOS-gtponiwkrvabdfckstwbtylpgrqh/Build/Products/Debug-iphonesimulator/Firebase_FirebaseCore.bundle/Info.plist /Users/user/Library/Developer/Xcode/DerivedData/BestBefore_Prototype_IOS-gtponiwkrvabdfckstwbtylpgrqh/Build/Intermediates.noindex/Firebase.build/Debug-iphonesimulator/Firebase_FirebaseCore.build/empty-Firebase_FirebaseCore.plist (in target 'Firebase_FirebaseCore' from project 'Firebase')
    cd /Users/user/Library/Developer/Xcode/DerivedData/BestBefore_Prototype_IOS-gtponiwkrvabdfckstwbtylpgrqh/SourcePackages/checkouts/firebase-ios-sdk
    builtin-infoPlistUtility /Users/user/Library/Developer/Xcode/DerivedData/BestBefore_Prototype_IOS-gtponiwkrvabdfckstwbtylpgrqh/Build/Intermediates.noindex/Firebase.build/Debug-iphonesimulator/Firebase_FirebaseCore.build/empty-Firebase_FirebaseCore.plist -producttype com.apple.product-type.bundle -expandbuildsettings -format binary -platform iphonesimulator -o /Users/user/Library/Developer/Xcode/DerivedData/BestBefore_Prototype_IOS-gtponiwkrvabdfckstwbtylpgrqh/Build/Products/Debug-iphonesimulator/Firebase_FirebaseCore.bundle/Info.plist

ProcessInfoPlistFile /Users/user/Library/Developer/Xcode/DerivedData/BestBefore_Prototype_IOS-gtponiwkrvabdfckstwbtylpgrqh/Build/Products/Debug-iphonesimulator/Firebase_FirebaseAuth.bundle/Info.plist /Users/user/Library/Developer/Xcode/DerivedData/BestBefore_Prototype_IOS-gtponiwkrvabdfckstwbtylpgrqh/Build/Intermediates.noindex/Firebase.build/Debug-iphonesimulator/Firebase_FirebaseAuth.build/empty-Firebase_FirebaseAuth.plist (in target 'Firebase_FirebaseAuth' from project 'Firebase')
    cd /Users/user/Library/Developer/Xcode/DerivedData/BestBefore_Prototype_IOS-gtponiwkrvabdfckstwbtylpgrqh/SourcePackages/checkouts/firebase-ios-sdk
    builtin-infoPlistUtility /Users/user/Library/Developer/Xcode/DerivedData/BestBefore_Prototype_IOS-gtponiwkrvabdfckstwbtylpgrqh/Build/Intermediates.noindex/Firebase.build/Debug-iphonesimulator/Firebase_FirebaseAuth.build/empty-Firebase_FirebaseAuth.plist -producttype com.apple.product-type.bundle -expandbuildsettings -format binary -platform iphonesimulator -o /Users/user/Library/Developer/Xcode/DerivedData/BestBefore_Prototype_IOS-gtponiwkrvabdfckstwbtylpgrqh/Build/Products/Debug-iphonesimulator/Firebase_FirebaseAuth.bundle/Info.plist

ScanDependencies /Users/user/Library/Developer/Xcode/DerivedData/BestBefore_Prototype_IOS-gtponiwkrvabdfckstwbtylpgrqh/Build/Intermediates.noindex/GoogleDataTransport.build/Debug-iphonesimulator/GoogleDataTransport.build/Objects-normal/arm64/GDTCORClock.o /Users/user/Library/Developer/Xcode/DerivedData/BestBefore_Prototype_IOS-gtponiwkrvabdfckstwbtylpgrqh/SourcePackages/checkouts/GoogleDataTransport/GoogleDataTransport/GDTCORLibrary/GDTCORClock.m normal arm64 objective-c com.apple.compilers.llvm.clang.1_0.compiler (in target 'GoogleDataTransport' from project 'GoogleDataTransport')
    cd /Users/user/Downloads/BestBefore_Prototype_IOS\ 4/BestBefore_Prototype_IOS.xcodeproj
    
    Using response file: /Users/user/Library/Developer/Xcode/DerivedData/BestBefore_Prototype_IOS-gtponiwkrvabdfckstwbtylpgrqh/Build/Intermediates.noindex/GoogleDataTransport.build/Debug-iphonesimulator/GoogleDataTransport.build/Objects-normal/arm64/e6072d4f65d7061329687fe24e3d63a7-common-args.resp
    
    builtin-ScanDependencies -o /Users/user/Library/Developer/Xcode/DerivedData/BestBefore_Prototype_IOS-gtponiwkrvabdfckstwbtylpgrqh/Build/Intermediates.noindex/GoogleDataTransport.build/Debug-iphonesimulator/GoogleDataTransport.build/Objects-normal/arm64/GDTCORClock.o.scan -- /Applications/Xcode.app/Contents/Developer/Toolchains/XcodeDefault.xctoolchain/usr/bin/clang -x objective-c -ivfsstatcache /Users/user/Library/Developer/Xcode/DerivedData/SDKStatCaches.noindex/iphonesimulator26.4-23E237-688ef53f1462e2c8f657fdc38a81448f686eebb5dc1d8ecb277353a59184f4aa.sdkstatcache -target arm64-apple-ios12.0-simulator -fmessage-length\=0 -fdiagnostics-show-note-include-stack -fmacro-backtrace-limit\=0 -fno-color-diagnostics -fmodules-prune-interval\=86400 -fmodules-prune-after\=345600 -fbuild-session-file\=/Users/user/Library/Developer/Xcode/DerivedData/ModuleCache.noindex/Session.modulevalidation -fmodules-validate-once-per-build-session -Wnon-modular-include-in-framework-module -Werror\=non-modular-include-in-framework-module -Wno-trigraphs -Wno-missing-field-initializers -Wno-missing-prototypes -Wno-return-type -Wno-implicit-atomic-properties -Wno-objc-interface-ivars -Wno-arc-repeated-use-of-weak -Wno-missing-braces -Wparentheses -Wswitch -Wno-unused-function -Wno-unused-label -Wno-unused-parameter -Wno-unused-variable -Wunused-value -Wno-empty-body -Wno-uninitialized -Wno-unknown-pragmas -w -Wno-shadow -Wno-four-char-constants -Wno-conversion -Wno-constant-conversion -Wno-int-conversion -Wno-bool-conversion -Wno-enum-conversion -Wno-float-conversion -Wno-non-literal-null-conversion -Wno-objc-literal-conversion -Wshorten-64-to-32 -Wpointer-sign -Wno-newline-eof -Wno-selector -Wno-strict-selector-match -Wno-undeclared-selector -Wno-deprecated-implementations -Wno-implicit-fallthrough -isysroot /Applications/Xcode.app/Contents/Developer/Platforms/iPhoneSimulator.platform/Developer/SDKs/iPhoneSimulator26.4.sdk -fstrict-aliasing -Wprotocol -Wdeprecated-declarations -Wno-sign-conversion -Wno-infinite-recursion -Wno-comma -Wno-block-capture-autoreleasing -Wno-strict-prototypes -Wno-semicolon-before-method-body -index-store-path /Users/user/Library/Developer/Xcode/DerivedData/BestBefore_Prototype_IOS-gtponiwkrvabdfckstwbtylpgrqh/Index.noindex/DataStore @/Users/user/Library/Developer/Xcode/DerivedData/BestBefore_Prototype_IOS-gtponiwkrvabdfckstwbtylpgrqh/Build/Intermediates.noindex/GoogleDataTransport.build/Debug-iphonesimulator/GoogleDataTransport.build/Objects-normal/arm64/e6072d4f65d7061329687fe24e3d63a7-common-args.resp -include /Users/user/Library/Developer/Xcode/DerivedData/BestBefore_Prototype_IOS-gtponiwkrvabdfckstwbtylpgrqh/Build/Intermediates.noindex/GoogleDataTransport.build/Debug-iphonesimulator/GoogleDataTransport.build/DerivedSources/resource_bundle_accessor.h -MMD -MT dependencies -MF /Users/user/Library/Developer/Xcode/DerivedData/BestBefore_Prototype_IOS-gtponiwkrvabdfckstwbtylpgrqh/Build/Intermediates.noindex/GoogleDataTransport.build/Debug-iphonesimulator/GoogleDataTransport.build/Objects-normal/arm64/GDTCORClock.d --serialize-diagnostics /Users/user/Library/Developer/Xcode/DerivedData/BestBefore_Prototype_IOS-gtponiwkrvabdfckstwbtylpgrqh/Build/Intermediates.noindex/GoogleDataTransport.build/Debug-iphonesimulator/GoogleDataTransport.build/Objects-normal/arm64/GDTCORClock.dia -c /Users/user/Library/Developer/Xcode/DerivedData/BestBefore_Prototype_IOS-gtponiwkrvabdfckstwbtylpgrqh/SourcePackages/checkouts/GoogleDataTransport/GoogleDataTransport/GDTCORLibrary/GDTCORClock.m -o /Users/user/Library/Developer/Xcode/DerivedData/BestBefore_Prototype_IOS-gtponiwkrvabdfckstwbtylpgrqh/Build/Intermediates.noindex/GoogleDataTransport.build/Debug-iphonesimulator/GoogleDataTransport.build/Objects-normal/arm64/GDTCORClock.o -index-unit-output-path /GoogleDataTransport.build/Debug-iphonesimulator/GoogleDataTransport.build/Objects-normal/arm64/GDTCORClock.o

ScanDependencies /Users/user/Library/Developer/Xcode/DerivedData/BestBefore_Prototype_IOS-gtponiwkrvabdfckstwbtylpgrqh/Build/Intermediates.noindex/GoogleDataTransport.build/Debug-iphonesimulator/GoogleDataTransport.build/Objects-normal/arm64/GDTCORConsoleLogger.o /Users/user/Library/Developer/Xcode/DerivedData/BestBefore_Prototype_IOS-gtponiwkrvabdfckstwbtylpgrqh/SourcePackages/checkouts/GoogleDataTransport/GoogleDataTransport/GDTCORLibrary/GDTCORConsoleLogger.m normal arm64 objective-c com.apple.compilers.llvm.clang.1_0.compiler (in target 'GoogleDataTransport' from project 'GoogleDataTransport')
    cd /Users/user/Downloads/BestBefore_Prototype_IOS\ 4/BestBefore_Prototype_IOS.xcodeproj
    
    Using response file: /Users/user/Library/Developer/Xcode/DerivedData/BestBefore_Prototype_IOS-gtponiwkrvabdfckstwbtylpgrqh/Build/Intermediates.noindex/GoogleDataTransport.build/Debug-iphonesimulator/GoogleDataTransport.build/Objects-normal/arm64/e6072d4f65d7061329687fe24e3d63a7-common-args.resp
    
    builtin-ScanDependencies -o /Users/user/Library/Developer/Xcode/DerivedData/BestBefore_Prototype_IOS-gtponiwkrvabdfckstwbtylpgrqh/Build/Intermediates.noindex/GoogleDataTransport.build/Debug-iphonesimulator/GoogleDataTransport.build/Objects-normal/arm64/GDTCORConsoleLogger.o.scan -- /Applications/Xcode.app/Contents/Developer/Toolchains/XcodeDefault.xctoolchain/usr/bin/clang -x objective-c -ivfsstatcache /Users/user/Library/Developer/Xcode/DerivedData/SDKStatCaches.noindex/iphonesimulator26.4-23E237-688ef53f1462e2c8f657fdc38a81448f686eebb5dc1d8ecb277353a59184f4aa.sdkstatcache -target arm64-apple-ios12.0-simulator -fmessage-length\=0 -fdiagnostics-show-note-include-stack -fmacro-backtrace-limit\=0 -fno-color-diagnostics -fmodules-prune-interval\=86400 -fmodules-prune-after\=345600 -fbuild-session-file\=/Users/user/Library/Developer/Xcode/DerivedData/ModuleCache.noindex/Session.modulevalidation -fmodules-validate-once-per-build-session -Wnon-modular-include-in-framework-module -Werror\=non-modular-include-in-framework-module -Wno-trigraphs -Wno-missing-field-initializers -Wno-missing-prototypes -Wno-return-type -Wno-implicit-atomic-properties -Wno-objc-interface-ivars -Wno-arc-repeated-use-of-weak -Wno-missing-braces -Wparentheses -Wswitch -Wno-unused-function -Wno-unused-label -Wno-unused-parameter -Wno-unused-variable -Wunused-value -Wno-empty-body -Wno-uninitialized -Wno-unknown-pragmas -w -Wno-shadow -Wno-four-char-constants -Wno-conversion -Wno-constant-conversion -Wno-int-conversion -Wno-bool-conversion -Wno-enum-conversion -Wno-float-conversion -Wno-non-literal-null-conversion -Wno-objc-literal-conversion -Wshorten-64-to-32 -Wpointer-sign -Wno-newline-eof -Wno-selector -Wno-strict-selector-match -Wno-undeclared-selector -Wno-deprecated-implementations -Wno-implicit-fallthrough -isysroot /Applications/Xcode.app/Contents/Developer/Platforms/iPhoneSimulator.platform/Developer/SDKs/iPhoneSimulator26.4.sdk -fstrict-aliasing -Wprotocol -Wdeprecated-declarations -Wno-sign-conversion -Wno-infinite-recursion -Wno-comma -Wno-block-capture-autoreleasing -Wno-strict-prototypes -Wno-semicolon-before-method-body -index-store-path /Users/user/Library/Developer/Xcode/DerivedData/BestBefore_Prototype_IOS-gtponiwkrvabdfckstwbtylpgrqh/Index.noindex/DataStore @/Users/user/Library/Developer/Xcode/DerivedData/BestBefore_Prototype_IOS-gtponiwkrvabdfckstwbtylpgrqh/Build/Intermediates.noindex/GoogleDataTransport.build/Debug-iphonesimulator/GoogleDataTransport.build/Objects-normal/arm64/e6072d4f65d7061329687fe24e3d63a7-common-args.resp -include /Users/user/Library/Developer/Xcode/DerivedData/BestBefore_Prototype_IOS-gtponiwkrvabdfckstwbtylpgrqh/Build/Intermediates.noindex/GoogleDataTransport.build/Debug-iphonesimulator/GoogleDataTransport.build/DerivedSources/resource_bundle_accessor.h -MMD -MT dependencies -MF /Users/user/Library/Developer/Xcode/DerivedData/BestBefore_Prototype_IOS-gtponiwkrvabdfckstwbtylpgrqh/Build/Intermediates.noindex/GoogleDataTransport.build/Debug-iphonesimulator/GoogleDataTransport.build/Objects-normal/arm64/GDTCORConsoleLogger.d --serialize-diagnostics /Users/user/Library/Developer/Xcode/DerivedData/BestBefore_Prototype_IOS-gtponiwkrvabdfckstwbtylpgrqh/Build/Intermediates.noindex/GoogleDataTransport.build/Debug-iphonesimulator/GoogleDataTransport.build/Objects-normal/arm64/GDTCORConsoleLogger.dia -c /Users/user/Library/Developer/Xcode/DerivedData/BestBefore_Prototype_IOS-gtponiwkrvabdfckstwbtylpgrqh/SourcePackages/checkouts/GoogleDataTransport/GoogleDataTransport/GDTCORLibrary/GDTCORConsoleLogger.m -o /Users/user/Library/Developer/Xcode/DerivedData/BestBefore_Prototype_IOS-gtponiwkrvabdfckstwbtylpgrqh/Build/Intermediates.noindex/GoogleDataTransport.build/Debug-iphonesimulator/GoogleDataTransport.build/Objects-normal/arm64/GDTCORConsoleLogger.o -index-unit-output-path /GoogleDataTransport.build/Debug-iphonesimulator/GoogleDataTransport.build/Objects-normal/arm64/GDTCORConsoleLogger.o

ScanDependencies /Users/user/Library/Developer/Xcode/DerivedData/BestBefore_Prototype_IOS-gtponiwkrvabdfckstwbtylpgrqh/Build/Intermediates.noindex/GoogleDataTransport.build/Debug-iphonesimulator/GoogleDataTransport.build/Objects-normal/arm64/GDTCORAssert.o /Users/user/Library/Developer/Xcode/DerivedData/BestBefore_Prototype_IOS-gtponiwkrvabdfckstwbtylpgrqh/SourcePackages/checkouts/GoogleDataTransport/GoogleDataTransport/GDTCORLibrary/GDTCORAssert.m normal arm64 objective-c com.apple.compilers.llvm.clang.1_0.compiler (in target 'GoogleDataTransport' from project 'GoogleDataTransport')
    cd /Users/user/Downloads/BestBefore_Prototype_IOS\ 4/BestBefore_Prototype_IOS.xcodeproj
    
    Using response file: /Users/user/Library/Developer/Xcode/DerivedData/BestBefore_Prototype_IOS-gtponiwkrvabdfckstwbtylpgrqh/Build/Intermediates.noindex/GoogleDataTransport.build/Debug-iphonesimulator/GoogleDataTransport.build/Objects-normal/arm64/e6072d4f65d7061329687fe24e3d63a7-common-args.resp
    
    builtin-ScanDependencies -o /Users/user/Library/Developer/Xcode/DerivedData/BestBefore_Prototype_IOS-gtponiwkrvabdfckstwbtylpgrqh/Build/Intermediates.noindex/GoogleDataTransport.build/Debug-iphonesimulator/GoogleDataTransport.build/Objects-normal/arm64/GDTCORAssert.o.scan -- /Applications/Xcode.app/Contents/Developer/Toolchains/XcodeDefault.xctoolchain/usr/bin/clang -x objective-c -ivfsstatcache /Users/user/Library/Developer/Xcode/DerivedData/SDKStatCaches.noindex/iphonesimulator26.4-23E237-688ef53f1462e2c8f657fdc38a81448f686eebb5dc1d8ecb277353a59184f4aa.sdkstatcache -target arm64-apple-ios12.0-simulator -fmessage-length\=0 -fdiagnostics-show-note-include-stack -fmacro-backtrace-limit\=0 -fno-color-diagnostics -fmodules-prune-interval\=86400 -fmodules-prune-after\=345600 -fbuild-session-file\=/Users/user/Library/Developer/Xcode/DerivedData/ModuleCache.noindex/Session.modulevalidation -fmodules-validate-once-per-build-session -Wnon-modular-include-in-framework-module -Werror\=non-modular-include-in-framework-module -Wno-trigraphs -Wno-missing-field-initializers -Wno-missing-prototypes -Wno-return-type -Wno-implicit-atomic-properties -Wno-objc-interface-ivars -Wno-arc-repeated-use-of-weak -Wno-missing-braces -Wparentheses -Wswitch -Wno-unused-function -Wno-unused-label -Wno-unused-parameter -Wno-unused-variable -Wunused-value -Wno-empty-body -Wno-uninitialized -Wno-unknown-pragmas -w -Wno-shadow -Wno-four-char-constants -Wno-conversion -Wno-constant-conversion -Wno-int-conversion -Wno-bool-conversion -Wno-enum-conversion -Wno-float-conversion -Wno-non-literal-null-conversion -Wno-objc-literal-conversion -Wshorten-64-to-32 -Wpointer-sign -Wno-newline-eof -Wno-selector -Wno-strict-selector-match -Wno-undeclared-selector -Wno-deprecated-implementations -Wno-implicit-fallthrough -isysroot /Applications/Xcode.app/Contents/Developer/Platforms/iPhoneSimulator.platform/Developer/SDKs/iPhoneSimulator26.4.sdk -fstrict-aliasing -Wprotocol -Wdeprecated-declarations -Wno-sign-conversion -Wno-infinite-recursion -Wno-comma -Wno-block-capture-autoreleasing -Wno-strict-prototypes -Wno-semicolon-before-method-body -index-store-path /Users/user/Library/Developer/Xcode/DerivedData/BestBefore_Prototype_IOS-gtponiwkrvabdfckstwbtylpgrqh/Index.noindex/DataStore @/Users/user/Library/Developer/Xcode/DerivedData/BestBefore_Prototype_IOS-gtponiwkrvabdfckstwbtylpgrqh/Build/Intermediates.noindex/GoogleDataTransport.build/Debug-iphonesimulator/GoogleDataTransport.build/Objects-normal/arm64/e6072d4f65d7061329687fe24e3d63a7-common-args.resp -include /Users/user/Library/Developer/Xcode/DerivedData/BestBefore_Prototype_IOS-gtponiwkrvabdfckstwbtylpgrqh/Build/Intermediates.noindex/GoogleDataTransport.build/Debug-iphonesimulator/GoogleDataTransport.build/DerivedSources/resource_bundle_accessor.h -MMD -MT dependencies -MF /Users/user/Library/Developer/Xcode/DerivedData/BestBefore_Prototype_IOS-gtponiwkrvabdfckstwbtylpgrqh/Build/Intermediates.noindex/GoogleDataTransport.build/Debug-iphonesimulator/GoogleDataTransport.build/Objects-normal/arm64/GDTCORAssert.d --serialize-diagnostics /Users/user/Library/Developer/Xcode/DerivedData/BestBefore_Prototype_IOS-gtponiwkrvabdfckstwbtylpgrqh/Build/Intermediates.noindex/GoogleDataTransport.build/Debug-iphonesimulator/GoogleDataTransport.build/Objects-normal/arm64/GDTCORAssert.dia -c /Users/user/Library/Developer/Xcode/DerivedData/BestBefore_Prototype_IOS-gtponiwkrvabdfckstwbtylpgrqh/SourcePackages/checkouts/GoogleDataTransport/GoogleDataTransport/GDTCORLibrary/GDTCORAssert.m -o /Users/user/Library/Developer/Xcode/DerivedData/BestBefore_Prototype_IOS-gtponiwkrvabdfckstwbtylpgrqh/Build/Intermediates.noindex/GoogleDataTransport.build/Debug-iphonesimulator/GoogleDataTransport.build/Objects-normal/arm64/GDTCORAssert.o -index-unit-output-path /GoogleDataTransport.build/Debug-iphonesimulator/GoogleDataTransport.build/Objects-normal/arm64/GDTCORAssert.o

ScanDependencies /Users/user/Library/Developer/Xcode/DerivedData/BestBefore_Prototype_IOS-gtponiwkrvabdfckstwbtylpgrqh/Build/Intermediates.noindex/GoogleDataTransport.build/Debug-iphonesimulator/GoogleDataTransport.build/Objects-normal/arm64/GDTCCTUploader.o /Users/user/Library/Developer/Xcode/DerivedData/BestBefore_Prototype_IOS-gtponiwkrvabdfckstwbtylpgrqh/SourcePackages/checkouts/GoogleDataTransport/GoogleDataTransport/GDTCCTLibrary/GDTCCTUploader.m normal arm64 objective-c com.apple.compilers.llvm.clang.1_0.compiler (in target 'GoogleDataTransport' from project 'GoogleDataTransport')
    cd /Users/user/Downloads/BestBefore_Prototype_IOS\ 4/BestBefore_Prototype_IOS.xcodeproj
    
    Using response file: /Users/user/Library/Developer/Xcode/DerivedData/BestBefore_Prototype_IOS-gtponiwkrvabdfckstwbtylpgrqh/Build/Intermediates.noindex/GoogleDataTransport.build/Debug-iphonesimulator/GoogleDataTransport.build/Objects-normal/arm64/e6072d4f65d7061329687fe24e3d63a7-common-args.resp
    
    builtin-ScanDependencies -o /Users/user/Library/Developer/Xcode/DerivedData/BestBefore_Prototype_IOS-gtponiwkrvabdfckstwbtylpgrqh/Build/Intermediates.noindex/GoogleDataTransport.build/Debug-iphonesimulator/GoogleDataTransport.build/Objects-normal/arm64/GDTCCTUploader.o.scan -- /Applications/Xcode.app/Contents/Developer/Toolchains/XcodeDefault.xctoolchain/usr/bin/clang -x objective-c -ivfsstatcache /Users/user/Library/Developer/Xcode/DerivedData/SDKStatCaches.noindex/iphonesimulator26.4-23E237-688ef53f1462e2c8f657fdc38a81448f686eebb5dc1d8ecb277353a59184f4aa.sdkstatcache -target arm64-apple-ios12.0-simulator -fmessage-length\=0 -fdiagnostics-show-note-include-stack -fmacro-backtrace-limit\=0 -fno-color-diagnostics -fmodules-prune-interval\=86400 -fmodules-prune-after\=345600 -fbuild-session-file\=/Users/user/Library/Developer/Xcode/DerivedData/ModuleCache.noindex/Session.modulevalidation -fmodules-validate-once-per-build-session -Wnon-modular-include-in-framework-module -Werror\=non-modular-include-in-framework-module -Wno-trigraphs -Wno-missing-field-initializers -Wno-missing-prototypes -Wno-return-type -Wno-implicit-atomic-properties -Wno-objc-interface-ivars -Wno-arc-repeated-use-of-weak -Wno-missing-braces -Wparentheses -Wswitch -Wno-unused-function -Wno-unused-label -Wno-unused-parameter -Wno-unused-variable -Wunused-value -Wno-empty-body -Wno-uninitialized -Wno-unknown-pragmas -w -Wno-shadow -Wno-four-char-constants -Wno-conversion -Wno-constant-conversion -Wno-int-conversion -Wno-bool-conversion -Wno-enum-conversion -Wno-float-conversion -Wno-non-literal-null-conversion -Wno-objc-literal-conversion -Wshorten-64-to-32 -Wpointer-sign -Wno-newline-eof -Wno-selector -Wno-strict-selector-match -Wno-undeclared-selector -Wno-deprecated-implementations -Wno-implicit-fallthrough -isysroot /Applications/Xcode.app/Contents/Developer/Platforms/iPhoneSimulator.platform/Developer/SDKs/iPhoneSimulator26.4.sdk -fstrict-aliasing -Wprotocol -Wdeprecated-declarations -Wno-sign-conversion -Wno-infinite-recursion -Wno-comma -Wno-block-capture-autoreleasing -Wno-strict-prototypes -Wno-semicolon-before-method-body -index-store-path /Users/user/Library/Developer/Xcode/DerivedData/BestBefore_Prototype_IOS-gtponiwkrvabdfckstwbtylpgrqh/Index.noindex/DataStore @/Users/user/Library/Developer/Xcode/DerivedData/BestBefore_Prototype_IOS-gtponiwkrvabdfckstwbtylpgrqh/Build/Intermediates.noindex/GoogleDataTransport.build/Debug-iphonesimulator/GoogleDataTransport.build/Objects-normal/arm64/e6072d4f65d7061329687fe24e3d63a7-common-args.resp -include /Users/user/Library/Developer/Xcode/DerivedData/BestBefore_Prototype_IOS-gtponiwkrvabdfckstwbtylpgrqh/Build/Intermediates.noindex/GoogleDataTransport.build/Debug-iphonesimulator/GoogleDataTransport.build/DerivedSources/resource_bundle_accessor.h -MMD -MT dependencies -MF /Users/user/Library/Developer/Xcode/DerivedData/BestBefore_Prototype_IOS-gtponiwkrvabdfckstwbtylpgrqh/Build/Intermediates.noindex/GoogleDataTransport.build/Debug-iphonesimulator/GoogleDataTransport.build/Objects-normal/arm64/GDTCCTUploader.d --serialize-diagnostics /Users/user/Library/Developer/Xcode/DerivedData/BestBefore_Prototype_IOS-gtponiwkrvabdfckstwbtylpgrqh/Build/Intermediates.noindex/GoogleDataTransport.build/Debug-iphonesimulator/GoogleDataTransport.build/Objects-normal/arm64/GDTCCTUploader.dia -c /Users/user/Library/Developer/Xcode/DerivedData/BestBefore_Prototype_IOS-gtponiwkrvabdfckstwbtylpgrqh/SourcePackages/checkouts/GoogleDataTransport/GoogleDataTransport/GDTCCTLibrary/GDTCCTUploader.m -o /Users/user/Library/Developer/Xcode/DerivedData/BestBefore_Prototype_IOS-gtponiwkrvabdfckstwbtylpgrqh/Build/Intermediates.noindex/GoogleDataTransport.build/Debug-iphonesimulator/GoogleDataTransport.build/Objects-normal/arm64/GDTCCTUploader.o -index-unit-output-path /GoogleDataTransport.build/Debug-iphonesimulator/GoogleDataTransport.build/Objects-normal/arm64/GDTCCTUploader.o

ScanDependencies /Users/user/Library/Developer/Xcode/DerivedData/BestBefore_Prototype_IOS-gtponiwkrvabdfckstwbtylpgrqh/Build/Intermediates.noindex/GoogleDataTransport.build/Debug-iphonesimulator/GoogleDataTransport.build/Objects-normal/arm64/GDTCCTUploadOperation.o /Users/user/Library/Developer/Xcode/DerivedData/BestBefore_Prototype_IOS-gtponiwkrvabdfckstwbtylpgrqh/SourcePackages/checkouts/GoogleDataTransport/GoogleDataTransport/GDTCCTLibrary/GDTCCTUploadOperation.m normal arm64 objective-c com.apple.compilers.llvm.clang.1_0.compiler (in target 'GoogleDataTransport' from project 'GoogleDataTransport')
    cd /Users/user/Downloads/BestBefore_Prototype_IOS\ 4/BestBefore_Prototype_IOS.xcodeproj
    
    Using response file: /Users/user/Library/Developer/Xcode/DerivedData/BestBefore_Prototype_IOS-gtponiwkrvabdfckstwbtylpgrqh/Build/Intermediates.noindex/GoogleDataTransport.build/Debug-iphonesimulator/GoogleDataTransport.build/Objects-normal/arm64/e6072d4f65d7061329687fe24e3d63a7-common-args.resp
    
    builtin-ScanDependencies -o /Users/user/Library/Developer/Xcode/DerivedData/BestBefore_Prototype_IOS-gtponiwkrvabdfckstwbtylpgrqh/Build/Intermediates.noindex/GoogleDataTransport.build/Debug-iphonesimulator/GoogleDataTransport.build/Objects-normal/arm64/GDTCCTUploadOperation.o.scan -- /Applications/Xcode.app/Contents/Developer/Toolchains/XcodeDefault.xctoolchain/usr/bin/clang -x objective-c -ivfsstatcache /Users/user/Library/Developer/Xcode/DerivedData/SDKStatCaches.noindex/iphonesimulator26.4-23E237-688ef53f1462e2c8f657fdc38a81448f686eebb5dc1d8ecb277353a59184f4aa.sdkstatcache -target arm64-apple-ios12.0-simulator -fmessage-length\=0 -fdiagnostics-show-note-include-stack -fmacro-backtrace-limit\=0 -fno-color-diagnostics -fmodules-prune-interval\=86400 -fmodules-prune-after\=345600 -fbuild-session-file\=/Users/user/Library/Developer/Xcode/DerivedData/ModuleCache.noindex/Session.modulevalidation -fmodules-validate-once-per-build-session -Wnon-modular-include-in-framework-module -Werror\=non-modular-include-in-framework-module -Wno-trigraphs -Wno-missing-field-initializers -Wno-missing-prototypes -Wno-return-type -Wno-implicit-atomic-properties -Wno-objc-interface-ivars -Wno-arc-repeated-use-of-weak -Wno-missing-braces -Wparentheses -Wswitch -Wno-unused-function -Wno-unused-label -Wno-unused-parameter -Wno-unused-variable -Wunused-value -Wno-empty-body -Wno-uninitialized -Wno-unknown-pragmas -w -Wno-shadow -Wno-four-char-constants -Wno-conversion -Wno-constant-conversion -Wno-int-conversion -Wno-bool-conversion -Wno-enum-conversion -Wno-float-conversion -Wno-non-literal-null-conversion -Wno-objc-literal-conversion -Wshorten-64-to-32 -Wpointer-sign -Wno-newline-eof -Wno-selector -Wno-strict-selector-match -Wno-undeclared-selector -Wno-deprecated-implementations -Wno-implicit-fallthrough -isysroot /Applications/Xcode.app/Contents/Developer/Platforms/iPhoneSimulator.platform/Developer/SDKs/iPhoneSimulator26.4.sdk -fstrict-aliasing -Wprotocol -Wdeprecated-declarations -Wno-sign-conversion -Wno-infinite-recursion -Wno-comma -Wno-block-capture-autoreleasing -Wno-strict-prototypes -Wno-semicolon-before-method-body -index-store-path /Users/user/Library/Developer/Xcode/DerivedData/BestBefore_Prototype_IOS-gtponiwkrvabdfckstwbtylpgrqh/Index.noindex/DataStore @/Users/user/Library/Developer/Xcode/DerivedData/BestBefore_Prototype_IOS-gtponiwkrvabdfckstwbtylpgrqh/Build/Intermediates.noindex/GoogleDataTransport.build/Debug-iphonesimulator/GoogleDataTransport.build/Objects-normal/arm64/e6072d4f65d7061329687fe24e3d63a7-common-args.resp -include /Users/user/Library/Developer/Xcode/DerivedData/BestBefore_Prototype_IOS-gtponiwkrvabdfckstwbtylpgrqh/Build/Intermediates.noindex/GoogleDataTransport.build/Debug-iphonesimulator/GoogleDataTransport.build/DerivedSources/resource_bundle_accessor.h -MMD -MT dependencies -MF /Users/user/Library/Developer/Xcode/DerivedData/BestBefore_Prototype_IOS-gtponiwkrvabdfckstwbtylpgrqh/Build/Intermediates.noindex/GoogleDataTransport.build/Debug-iphonesimulator/GoogleDataTransport.build/Objects-normal/arm64/GDTCCTUploadOperation.d --serialize-diagnostics /Users/user/Library/Developer/Xcode/DerivedData/BestBefore_Prototype_IOS-gtponiwkrvabdfckstwbtylpgrqh/Build/Intermediates.noindex/GoogleDataTransport.build/Debug-iphonesimulator/GoogleDataTransport.build/Objects-normal/arm64/GDTCCTUploadOperation.dia -c /Users/user/Library/Developer/Xcode/DerivedData/BestBefore_Prototype_IOS-gtponiwkrvabdfckstwbtylpgrqh/SourcePackages/checkouts/GoogleDataTransport/GoogleDataTransport/GDTCCTLibrary/GDTCCTUploadOperation.m -o /Users/user/Library/Developer/Xcode/DerivedData/BestBefore_Prototype_IOS-gtponiwkrvabdfckstwbtylpgrqh/Build/Intermediates.noindex/GoogleDataTransport.build/Debug-iphonesimulator/GoogleDataTransport.build/Objects-normal/arm64/GDTCCTUploadOperation.o -index-unit-output-path /GoogleDataTransport.build/Debug-iphonesimulator/GoogleDataTransport.build/Objects-normal/arm64/GDTCCTUploadOperation.o

ScanDependencies /Users/user/Library/Developer/Xcode/DerivedData/BestBefore_Prototype_IOS-gtponiwkrvabdfckstwbtylpgrqh/Build/Intermediates.noindex/GoogleDataTransport.build/Debug-iphonesimulator/GoogleDataTransport.build/Objects-normal/arm64/GDTCCTURLSessionDataResponse.o /Users/user/Library/Developer/Xcode/DerivedData/BestBefore_Prototype_IOS-gtponiwkrvabdfckstwbtylpgrqh/SourcePackages/checkouts/GoogleDataTransport/GoogleDataTransport/GDTCCTLibrary/GDTCCTURLSessionDataResponse.m normal arm64 objective-c com.apple.compilers.llvm.clang.1_0.compiler (in target 'GoogleDataTransport' from project 'GoogleDataTransport')
    cd /Users/user/Downloads/BestBefore_Prototype_IOS\ 4/BestBefore_Prototype_IOS.xcodeproj
    
    Using response file: /Users/user/Library/Developer/Xcode/DerivedData/BestBefore_Prototype_IOS-gtponiwkrvabdfckstwbtylpgrqh/Build/Intermediates.noindex/GoogleDataTransport.build/Debug-iphonesimulator/GoogleDataTransport.build/Objects-normal/arm64/e6072d4f65d7061329687fe24e3d63a7-common-args.resp
    
    builtin-ScanDependencies -o /Users/user/Library/Developer/Xcode/DerivedData/BestBefore_Prototype_IOS-gtponiwkrvabdfckstwbtylpgrqh/Build/Intermediates.noindex/GoogleDataTransport.build/Debug-iphonesimulator/GoogleDataTransport.build/Objects-normal/arm64/GDTCCTURLSessionDataResponse.o.scan -- /Applications/Xcode.app/Contents/Developer/Toolchains/XcodeDefault.xctoolchain/usr/bin/clang -x objective-c -ivfsstatcache /Users/user/Library/Developer/Xcode/DerivedData/SDKStatCaches.noindex/iphonesimulator26.4-23E237-688ef53f1462e2c8f657fdc38a81448f686eebb5dc1d8ecb277353a59184f4aa.sdkstatcache -target arm64-apple-ios12.0-simulator -fmessage-length\=0 -fdiagnostics-show-note-include-stack -fmacro-backtrace-limit\=0 -fno-color-diagnostics -fmodules-prune-interval\=86400 -fmodules-prune-after\=345600 -fbuild-session-file\=/Users/user/Library/Developer/Xcode/DerivedData/ModuleCache.noindex/Session.modulevalidation -fmodules-validate-once-per-build-session -Wnon-modular-include-in-framework-module -Werror\=non-modular-include-in-framework-module -Wno-trigraphs -Wno-missing-field-initializers -Wno-missing-prototypes -Wno-return-type -Wno-implicit-atomic-properties -Wno-objc-interface-ivars -Wno-arc-repeated-use-of-weak -Wno-missing-braces -Wparentheses -Wswitch -Wno-unused-function -Wno-unused-label -Wno-unused-parameter -Wno-unused-variable -Wunused-value -Wno-empty-body -Wno-uninitialized -Wno-unknown-pragmas -w -Wno-shadow -Wno-four-char-constants -Wno-conversion -Wno-constant-conversion -Wno-int-conversion -Wno-bool-conversion -Wno-enum-conversion -Wno-float-conversion -Wno-non-literal-null-conversion -Wno-objc-literal-conversion -Wshorten-64-to-32 -Wpointer-sign -Wno-newline-eof -Wno-selector -Wno-strict-selector-match -Wno-undeclared-selector -Wno-deprecated-implementations -Wno-implicit-fallthrough -isysroot /Applications/Xcode.app/Contents/Developer/Platforms/iPhoneSimulator.platform/Developer/SDKs/iPhoneSimulator26.4.sdk -fstrict-aliasing -Wprotocol -Wdeprecated-declarations -Wno-sign-conversion -Wno-infinite-recursion -Wno-comma -Wno-block-capture-autoreleasing -Wno-strict-prototypes -Wno-semicolon-before-method-body -index-store-path /Users/user/Library/Developer/Xcode/DerivedData/BestBefore_Prototype_IOS-gtponiwkrvabdfckstwbtylpgrqh/Index.noindex/DataStore @/Users/user/Library/Developer/Xcode/DerivedData/BestBefore_Prototype_IOS-gtponiwkrvabdfckstwbtylpgrqh/Build/Intermediates.noindex/GoogleDataTransport.build/Debug-iphonesimulator/GoogleDataTransport.build/Objects-normal/arm64/e6072d4f65d7061329687fe24e3d63a7-common-args.resp -include /Users/user/Library/Developer/Xcode/DerivedData/BestBefore_Prototype_IOS-gtponiwkrvabdfckstwbtylpgrqh/Build/Intermediates.noindex/GoogleDataTransport.build/Debug-iphonesimulator/GoogleDataTransport.build/DerivedSources/resource_bundle_accessor.h -MMD -MT dependencies -MF /Users/user/Library/Developer/Xcode/DerivedData/BestBefore_Prototype_IOS-gtponiwkrvabdfckstwbtylpgrqh/Build/Intermediates.noindex/GoogleDataTransport.build/Debug-iphonesimulator/GoogleDataTransport.build/Objects-normal/arm64/GDTCCTURLSessionDataResponse.d --serialize-diagnostics /Users/user/Library/Developer/Xcode/DerivedData/BestBefore_Prototype_IOS-gtponiwkrvabdfckstwbtylpgrqh/Build/Intermediates.noindex/GoogleDataTransport.build/Debug-iphonesimulator/GoogleDataTransport.build/Objects-normal/arm64/GDTCCTURLSessionDataResponse.dia -c /Users/user/Library/Developer/Xcode/DerivedData/BestBefore_Prototype_IOS-gtponiwkrvabdfckstwbtylpgrqh/SourcePackages/checkouts/GoogleDataTransport/GoogleDataTransport/GDTCCTLibrary/GDTCCTURLSessionDataResponse.m -o /Users/user/Library/Developer/Xcode/DerivedData/BestBefore_Prototype_IOS-gtponiwkrvabdfckstwbtylpgrqh/Build/Intermediates.noindex/GoogleDataTransport.build/Debug-iphonesimulator/GoogleDataTransport.build/Objects-normal/arm64/GDTCCTURLSessionDataResponse.o -index-unit-output-path /GoogleDataTransport.build/Debug-iphonesimulator/GoogleDataTransport.build/Objects-normal/arm64/GDTCCTURLSessionDataResponse.o

ScanDependencies /Users/user/Library/Developer/Xcode/DerivedData/BestBefore_Prototype_IOS-gtponiwkrvabdfckstwbtylpgrqh/Build/Intermediates.noindex/GoogleDataTransport.build/Debug-iphonesimulator/GoogleDataTransport.build/Objects-normal/arm64/GDTCCTNanopbHelpers.o /Users/user/Library/Developer/Xcode/DerivedData/BestBefore_Prototype_IOS-gtponiwkrvabdfckstwbtylpgrqh/SourcePackages/checkouts/GoogleDataTransport/GoogleDataTransport/GDTCCTLibrary/GDTCCTNanopbHelpers.m normal arm64 objective-c com.apple.compilers.llvm.clang.1_0.compiler (in target 'GoogleDataTransport' from project 'GoogleDataTransport')
    cd /Users/user/Downloads/BestBefore_Prototype_IOS\ 4/BestBefore_Prototype_IOS.xcodeproj
    
    Using response file: /Users/user/Library/Developer/Xcode/DerivedData/BestBefore_Prototype_IOS-gtponiwkrvabdfckstwbtylpgrqh/Build/Intermediates.noindex/GoogleDataTransport.build/Debug-iphonesimulator/GoogleDataTransport.build/Objects-normal/arm64/e6072d4f65d7061329687fe24e3d63a7-common-args.resp
    
    builtin-ScanDependencies -o /Users/user/Library/Developer/Xcode/DerivedData/BestBefore_Prototype_IOS-gtponiwkrvabdfckstwbtylpgrqh/Build/Intermediates.noindex/GoogleDataTransport.build/Debug-iphonesimulator/GoogleDataTransport.build/Objects-normal/arm64/GDTCCTNanopbHelpers.o.scan -- /Applications/Xcode.app/Contents/Developer/Toolchains/XcodeDefault.xctoolchain/usr/bin/clang -x objective-c -ivfsstatcache /Users/user/Library/Developer/Xcode/DerivedData/SDKStatCaches.noindex/iphonesimulator26.4-23E237-688ef53f1462e2c8f657fdc38a81448f686eebb5dc1d8ecb277353a59184f4aa.sdkstatcache -target arm64-apple-ios12.0-simulator -fmessage-length\=0 -fdiagnostics-show-note-include-stack -fmacro-backtrace-limit\=0 -fno-color-diagnostics -fmodules-prune-interval\=86400 -fmodules-prune-after\=345600 -fbuild-session-file\=/Users/user/Library/Developer/Xcode/DerivedData/ModuleCache.noindex/Session.modulevalidation -fmodules-validate-once-per-build-session -Wnon-modular-include-in-framework-module -Werror\=non-modular-include-in-framework-module -Wno-trigraphs -Wno-missing-field-initializers -Wno-missing-prototypes -Wno-return-type -Wno-implicit-atomic-properties -Wno-objc-interface-ivars -Wno-arc-repeated-use-of-weak -Wno-missing-braces -Wparentheses -Wswitch -Wno-unused-function -Wno-unused-label -Wno-unused-parameter -Wno-unused-variable -Wunused-value -Wno-empty-body -Wno-uninitialized -Wno-unknown-pragmas -w -Wno-shadow -Wno-four-char-constants -Wno-conversion -Wno-constant-conversion -Wno-int-conversion -Wno-bool-conversion -Wno-enum-conversion -Wno-float-conversion -Wno-non-literal-null-conversion -Wno-objc-literal-conversion -Wshorten-64-to-32 -Wpointer-sign -Wno-newline-eof -Wno-selector -Wno-strict-selector-match -Wno-undeclared-selector -Wno-deprecated-implementations -Wno-implicit-fallthrough -isysroot /Applications/Xcode.app/Contents/Developer/Platforms/iPhoneSimulator.platform/Developer/SDKs/iPhoneSimulator26.4.sdk -fstrict-aliasing -Wprotocol -Wdeprecated-declarations -Wno-sign-conversion -Wno-infinite-recursion -Wno-comma -Wno-block-capture-autoreleasing -Wno-strict-prototypes -Wno-semicolon-before-method-body -index-store-path /Users/user/Library/Developer/Xcode/DerivedData/BestBefore_Prototype_IOS-gtponiwkrvabdfckstwbtylpgrqh/Index.noindex/DataStore @/Users/user/Library/Developer/Xcode/DerivedData/BestBefore_Prototype_IOS-gtponiwkrvabdfckstwbtylpgrqh/Build/Intermediates.noindex/GoogleDataTransport.build/Debug-iphonesimulator/GoogleDataTransport.build/Objects-normal/arm64/e6072d4f65d7061329687fe24e3d63a7-common-args.resp -include /Users/user/Library/Developer/Xcode/DerivedData/BestBefore_Prototype_IOS-gtponiwkrvabdfckstwbtylpgrqh/Build/Intermediates.noindex/GoogleDataTransport.build/Debug-iphonesimulator/GoogleDataTransport.build/DerivedSources/resource_bundle_accessor.h -MMD -MT dependencies -MF /Users/user/Library/Developer/Xcode/DerivedData/BestBefore_Prototype_IOS-gtponiwkrvabdfckstwbtylpgrqh/Build/Intermediates.noindex/GoogleDataTransport.build/Debug-iphonesimulator/GoogleDataTransport.build/Objects-normal/arm64/GDTCCTNanopbHelpers.d --serialize-diagnostics /Users/user/Library/Developer/Xcode/DerivedData/BestBefore_Prototype_IOS-gtponiwkrvabdfckstwbtylpgrqh/Build/Intermediates.noindex/GoogleDataTransport.build/Debug-iphonesimulator/GoogleDataTransport.build/Objects-normal/arm64/GDTCCTNanopbHelpers.dia -c /Users/user/Library/Developer/Xcode/DerivedData/BestBefore_Prototype_IOS-gtponiwkrvabdfckstwbtylpgrqh/SourcePackages/checkouts/GoogleDataTransport/GoogleDataTransport/GDTCCTLibrary/GDTCCTNanopbHelpers.m -o /Users/user/Library/Developer/Xcode/DerivedData/BestBefore_Prototype_IOS-gtponiwkrvabdfckstwbtylpgrqh/Build/Intermediates.noindex/GoogleDataTransport.build/Debug-iphonesimulator/GoogleDataTransport.build/Objects-normal/arm64/GDTCCTNanopbHelpers.o -index-unit-output-path /GoogleDataTransport.build/Debug-iphonesimulator/GoogleDataTransport.build/Objects-normal/arm64/GDTCCTNanopbHelpers.o

SwiftDriver Pow normal arm64 com.apple.xcode.tools.swift.compiler (in target 'Pow' from project 'Pow')
    cd /Users/user/Downloads/BestBefore_Prototype_IOS\ 4/BestBefore_Prototype_IOS.xcodeproj
    builtin-SwiftDriver -- /Applications/Xcode.app/Contents/Developer/Toolchains/XcodeDefault.xctoolchain/usr/bin/swiftc -module-name Pow -Onone @/Users/user/Library/Developer/Xcode/DerivedData/BestBefore_Prototype_IOS-gtponiwkrvabdfckstwbtylpgrqh/Build/Intermediates.noindex/Pow.build/Debug-iphonesimulator/Pow.build/Objects-normal/arm64/Pow.SwiftFileList -DSWIFT_PACKAGE -DDEBUG -DSWIFT_MODULE_RESOURCE_BUNDLE_AVAILABLE -DXcode -plugin-path /Applications/Xcode.app/Contents/Developer/Toolchains/XcodeDefault.xctoolchain/usr/lib/swift/host/plugins/testing -enable-experimental-feature DebugDescriptionMacro -sdk /Applications/Xcode.app/Contents/Developer/Platforms/iPhoneSimulator.platform/Developer/SDKs/iPhoneSimulator26.4.sdk -target arm64-apple-ios15.0-simulator -g -module-cache-path /Users/user/Library/Developer/Xcode/DerivedData/ModuleCache.noindex -Xfrontend -serialize-debugging-options -enable-testing -suppress-warnings -index-store-path /Users/user/Library/Developer/Xcode/DerivedData/BestBefore_Prototype_IOS-gtponiwkrvabdfckstwbtylpgrqh/Index.noindex/DataStore -Xcc -D_LIBCPP_HARDENING_MODE\=_LIBCPP_HARDENING_MODE_DEBUG -swift-version 5 -I /Users/user/Library/Developer/Xcode/DerivedData/BestBefore_Prototype_IOS-gtponiwkrvabdfckstwbtylpgrqh/Build/Products/Debug-iphonesimulator -Isystem /Applications/Xcode.app/Contents/Developer/Platforms/iPhoneSimulator.platform/Developer/usr/lib -F /Users/user/Library/Developer/Xcode/DerivedData/BestBefore_Prototype_IOS-gtponiwkrvabdfckstwbtylpgrqh/Build/Products/Debug-iphonesimulator -F /Applications/Xcode.app/Contents/Developer/Platforms/iPhoneSimulator.platform/Developer/Library/Frameworks -F /Applications/Xcode.app/Contents/Developer/Platforms/iPhoneSimulator.platform/Developer/SDKs/iPhoneSimulator26.4.sdk/Developer/Library/Frameworks -c -j8 -enable-batch-mode -incremental -Xcc -ivfsstatcache -Xcc /Users/user/Library/Developer/Xcode/DerivedData/SDKStatCaches.noindex/iphonesimulator26.4-23E237-688ef53f1462e2c8f657fdc38a81448f686eebb5dc1d8ecb277353a59184f4aa.sdkstatcache -output-file-map /Users/user/Library/Developer/Xcode/DerivedData/BestBefore_Prototype_IOS-gtponiwkrvabdfckstwbtylpgrqh/Build/Intermediates.noindex/Pow.build/Debug-iphonesimulator/Pow.build/Objects-normal/arm64/Pow-OutputFileMap.json -use-frontend-parseable-output -save-temps -no-color-diagnostics -explicit-module-build -module-cache-path /Users/user/Library/Developer/Xcode/DerivedData/BestBefore_Prototype_IOS-gtponiwkrvabdfckstwbtylpgrqh/Build/Intermediates.noindex/SwiftExplicitPrecompiledModules -clang-scanner-module-cache-path /Users/user/Library/Developer/Xcode/DerivedData/ModuleCache.noindex -sdk-module-cache-path /Users/user/Library/Developer/Xcode/DerivedData/ModuleCache.noindex -serialize-diagnostics -emit-dependencies -emit-module -emit-module-path /Users/user/Library/Developer/Xcode/DerivedData/BestBefore_Prototype_IOS-gtponiwkrvabdfckstwbtylpgrqh/Build/Intermediates.noindex/Pow.build/Debug-iphonesimulator/Pow.build/Objects-normal/arm64/Pow.swiftmodule -validate-clang-modules-once -clang-build-session-file /Users/user/Library/Developer/Xcode/DerivedData/ModuleCache.noindex/Session.modulevalidation -Xcc -I/Users/user/Library/Developer/Xcode/DerivedData/BestBefore_Prototype_IOS-gtponiwkrvabdfckstwbtylpgrqh/Build/Intermediates.noindex/Pow.build/Debug-iphonesimulator/Pow.build/swift-overrides.hmap -emit-const-values -Xfrontend -const-gather-protocols-file -Xfrontend /Users/user/Library/Developer/Xcode/DerivedData/BestBefore_Prototype_IOS-gtponiwkrvabdfckstwbtylpgrqh/Build/Intermediates.noindex/Pow.build/Debug-iphonesimulator/Pow.build/Objects-normal/arm64/Pow_const_extract_protocols.json -Xcc -I/Users/user/Library/Developer/Xcode/DerivedData/BestBefore_Prototype_IOS-gtponiwkrvabdfckstwbtylpgrqh/Build/Products/Debug-iphonesimulator/include -Xcc -I/Users/user/Library/Developer/Xcode/DerivedData/BestBefore_Prototype_IOS-gtponiwkrvabdfckstwbtylpgrqh/Build/Intermediates.noindex/Pow.build/Debug-iphonesimulator/Pow.build/DerivedSources-normal/arm64 -Xcc -I/Users/user/Library/Developer/Xcode/DerivedData/BestBefore_Prototype_IOS-gtponiwkrvabdfckstwbtylpgrqh/Build/Intermediates.noindex/Pow.build/Debug-iphonesimulator/Pow.build/DerivedSources/arm64 -Xcc -I/Users/user/Library/Developer/Xcode/DerivedData/BestBefore_Prototype_IOS-gtponiwkrvabdfckstwbtylpgrqh/Build/Intermediates.noindex/Pow.build/Debug-iphonesimulator/Pow.build/DerivedSources -Xcc -DSWIFT_PACKAGE -Xcc -DDEBUG\=1 -emit-objc-header -emit-objc-header-path /Users/user/Library/Developer/Xcode/DerivedData/BestBefore_Prototype_IOS-gtponiwkrvabdfckstwbtylpgrqh/Build/Intermediates.noindex/Pow.build/Debug-iphonesimulator/Pow.build/Objects-normal/arm64/Pow-Swift.h -working-directory /Users/user/Downloads/BestBefore_Prototype_IOS\ 4/BestBefore_Prototype_IOS.xcodeproj -experimental-emit-module-separately -disable-cmo

SwiftDriver FirebaseCoreInternal normal arm64 com.apple.xcode.tools.swift.compiler (in target 'FirebaseCoreInternal' from project 'Firebase')
    cd /Users/user/Downloads/BestBefore_Prototype_IOS\ 4/BestBefore_Prototype_IOS.xcodeproj
    builtin-SwiftDriver -- /Applications/Xcode.app/Contents/Developer/Toolchains/XcodeDefault.xctoolchain/usr/bin/swiftc -module-name FirebaseCoreInternal -Onone @/Users/user/Library/Developer/Xcode/DerivedData/BestBefore_Prototype_IOS-gtponiwkrvabdfckstwbtylpgrqh/Build/Intermediates.noindex/Firebase.build/Debug-iphonesimulator/FirebaseCoreInternal.build/Objects-normal/arm64/FirebaseCoreInternal.SwiftFileList -DSWIFT_PACKAGE -DDEBUG -DSWIFT_MODULE_RESOURCE_BUNDLE_AVAILABLE -Xcc -fmodule-map-file\=/Users/user/Library/Developer/Xcode/DerivedData/BestBefore_Prototype_IOS-gtponiwkrvabdfckstwbtylpgrqh/Build/Intermediates.noindex/GeneratedModuleMaps-iphonesimulator/GoogleUtilities-NSData.modulemap -DXcode -plugin-path /Applications/Xcode.app/Contents/Developer/Toolchains/XcodeDefault.xctoolchain/usr/lib/swift/host/plugins/testing -enable-experimental-feature DebugDescriptionMacro -sdk /Applications/Xcode.app/Contents/Developer/Platforms/iPhoneSimulator.platform/Developer/SDKs/iPhoneSimulator26.4.sdk -target arm64-apple-ios15.0-simulator -g -module-cache-path /Users/user/Library/Developer/Xcode/DerivedData/ModuleCache.noindex -Xfrontend -serialize-debugging-options -enable-testing -suppress-warnings -index-store-path /Users/user/Library/Developer/Xcode/DerivedData/BestBefore_Prototype_IOS-gtponiwkrvabdfckstwbtylpgrqh/Index.noindex/DataStore -Xcc -D_LIBCPP_HARDENING_MODE\=_LIBCPP_HARDENING_MODE_DEBUG -swift-version 6 -I /Users/user/Library/Developer/Xcode/DerivedData/BestBefore_Prototype_IOS-gtponiwkrvabdfckstwbtylpgrqh/Build/Products/Debug-iphonesimulator -Isystem /Applications/Xcode.app/Contents/Developer/Platforms/iPhoneSimulator.platform/Developer/usr/lib -F /Users/user/Library/Developer/Xcode/DerivedData/BestBefore_Prototype_IOS-gtponiwkrvabdfckstwbtylpgrqh/Build/Products/Debug-iphonesimulator/PackageFrameworks -F /Users/user/Library/Developer/Xcode/DerivedData/BestBefore_Prototype_IOS-gtponiwkrvabdfckstwbtylpgrqh/Build/Products/Debug-iphonesimulator -F /Applications/Xcode.app/Contents/Developer/Platforms/iPhoneSimulator.platform/Developer/Library/Frameworks -F /Applications/Xcode.app/Contents/Developer/Platforms/iPhoneSimulator.platform/Developer/SDKs/iPhoneSimulator26.4.sdk/Developer/Library/Frameworks -c -j8 -enable-batch-mode -incremental -Xcc -ivfsstatcache -Xcc /Users/user/Library/Developer/Xcode/DerivedData/SDKStatCaches.noindex/iphonesimulator26.4-23E237-688ef53f1462e2c8f657fdc38a81448f686eebb5dc1d8ecb277353a59184f4aa.sdkstatcache -output-file-map /Users/user/Library/Developer/Xcode/DerivedData/BestBefore_Prototype_IOS-gtponiwkrvabdfckstwbtylpgrqh/Build/Intermediates.noindex/Firebase.build/Debug-iphonesimulator/FirebaseCoreInternal.build/Objects-normal/arm64/FirebaseCoreInternal-OutputFileMap.json -use-frontend-parseable-output -save-temps -no-color-diagnostics -explicit-module-build -module-cache-path /Users/user/Library/Developer/Xcode/DerivedData/BestBefore_Prototype_IOS-gtponiwkrvabdfckstwbtylpgrqh/Build/Intermediates.noindex/SwiftExplicitPrecompiledModules -clang-scanner-module-cache-path /Users/user/Library/Developer/Xcode/DerivedData/ModuleCache.noindex -sdk-module-cache-path /Users/user/Library/Developer/Xcode/DerivedData/ModuleCache.noindex -serialize-diagnostics -emit-dependencies -emit-module -emit-module-path /Users/user/Library/Developer/Xcode/DerivedData/BestBefore_Prototype_IOS-gtponiwkrvabdfckstwbtylpgrqh/Build/Intermediates.noindex/Firebase.build/Debug-iphonesimulator/FirebaseCoreInternal.build/Objects-normal/arm64/FirebaseCoreInternal.swiftmodule -user-module-version 12.8.0 -validate-clang-modules-once -clang-build-session-file /Users/user/Library/Developer/Xcode/DerivedData/ModuleCache.noindex/Session.modulevalidation -package-name firebase_ios_sdk -Xcc -I/Users/user/Library/Developer/Xcode/DerivedData/BestBefore_Prototype_IOS-gtponiwkrvabdfckstwbtylpgrqh/Build/Intermediates.noindex/Firebase.build/Debug-iphonesimulator/FirebaseCoreInternal.build/swift-overrides.hmap -emit-const-values -Xfrontend -const-gather-protocols-file -Xfrontend /Users/user/Library/Developer/Xcode/DerivedData/BestBefore_Prototype_IOS-gtponiwkrvabdfckstwbtylpgrqh/Build/Intermediates.noindex/Firebase.build/Debug-iphonesimulator/FirebaseCoreInternal.build/Objects-normal/arm64/FirebaseCoreInternal_const_extract_protocols.json -Xcc -I/Users/user/Library/Developer/Xcode/DerivedData/BestBefore_Prototype_IOS-gtponiwkrvabdfckstwbtylpgrqh/SourcePackages/checkouts/GoogleUtilities/GoogleUtilities/NSData+zlib/Public -Xcc -I/Users/user/Library/Developer/Xcode/DerivedData/BestBefore_Prototype_IOS-gtponiwkrvabdfckstwbtylpgrqh/Build/Products/Debug-iphonesimulator/include -Xcc -I/Users/user/Library/Developer/Xcode/DerivedData/BestBefore_Prototype_IOS-gtponiwkrvabdfckstwbtylpgrqh/Build/Intermediates.noindex/Firebase.build/Debug-iphonesimulator/FirebaseCoreInternal.build/DerivedSources-normal/arm64 -Xcc -I/Users/user/Library/Developer/Xcode/DerivedData/BestBefore_Prototype_IOS-gtponiwkrvabdfckstwbtylpgrqh/Build/Intermediates.noindex/Firebase.build/Debug-iphonesimulator/FirebaseCoreInternal.build/DerivedSources/arm64 -Xcc -I/Users/user/Library/Developer/Xcode/DerivedData/BestBefore_Prototype_IOS-gtponiwkrvabdfckstwbtylpgrqh/Build/Intermediates.noindex/Firebase.build/Debug-iphonesimulator/FirebaseCoreInternal.build/DerivedSources -Xcc -DSWIFT_PACKAGE -Xcc -DDEBUG\=1 -emit-objc-header -emit-objc-header-path /Users/user/Library/Developer/Xcode/DerivedData/BestBefore_Prototype_IOS-gtponiwkrvabdfckstwbtylpgrqh/Build/Intermediates.noindex/Firebase.build/Debug-iphonesimulator/FirebaseCoreInternal.build/Objects-normal/arm64/FirebaseCoreInternal-Swift.h -working-directory /Users/user/Downloads/BestBefore_Prototype_IOS\ 4/BestBefore_Prototype_IOS.xcodeproj -experimental-emit-module-separately -disable-cmo

CompileC /Users/user/Library/Developer/Xcode/DerivedData/BestBefore_Prototype_IOS-gtponiwkrvabdfckstwbtylpgrqh/Build/Intermediates.noindex/GoogleDataTransport.build/Debug-iphonesimulator/GoogleDataTransport.build/Objects-normal/arm64/GDTCOREvent+GDTMetricsSupport.o /Users/user/Library/Developer/Xcode/DerivedData/BestBefore_Prototype_IOS-gtponiwkrvabdfckstwbtylpgrqh/SourcePackages/checkouts/GoogleDataTransport/GoogleDataTransport/GDTCCTLibrary/GDTCOREvent+GDTMetricsSupport.m normal arm64 objective-c com.apple.compilers.llvm.clang.1_0.compiler (in target 'GoogleDataTransport' from project 'GoogleDataTransport')
    cd /Users/user/Downloads/BestBefore_Prototype_IOS\ 4/BestBefore_Prototype_IOS.xcodeproj
    
    Using response file: /Users/user/Library/Developer/Xcode/DerivedData/BestBefore_Prototype_IOS-gtponiwkrvabdfckstwbtylpgrqh/Build/Intermediates.noindex/GoogleDataTransport.build/Debug-iphonesimulator/GoogleDataTransport.build/Objects-normal/arm64/e6072d4f65d7061329687fe24e3d63a7-common-args.resp
    
    /Applications/Xcode.app/Contents/Developer/Toolchains/XcodeDefault.xctoolchain/usr/bin/clang -x objective-c -ivfsstatcache /Users/user/Library/Developer/Xcode/DerivedData/SDKStatCaches.noindex/iphonesimulator26.4-23E237-688ef53f1462e2c8f657fdc38a81448f686eebb5dc1d8ecb277353a59184f4aa.sdkstatcache -target arm64-apple-ios12.0-simulator -fmessage-length\=0 -fdiagnostics-show-note-include-stack -fmacro-backtrace-limit\=0 -fno-color-diagnostics -fmodules-prune-interval\=86400 -fmodules-prune-after\=345600 -fbuild-session-file\=/Users/user/Library/Developer/Xcode/DerivedData/ModuleCache.noindex/Session.modulevalidation -fmodules-validate-once-per-build-session -Wnon-modular-include-in-framework-module -Werror\=non-modular-include-in-framework-module -Wno-trigraphs -Wno-missing-field-initializers -Wno-missing-prototypes -Wno-return-type -Wno-implicit-atomic-properties -Wno-objc-interface-ivars -Wno-arc-repeated-use-of-weak -Wno-missing-braces -Wparentheses -Wswitch -Wno-unused-function -Wno-unused-label -Wno-unused-parameter -Wno-unused-variable -Wunused-value -Wno-empty-body -Wno-uninitialized -Wno-unknown-pragmas -w -Wno-shadow -Wno-four-char-constants -Wno-conversion -Wno-constant-conversion -Wno-int-conversion -Wno-bool-conversion -Wno-enum-conversion -Wno-float-conversion -Wno-non-literal-null-conversion -Wno-objc-literal-conversion -Wshorten-64-to-32 -Wpointer-sign -Wno-newline-eof -Wno-selector -Wno-strict-selector-match -Wno-undeclared-selector -Wno-deprecated-implementations -Wno-implicit-fallthrough -isysroot /Applications/Xcode.app/Contents/Developer/Platforms/iPhoneSimulator.platform/Developer/SDKs/iPhoneSimulator26.4.sdk -fstrict-aliasing -Wprotocol -Wdeprecated-declarations -Wno-sign-conversion -Wno-infinite-recursion -Wno-comma -Wno-block-capture-autoreleasing -Wno-strict-prototypes -Wno-semicolon-before-method-body -index-store-path /Users/user/Library/Developer/Xcode/DerivedData/BestBefore_Prototype_IOS-gtponiwkrvabdfckstwbtylpgrqh/Index.noindex/DataStore @/Users/user/Library/Developer/Xcode/DerivedData/BestBefore_Prototype_IOS-gtponiwkrvabdfckstwbtylpgrqh/Build/Intermediates.noindex/GoogleDataTransport.build/Debug-iphonesimulator/GoogleDataTransport.build/Objects-normal/arm64/e6072d4f65d7061329687fe24e3d63a7-common-args.resp -include /Users/user/Library/Developer/Xcode/DerivedData/BestBefore_Prototype_IOS-gtponiwkrvabdfckstwbtylpgrqh/Build/Intermediates.noindex/GoogleDataTransport.build/Debug-iphonesimulator/GoogleDataTransport.build/DerivedSources/resource_bundle_accessor.h -MMD -MT dependencies -MF /Users/user/Library/Developer/Xcode/DerivedData/BestBefore_Prototype_IOS-gtponiwkrvabdfckstwbtylpgrqh/Build/Intermediates.noindex/GoogleDataTransport.build/Debug-iphonesimulator/GoogleDataTransport.build/Objects-normal/arm64/GDTCOREvent+GDTMetricsSupport.d --serialize-diagnostics /Users/user/Library/Developer/Xcode/DerivedData/BestBefore_Prototype_IOS-gtponiwkrvabdfckstwbtylpgrqh/Build/Intermediates.noindex/GoogleDataTransport.build/Debug-iphonesimulator/GoogleDataTransport.build/Objects-normal/arm64/GDTCOREvent+GDTMetricsSupport.dia -c /Users/user/Library/Developer/Xcode/DerivedData/BestBefore_Prototype_IOS-gtponiwkrvabdfckstwbtylpgrqh/SourcePackages/checkouts/GoogleDataTransport/GoogleDataTransport/GDTCCTLibrary/GDTCOREvent+GDTMetricsSupport.m -o /Users/user/Library/Developer/Xcode/DerivedData/BestBefore_Prototype_IOS-gtponiwkrvabdfckstwbtylpgrqh/Build/Intermediates.noindex/GoogleDataTransport.build/Debug-iphonesimulator/GoogleDataTransport.build/Objects-normal/arm64/GDTCOREvent+GDTMetricsSupport.o -index-unit-output-path /GoogleDataTransport.build/Debug-iphonesimulator/GoogleDataTransport.build/Objects-normal/arm64/GDTCOREvent+GDTMetricsSupport.o

CompileC /Users/user/Library/Developer/Xcode/DerivedData/BestBefore_Prototype_IOS-gtponiwkrvabdfckstwbtylpgrqh/Build/Intermediates.noindex/GoogleDataTransport.build/Debug-iphonesimulator/GoogleDataTransport.build/Objects-normal/arm64/GDTCOREvent+GDTCCTSupport.o /Users/user/Library/Developer/Xcode/DerivedData/BestBefore_Prototype_IOS-gtponiwkrvabdfckstwbtylpgrqh/SourcePackages/checkouts/GoogleDataTransport/GoogleDataTransport/GDTCCTLibrary/GDTCOREvent+GDTCCTSupport.m normal arm64 objective-c com.apple.compilers.llvm.clang.1_0.compiler (in target 'GoogleDataTransport' from project 'GoogleDataTransport')
    cd /Users/user/Downloads/BestBefore_Prototype_IOS\ 4/BestBefore_Prototype_IOS.xcodeproj
    
    Using response file: /Users/user/Library/Developer/Xcode/DerivedData/BestBefore_Prototype_IOS-gtponiwkrvabdfckstwbtylpgrqh/Build/Intermediates.noindex/GoogleDataTransport.build/Debug-iphonesimulator/GoogleDataTransport.build/Objects-normal/arm64/e6072d4f65d7061329687fe24e3d63a7-common-args.resp
    
    /Applications/Xcode.app/Contents/Developer/Toolchains/XcodeDefault.xctoolchain/usr/bin/clang -x objective-c -ivfsstatcache /Users/user/Library/Developer/Xcode/DerivedData/SDKStatCaches.noindex/iphonesimulator26.4-23E237-688ef53f1462e2c8f657fdc38a81448f686eebb5dc1d8ecb277353a59184f4aa.sdkstatcache -target arm64-apple-ios12.0-simulator -fmessage-length\=0 -fdiagnostics-show-note-include-stack -fmacro-backtrace-limit\=0 -fno-color-diagnostics -fmodules-prune-interval\=86400 -fmodules-prune-after\=345600 -fbuild-session-file\=/Users/user/Library/Developer/Xcode/DerivedData/ModuleCache.noindex/Session.modulevalidation -fmodules-validate-once-per-build-session -Wnon-modular-include-in-framework-module -Werror\=non-modular-include-in-framework-module -Wno-trigraphs -Wno-missing-field-initializers -Wno-missing-prototypes -Wno-return-type -Wno-implicit-atomic-properties -Wno-objc-interface-ivars -Wno-arc-repeated-use-of-weak -Wno-missing-braces -Wparentheses -Wswitch -Wno-unused-function -Wno-unused-label -Wno-unused-parameter -Wno-unused-variable -Wunused-value -Wno-empty-body -Wno-uninitialized -Wno-unknown-pragmas -w -Wno-shadow -Wno-four-char-constants -Wno-conversion -Wno-constant-conversion -Wno-int-conversion -Wno-bool-conversion -Wno-enum-conversion -Wno-float-conversion -Wno-non-literal-null-conversion -Wno-objc-literal-conversion -Wshorten-64-to-32 -Wpointer-sign -Wno-newline-eof -Wno-selector -Wno-strict-selector-match -Wno-undeclared-selector -Wno-deprecated-implementations -Wno-implicit-fallthrough -isysroot /Applications/Xcode.app/Contents/Developer/Platforms/iPhoneSimulator.platform/Developer/SDKs/iPhoneSimulator26.4.sdk -fstrict-aliasing -Wprotocol -Wdeprecated-declarations -Wno-sign-conversion -Wno-infinite-recursion -Wno-comma -Wno-block-capture-autoreleasing -Wno-strict-prototypes -Wno-semicolon-before-method-body -index-store-path /Users/user/Library/Developer/Xcode/DerivedData/BestBefore_Prototype_IOS-gtponiwkrvabdfckstwbtylpgrqh/Index.noindex/DataStore @/Users/user/Library/Developer/Xcode/DerivedData/BestBefore_Prototype_IOS-gtponiwkrvabdfckstwbtylpgrqh/Build/Intermediates.noindex/GoogleDataTransport.build/Debug-iphonesimulator/GoogleDataTransport.build/Objects-normal/arm64/e6072d4f65d7061329687fe24e3d63a7-common-args.resp -include /Users/user/Library/Developer/Xcode/DerivedData/BestBefore_Prototype_IOS-gtponiwkrvabdfckstwbtylpgrqh/Build/Intermediates.noindex/GoogleDataTransport.build/Debug-iphonesimulator/GoogleDataTransport.build/DerivedSources/resource_bundle_accessor.h -MMD -MT dependencies -MF /Users/user/Library/Developer/Xcode/DerivedData/BestBefore_Prototype_IOS-gtponiwkrvabdfckstwbtylpgrqh/Build/Intermediates.noindex/GoogleDataTransport.build/Debug-iphonesimulator/GoogleDataTransport.build/Objects-normal/arm64/GDTCOREvent+GDTCCTSupport.d --serialize-diagnostics /Users/user/Library/Developer/Xcode/DerivedData/BestBefore_Prototype_IOS-gtponiwkrvabdfckstwbtylpgrqh/Build/Intermediates.noindex/GoogleDataTransport.build/Debug-iphonesimulator/GoogleDataTransport.build/Objects-normal/arm64/GDTCOREvent+GDTCCTSupport.dia -c /Users/user/Library/Developer/Xcode/DerivedData/BestBefore_Prototype_IOS-gtponiwkrvabdfckstwbtylpgrqh/SourcePackages/checkouts/GoogleDataTransport/GoogleDataTransport/GDTCCTLibrary/GDTCOREvent+GDTCCTSupport.m -o /Users/user/Library/Developer/Xcode/DerivedData/BestBefore_Prototype_IOS-gtponiwkrvabdfckstwbtylpgrqh/Build/Intermediates.noindex/GoogleDataTransport.build/Debug-iphonesimulator/GoogleDataTransport.build/Objects-normal/arm64/GDTCOREvent+GDTCCTSupport.o -index-unit-output-path /GoogleDataTransport.build/Debug-iphonesimulator/GoogleDataTransport.build/Objects-normal/arm64/GDTCOREvent+GDTCCTSupport.o

CompileC /Users/user/Library/Developer/Xcode/DerivedData/BestBefore_Prototype_IOS-gtponiwkrvabdfckstwbtylpgrqh/Build/Intermediates.noindex/GoogleDataTransport.build/Debug-iphonesimulator/GoogleDataTransport.build/Objects-normal/arm64/GDTCOREndpoints.o /Users/user/Library/Developer/Xcode/DerivedData/BestBefore_Prototype_IOS-gtponiwkrvabdfckstwbtylpgrqh/SourcePackages/checkouts/GoogleDataTransport/GoogleDataTransport/GDTCORLibrary/GDTCOREndpoints.m normal arm64 objective-c com.apple.compilers.llvm.clang.1_0.compiler (in target 'GoogleDataTransport' from project 'GoogleDataTransport')
    cd /Users/user/Downloads/BestBefore_Prototype_IOS\ 4/BestBefore_Prototype_IOS.xcodeproj
    
    Using response file: /Users/user/Library/Developer/Xcode/DerivedData/BestBefore_Prototype_IOS-gtponiwkrvabdfckstwbtylpgrqh/Build/Intermediates.noindex/GoogleDataTransport.build/Debug-iphonesimulator/GoogleDataTransport.build/Objects-normal/arm64/e6072d4f65d7061329687fe24e3d63a7-common-args.resp
    
    /Applications/Xcode.app/Contents/Developer/Toolchains/XcodeDefault.xctoolchain/usr/bin/clang -x objective-c -ivfsstatcache /Users/user/Library/Developer/Xcode/DerivedData/SDKStatCaches.noindex/iphonesimulator26.4-23E237-688ef53f1462e2c8f657fdc38a81448f686eebb5dc1d8ecb277353a59184f4aa.sdkstatcache -target arm64-apple-ios12.0-simulator -fmessage-length\=0 -fdiagnostics-show-note-include-stack -fmacro-backtrace-limit\=0 -fno-color-diagnostics -fmodules-prune-interval\=86400 -fmodules-prune-after\=345600 -fbuild-session-file\=/Users/user/Library/Developer/Xcode/DerivedData/ModuleCache.noindex/Session.modulevalidation -fmodules-validate-once-per-build-session -Wnon-modular-include-in-framework-module -Werror\=non-modular-include-in-framework-module -Wno-trigraphs -Wno-missing-field-initializers -Wno-missing-prototypes -Wno-return-type -Wno-implicit-atomic-properties -Wno-objc-interface-ivars -Wno-arc-repeated-use-of-weak -Wno-missing-braces -Wparentheses -Wswitch -Wno-unused-function -Wno-unused-label -Wno-unused-parameter -Wno-unused-variable -Wunused-value -Wno-empty-body -Wno-uninitialized -Wno-unknown-pragmas -w -Wno-shadow -Wno-four-char-constants -Wno-conversion -Wno-constant-conversion -Wno-int-conversion -Wno-bool-conversion -Wno-enum-conversion -Wno-float-conversion -Wno-non-literal-null-conversion -Wno-objc-literal-conversion -Wshorten-64-to-32 -Wpointer-sign -Wno-newline-eof -Wno-selector -Wno-strict-selector-match -Wno-undeclared-selector -Wno-deprecated-implementations -Wno-implicit-fallthrough -isysroot /Applications/Xcode.app/Contents/Developer/Platforms/iPhoneSimulator.platform/Developer/SDKs/iPhoneSimulator26.4.sdk -fstrict-aliasing -Wprotocol -Wdeprecated-declarations -Wno-sign-conversion -Wno-infinite-recursion -Wno-comma -Wno-block-capture-autoreleasing -Wno-strict-prototypes -Wno-semicolon-before-method-body -index-store-path /Users/user/Library/Developer/Xcode/DerivedData/BestBefore_Prototype_IOS-gtponiwkrvabdfckstwbtylpgrqh/Index.noindex/DataStore @/Users/user/Library/Developer/Xcode/DerivedData/BestBefore_Prototype_IOS-gtponiwkrvabdfckstwbtylpgrqh/Build/Intermediates.noindex/GoogleDataTransport.build/Debug-iphonesimulator/GoogleDataTransport.build/Objects-normal/arm64/e6072d4f65d7061329687fe24e3d63a7-common-args.resp -include /Users/user/Library/Developer/Xcode/DerivedData/BestBefore_Prototype_IOS-gtponiwkrvabdfckstwbtylpgrqh/Build/Intermediates.noindex/GoogleDataTransport.build/Debug-iphonesimulator/GoogleDataTransport.build/DerivedSources/resource_bundle_accessor.h -MMD -MT dependencies -MF /Users/user/Library/Developer/Xcode/DerivedData/BestBefore_Prototype_IOS-gtponiwkrvabdfckstwbtylpgrqh/Build/Intermediates.noindex/GoogleDataTransport.build/Debug-iphonesimulator/GoogleDataTransport.build/Objects-normal/arm64/GDTCOREndpoints.d --serialize-diagnostics /Users/user/Library/Developer/Xcode/DerivedData/BestBefore_Prototype_IOS-gtponiwkrvabdfckstwbtylpgrqh/Build/Intermediates.noindex/GoogleDataTransport.build/Debug-iphonesimulator/GoogleDataTransport.build/Objects-normal/arm64/GDTCOREndpoints.dia -c /Users/user/Library/Developer/Xcode/DerivedData/BestBefore_Prototype_IOS-gtponiwkrvabdfckstwbtylpgrqh/SourcePackages/checkouts/GoogleDataTransport/GoogleDataTransport/GDTCORLibrary/GDTCOREndpoints.m -o /Users/user/Library/Developer/Xcode/DerivedData/BestBefore_Prototype_IOS-gtponiwkrvabdfckstwbtylpgrqh/Build/Intermediates.noindex/GoogleDataTransport.build/Debug-iphonesimulator/GoogleDataTransport.build/Objects-normal/arm64/GDTCOREndpoints.o -index-unit-output-path /GoogleDataTransport.build/Debug-iphonesimulator/GoogleDataTransport.build/Objects-normal/arm64/GDTCOREndpoints.o

PrecompileModule /Users/user/Library/Developer/Xcode/DerivedData/BestBefore_Prototype_IOS-gtponiwkrvabdfckstwbtylpgrqh/Build/Intermediates.noindex/ExplicitPrecompiledModules/_AvailabilityInternal-OJ8KW1DZFAN13Q1E8J7ZN7VC.scan
    cd /
    builtin-precompileModule /Users/user/Library/Developer/Xcode/DerivedData/BestBefore_Prototype_IOS-gtponiwkrvabdfckstwbtylpgrqh/Build/Intermediates.noindex/ExplicitPrecompiledModules/_AvailabilityInternal-OJ8KW1DZFAN13Q1E8J7ZN7VC.scan

PrecompileModule /Users/user/Library/Developer/Xcode/DerivedData/BestBefore_Prototype_IOS-gtponiwkrvabdfckstwbtylpgrqh/Build/Intermediates.noindex/ExplicitPrecompiledModules/UIKit-1DYUY6IF552DA0C44IBW3V13N.scan
    cd /
    builtin-precompileModule /Users/user/Library/Developer/Xcode/DerivedData/BestBefore_Prototype_IOS-gtponiwkrvabdfckstwbtylpgrqh/Build/Intermediates.noindex/ExplicitPrecompiledModules/UIKit-1DYUY6IF552DA0C44IBW3V13N.scan

PrecompileModule /Users/user/Library/Developer/Xcode/DerivedData/BestBefore_Prototype_IOS-gtponiwkrvabdfckstwbtylpgrqh/Build/Intermediates.noindex/ExplicitPrecompiledModules/_Builtin_stdarg-31FNBV6T7L9C6IOY52T4ZG9WX.scan
    cd /
    builtin-precompileModule /Users/user/Library/Developer/Xcode/DerivedData/BestBefore_Prototype_IOS-gtponiwkrvabdfckstwbtylpgrqh/Build/Intermediates.noindex/ExplicitPrecompiledModules/_Builtin_stdarg-31FNBV6T7L9C6IOY52T4ZG9WX.scan

PrecompileModule /Users/user/Library/Developer/Xcode/DerivedData/BestBefore_Prototype_IOS-gtponiwkrvabdfckstwbtylpgrqh/Build/Intermediates.noindex/ExplicitPrecompiledModules/_Builtin_stdbool-1FQIOZKXKC7QMXGF7IJ6ON5YN.scan
    cd /
    builtin-precompileModule /Users/user/Library/Developer/Xcode/DerivedData/BestBefore_Prototype_IOS-gtponiwkrvabdfckstwbtylpgrqh/Build/Intermediates.noindex/ExplicitPrecompiledModules/_Builtin_stdbool-1FQIOZKXKC7QMXGF7IJ6ON5YN.scan

PrecompileModule /Users/user/Library/Developer/Xcode/DerivedData/BestBefore_Prototype_IOS-gtponiwkrvabdfckstwbtylpgrqh/Build/Intermediates.noindex/ExplicitPrecompiledModules/_Builtin_stddef-1ZO354YP0VUOTPV7KLY8CZN2E.scan
    cd /
    builtin-precompileModule /Users/user/Library/Developer/Xcode/DerivedData/BestBefore_Prototype_IOS-gtponiwkrvabdfckstwbtylpgrqh/Build/Intermediates.noindex/ExplicitPrecompiledModules/_Builtin_stddef-1ZO354YP0VUOTPV7KLY8CZN2E.scan

PrecompileModule /Users/user/Library/Developer/Xcode/DerivedData/BestBefore_Prototype_IOS-gtponiwkrvabdfckstwbtylpgrqh/Build/Intermediates.noindex/ExplicitPrecompiledModules/ptrauth-E66Y3PP9B9JVCTEF2ZFB52MCF.scan
    cd /
    builtin-precompileModule /Users/user/Library/Developer/Xcode/DerivedData/BestBefore_Prototype_IOS-gtponiwkrvabdfckstwbtylpgrqh/Build/Intermediates.noindex/ExplicitPrecompiledModules/ptrauth-E66Y3PP9B9JVCTEF2ZFB52MCF.scan

PrecompileModule /Users/user/Library/Developer/Xcode/DerivedData/BestBefore_Prototype_IOS-gtponiwkrvabdfckstwbtylpgrqh/Build/Intermediates.noindex/ExplicitPrecompiledModules/_Builtin_float-41FJ6C0PD73BIAUG4C207W7M6.scan
    cd /
    builtin-precompileModule /Users/user/Library/Developer/Xcode/DerivedData/BestBefore_Prototype_IOS-gtponiwkrvabdfckstwbtylpgrqh/Build/Intermediates.noindex/ExplicitPrecompiledModules/_Builtin_float-41FJ6C0PD73BIAUG4C207W7M6.scan

PrecompileModule /Users/user/Library/Developer/Xcode/DerivedData/BestBefore_Prototype_IOS-gtponiwkrvabdfckstwbtylpgrqh/Build/Intermediates.noindex/ExplicitPrecompiledModules/ptrcheck-7VP9XFT1AGOWPWEGQ34HS6TPP.scan
    cd /
    builtin-precompileModule /Users/user/Library/Developer/Xcode/DerivedData/BestBefore_Prototype_IOS-gtponiwkrvabdfckstwbtylpgrqh/Build/Intermediates.noindex/ExplicitPrecompiledModules/ptrcheck-7VP9XFT1AGOWPWEGQ34HS6TPP.scan

ScanDependencies /Users/user/Library/Developer/Xcode/DerivedData/BestBefore_Prototype_IOS-gtponiwkrvabdfckstwbtylpgrqh/Build/Intermediates.noindex/GoogleDataTransport.build/Debug-iphonesimulator/GoogleDataTransport.build/Objects-normal/arm64/GDTCCTCompressionHelper.o /Users/user/Library/Developer/Xcode/DerivedData/BestBefore_Prototype_IOS-gtponiwkrvabdfckstwbtylpgrqh/SourcePackages/checkouts/GoogleDataTransport/GoogleDataTransport/GDTCCTLibrary/GDTCCTCompressionHelper.m normal arm64 objective-c com.apple.compilers.llvm.clang.1_0.compiler (in target 'GoogleDataTransport' from project 'GoogleDataTransport')
    cd /Users/user/Downloads/BestBefore_Prototype_IOS\ 4/BestBefore_Prototype_IOS.xcodeproj
    
    Using response file: /Users/user/Library/Developer/Xcode/DerivedData/BestBefore_Prototype_IOS-gtponiwkrvabdfckstwbtylpgrqh/Build/Intermediates.noindex/GoogleDataTransport.build/Debug-iphonesimulator/GoogleDataTransport.build/Objects-normal/arm64/e6072d4f65d7061329687fe24e3d63a7-common-args.resp
    
    builtin-ScanDependencies -o /Users/user/Library/Developer/Xcode/DerivedData/BestBefore_Prototype_IOS-gtponiwkrvabdfckstwbtylpgrqh/Build/Intermediates.noindex/GoogleDataTransport.build/Debug-iphonesimulator/GoogleDataTransport.build/Objects-normal/arm64/GDTCCTCompressionHelper.o.scan -- /Applications/Xcode.app/Contents/Developer/Toolchains/XcodeDefault.xctoolchain/usr/bin/clang -x objective-c -ivfsstatcache /Users/user/Library/Developer/Xcode/DerivedData/SDKStatCaches.noindex/iphonesimulator26.4-23E237-688ef53f1462e2c8f657fdc38a81448f686eebb5dc1d8ecb277353a59184f4aa.sdkstatcache -target arm64-apple-ios12.0-simulator -fmessage-length\=0 -fdiagnostics-show-note-include-stack -fmacro-backtrace-limit\=0 -fno-color-diagnostics -fmodules-prune-interval\=86400 -fmodules-prune-after\=345600 -fbuild-session-file\=/Users/user/Library/Developer/Xcode/DerivedData/ModuleCache.noindex/Session.modulevalidation -fmodules-validate-once-per-build-session -Wnon-modular-include-in-framework-module -Werror\=non-modular-include-in-framework-module -Wno-trigraphs -Wno-missing-field-initializers -Wno-missing-prototypes -Wno-return-type -Wno-implicit-atomic-properties -Wno-objc-interface-ivars -Wno-arc-repeated-use-of-weak -Wno-missing-braces -Wparentheses -Wswitch -Wno-unused-function -Wno-unused-label -Wno-unused-parameter -Wno-unused-variable -Wunused-value -Wno-empty-body -Wno-uninitialized -Wno-unknown-pragmas -w -Wno-shadow -Wno-four-char-constants -Wno-conversion -Wno-constant-conversion -Wno-int-conversion -Wno-bool-conversion -Wno-enum-conversion -Wno-float-conversion -Wno-non-literal-null-conversion -Wno-objc-literal-conversion -Wshorten-64-to-32 -Wpointer-sign -Wno-newline-eof -Wno-selector -Wno-strict-selector-match -Wno-undeclared-selector -Wno-deprecated-implementations -Wno-implicit-fallthrough -isysroot /Applications/Xcode.app/Contents/Developer/Platforms/iPhoneSimulator.platform/Developer/SDKs/iPhoneSimulator26.4.sdk -fstrict-aliasing -Wprotocol -Wdeprecated-declarations -Wno-sign-conversion -Wno-infinite-recursion -Wno-comma -Wno-block-capture-autoreleasing -Wno-strict-prototypes -Wno-semicolon-before-method-body -index-store-path /Users/user/Library/Developer/Xcode/DerivedData/BestBefore_Prototype_IOS-gtponiwkrvabdfckstwbtylpgrqh/Index.noindex/DataStore @/Users/user/Library/Developer/Xcode/DerivedData/BestBefore_Prototype_IOS-gtponiwkrvabdfckstwbtylpgrqh/Build/Intermediates.noindex/GoogleDataTransport.build/Debug-iphonesimulator/GoogleDataTransport.build/Objects-normal/arm64/e6072d4f65d7061329687fe24e3d63a7-common-args.resp -include /Users/user/Library/Developer/Xcode/DerivedData/BestBefore_Prototype_IOS-gtponiwkrvabdfckstwbtylpgrqh/Build/Intermediates.noindex/GoogleDataTransport.build/Debug-iphonesimulator/GoogleDataTransport.build/DerivedSources/resource_bundle_accessor.h -MMD -MT dependencies -MF /Users/user/Library/Developer/Xcode/DerivedData/BestBefore_Prototype_IOS-gtponiwkrvabdfckstwbtylpgrqh/Build/Intermediates.noindex/GoogleDataTransport.build/Debug-iphonesimulator/GoogleDataTransport.build/Objects-normal/arm64/GDTCCTCompressionHelper.d --serialize-diagnostics /Users/user/Library/Developer/Xcode/DerivedData/BestBefore_Prototype_IOS-gtponiwkrvabdfckstwbtylpgrqh/Build/Intermediates.noindex/GoogleDataTransport.build/Debug-iphonesimulator/GoogleDataTransport.build/Objects-normal/arm64/GDTCCTCompressionHelper.dia -c /Users/user/Library/Developer/Xcode/DerivedData/BestBefore_Prototype_IOS-gtponiwkrvabdfckstwbtylpgrqh/SourcePackages/checkouts/GoogleDataTransport/GoogleDataTransport/GDTCCTLibrary/GDTCCTCompressionHelper.m -o /Users/user/Library/Developer/Xcode/DerivedData/BestBefore_Prototype_IOS-gtponiwkrvabdfckstwbtylpgrqh/Build/Intermediates.noindex/GoogleDataTransport.build/Debug-iphonesimulator/GoogleDataTransport.build/Objects-normal/arm64/GDTCCTCompressionHelper.o -index-unit-output-path /GoogleDataTransport.build/Debug-iphonesimulator/GoogleDataTransport.build/Objects-normal/arm64/GDTCCTCompressionHelper.o

ScanDependencies /Users/user/Library/Developer/Xcode/DerivedData/BestBefore_Prototype_IOS-gtponiwkrvabdfckstwbtylpgrqh/Build/Intermediates.noindex/GTMSessionFetcher.build/Debug-iphonesimulator/GTMSessionFetcherCore.build/Objects-normal/arm64/resource_bundle_accessor.o /Users/user/Library/Developer/Xcode/DerivedData/BestBefore_Prototype_IOS-gtponiwkrvabdfckstwbtylpgrqh/Build/Intermediates.noindex/GTMSessionFetcher.build/Debug-iphonesimulator/GTMSessionFetcherCore.build/DerivedSources/resource_bundle_accessor.m normal arm64 objective-c com.apple.compilers.llvm.clang.1_0.compiler (in target 'GTMSessionFetcherCore' from project 'GTMSessionFetcher')
    cd /Users/user/Downloads/BestBefore_Prototype_IOS\ 4/BestBefore_Prototype_IOS.xcodeproj
    
    Using response file: /Users/user/Library/Developer/Xcode/DerivedData/BestBefore_Prototype_IOS-gtponiwkrvabdfckstwbtylpgrqh/Build/Intermediates.noindex/GTMSessionFetcher.build/Debug-iphonesimulator/GTMSessionFetcherCore.build/Objects-normal/arm64/e6072d4f65d7061329687fe24e3d63a7-common-args.resp
    
    builtin-ScanDependencies -o /Users/user/Library/Developer/Xcode/DerivedData/BestBefore_Prototype_IOS-gtponiwkrvabdfckstwbtylpgrqh/Build/Intermediates.noindex/GTMSessionFetcher.build/Debug-iphonesimulator/GTMSessionFetcherCore.build/Objects-normal/arm64/resource_bundle_accessor.o.scan -- /Applications/Xcode.app/Contents/Developer/Toolchains/XcodeDefault.xctoolchain/usr/bin/clang -x objective-c -ivfsstatcache /Users/user/Library/Developer/Xcode/DerivedData/SDKStatCaches.noindex/iphonesimulator26.4-23E237-688ef53f1462e2c8f657fdc38a81448f686eebb5dc1d8ecb277353a59184f4aa.sdkstatcache -target arm64-apple-ios15.0-simulator -fmessage-length\=0 -fdiagnostics-show-note-include-stack -fmacro-backtrace-limit\=0 -fno-color-diagnostics -fmodules-prune-interval\=86400 -fmodules-prune-after\=345600 -fbuild-session-file\=/Users/user/Library/Developer/Xcode/DerivedData/ModuleCache.noindex/Session.modulevalidation -fmodules-validate-once-per-build-session -Wnon-modular-include-in-framework-module -Werror\=non-modular-include-in-framework-module -Wno-trigraphs -Wno-missing-field-initializers -Wno-missing-prototypes -Wno-return-type -Wno-implicit-atomic-properties -Wno-objc-interface-ivars -Wno-arc-repeated-use-of-weak -Wno-missing-braces -Wparentheses -Wswitch -Wno-unused-function -Wno-unused-label -Wno-unused-parameter -Wno-unused-variable -Wunused-value -Wno-empty-body -Wno-uninitialized -Wno-unknown-pragmas -w -Wno-shadow -Wno-four-char-constants -Wno-conversion -Wno-constant-conversion -Wno-int-conversion -Wno-bool-conversion -Wno-enum-conversion -Wno-float-conversion -Wno-non-literal-null-conversion -Wno-objc-literal-conversion -Wshorten-64-to-32 -Wpointer-sign -Wno-newline-eof -Wno-selector -Wno-strict-selector-match -Wno-undeclared-selector -Wno-deprecated-implementations -Wno-implicit-fallthrough -isysroot /Applications/Xcode.app/Contents/Developer/Platforms/iPhoneSimulator.platform/Developer/SDKs/iPhoneSimulator26.4.sdk -fstrict-aliasing -Wprotocol -Wdeprecated-declarations -Wno-sign-conversion -Wno-infinite-recursion -Wno-comma -Wno-block-capture-autoreleasing -Wno-strict-prototypes -Wno-semicolon-before-method-body -index-store-path /Users/user/Library/Developer/Xcode/DerivedData/BestBefore_Prototype_IOS-gtponiwkrvabdfckstwbtylpgrqh/Index.noindex/DataStore @/Users/user/Library/Developer/Xcode/DerivedData/BestBefore_Prototype_IOS-gtponiwkrvabdfckstwbtylpgrqh/Build/Intermediates.noindex/GTMSessionFetcher.build/Debug-iphonesimulator/GTMSessionFetcherCore.build/Objects-normal/arm64/e6072d4f65d7061329687fe24e3d63a7-common-args.resp -include /Users/user/Library/Developer/Xcode/DerivedData/BestBefore_Prototype_IOS-gtponiwkrvabdfckstwbtylpgrqh/Build/Intermediates.noindex/GTMSessionFetcher.build/Debug-iphonesimulator/GTMSessionFetcherCore.build/DerivedSources/resource_bundle_accessor.h -MMD -MT dependencies -MF /Users/user/Library/Developer/Xcode/DerivedData/BestBefore_Prototype_IOS-gtponiwkrvabdfckstwbtylpgrqh/Build/Intermediates.noindex/GTMSessionFetcher.build/Debug-iphonesimulator/GTMSessionFetcherCore.build/Objects-normal/arm64/resource_bundle_accessor.d --serialize-diagnostics /Users/user/Library/Developer/Xcode/DerivedData/BestBefore_Prototype_IOS-gtponiwkrvabdfckstwbtylpgrqh/Build/Intermediates.noindex/GTMSessionFetcher.build/Debug-iphonesimulator/GTMSessionFetcherCore.build/Objects-normal/arm64/resource_bundle_accessor.dia -c /Users/user/Library/Developer/Xcode/DerivedData/BestBefore_Prototype_IOS-gtponiwkrvabdfckstwbtylpgrqh/Build/Intermediates.noindex/GTMSessionFetcher.build/Debug-iphonesimulator/GTMSessionFetcherCore.build/DerivedSources/resource_bundle_accessor.m -o /Users/user/Library/Developer/Xcode/DerivedData/BestBefore_Prototype_IOS-gtponiwkrvabdfckstwbtylpgrqh/Build/Intermediates.noindex/GTMSessionFetcher.build/Debug-iphonesimulator/GTMSessionFetcherCore.build/Objects-normal/arm64/resource_bundle_accessor.o -index-unit-output-path /GTMSessionFetcher.build/Debug-iphonesimulator/GTMSessionFetcherCore.build/Objects-normal/arm64/resource_bundle_accessor.o

ScanDependencies /Users/user/Library/Developer/Xcode/DerivedData/BestBefore_Prototype_IOS-gtponiwkrvabdfckstwbtylpgrqh/Build/Intermediates.noindex/GTMSessionFetcher.build/Debug-iphonesimulator/GTMSessionFetcherCore.build/Objects-normal/arm64/GTMSessionUploadFetcher.o /Users/user/Library/Developer/Xcode/DerivedData/BestBefore_Prototype_IOS-gtponiwkrvabdfckstwbtylpgrqh/SourcePackages/checkouts/gtm-session-fetcher/Sources/Core/GTMSessionUploadFetcher.m normal arm64 objective-c com.apple.compilers.llvm.clang.1_0.compiler (in target 'GTMSessionFetcherCore' from project 'GTMSessionFetcher')
    cd /Users/user/Downloads/BestBefore_Prototype_IOS\ 4/BestBefore_Prototype_IOS.xcodeproj
    
    Using response file: /Users/user/Library/Developer/Xcode/DerivedData/BestBefore_Prototype_IOS-gtponiwkrvabdfckstwbtylpgrqh/Build/Intermediates.noindex/GTMSessionFetcher.build/Debug-iphonesimulator/GTMSessionFetcherCore.build/Objects-normal/arm64/e6072d4f65d7061329687fe24e3d63a7-common-args.resp
    
    builtin-ScanDependencies -o /Users/user/Library/Developer/Xcode/DerivedData/BestBefore_Prototype_IOS-gtponiwkrvabdfckstwbtylpgrqh/Build/Intermediates.noindex/GTMSessionFetcher.build/Debug-iphonesimulator/GTMSessionFetcherCore.build/Objects-normal/arm64/GTMSessionUploadFetcher.o.scan -- /Applications/Xcode.app/Contents/Developer/Toolchains/XcodeDefault.xctoolchain/usr/bin/clang -x objective-c -ivfsstatcache /Users/user/Library/Developer/Xcode/DerivedData/SDKStatCaches.noindex/iphonesimulator26.4-23E237-688ef53f1462e2c8f657fdc38a81448f686eebb5dc1d8ecb277353a59184f4aa.sdkstatcache -target arm64-apple-ios15.0-simulator -fmessage-length\=0 -fdiagnostics-show-note-include-stack -fmacro-backtrace-limit\=0 -fno-color-diagnostics -fmodules-prune-interval\=86400 -fmodules-prune-after\=345600 -fbuild-session-file\=/Users/user/Library/Developer/Xcode/DerivedData/ModuleCache.noindex/Session.modulevalidation -fmodules-validate-once-per-build-session -Wnon-modular-include-in-framework-module -Werror\=non-modular-include-in-framework-module -Wno-trigraphs -Wno-missing-field-initializers -Wno-missing-prototypes -Wno-return-type -Wno-implicit-atomic-properties -Wno-objc-interface-ivars -Wno-arc-repeated-use-of-weak -Wno-missing-braces -Wparentheses -Wswitch -Wno-unused-function -Wno-unused-label -Wno-unused-parameter -Wno-unused-variable -Wunused-value -Wno-empty-body -Wno-uninitialized -Wno-unknown-pragmas -w -Wno-shadow -Wno-four-char-constants -Wno-conversion -Wno-constant-conversion -Wno-int-conversion -Wno-bool-conversion -Wno-enum-conversion -Wno-float-conversion -Wno-non-literal-null-conversion -Wno-objc-literal-conversion -Wshorten-64-to-32 -Wpointer-sign -Wno-newline-eof -Wno-selector -Wno-strict-selector-match -Wno-undeclared-selector -Wno-deprecated-implementations -Wno-implicit-fallthrough -isysroot /Applications/Xcode.app/Contents/Developer/Platforms/iPhoneSimulator.platform/Developer/SDKs/iPhoneSimulator26.4.sdk -fstrict-aliasing -Wprotocol -Wdeprecated-declarations -Wno-sign-conversion -Wno-infinite-recursion -Wno-comma -Wno-block-capture-autoreleasing -Wno-strict-prototypes -Wno-semicolon-before-method-body -index-store-path /Users/user/Library/Developer/Xcode/DerivedData/BestBefore_Prototype_IOS-gtponiwkrvabdfckstwbtylpgrqh/Index.noindex/DataStore @/Users/user/Library/Developer/Xcode/DerivedData/BestBefore_Prototype_IOS-gtponiwkrvabdfckstwbtylpgrqh/Build/Intermediates.noindex/GTMSessionFetcher.build/Debug-iphonesimulator/GTMSessionFetcherCore.build/Objects-normal/arm64/e6072d4f65d7061329687fe24e3d63a7-common-args.resp -include /Users/user/Library/Developer/Xcode/DerivedData/BestBefore_Prototype_IOS-gtponiwkrvabdfckstwbtylpgrqh/Build/Intermediates.noindex/GTMSessionFetcher.build/Debug-iphonesimulator/GTMSessionFetcherCore.build/DerivedSources/resource_bundle_accessor.h -MMD -MT dependencies -MF /Users/user/Library/Developer/Xcode/DerivedData/BestBefore_Prototype_IOS-gtponiwkrvabdfckstwbtylpgrqh/Build/Intermediates.noindex/GTMSessionFetcher.build/Debug-iphonesimulator/GTMSessionFetcherCore.build/Objects-normal/arm64/GTMSessionUploadFetcher.d --serialize-diagnostics /Users/user/Library/Developer/Xcode/DerivedData/BestBefore_Prototype_IOS-gtponiwkrvabdfckstwbtylpgrqh/Build/Intermediates.noindex/GTMSessionFetcher.build/Debug-iphonesimulator/GTMSessionFetcherCore.build/Objects-normal/arm64/GTMSessionUploadFetcher.dia -c /Users/user/Library/Developer/Xcode/DerivedData/BestBefore_Prototype_IOS-gtponiwkrvabdfckstwbtylpgrqh/SourcePackages/checkouts/gtm-session-fetcher/Sources/Core/GTMSessionUploadFetcher.m -o /Users/user/Library/Developer/Xcode/DerivedData/BestBefore_Prototype_IOS-gtponiwkrvabdfckstwbtylpgrqh/Build/Intermediates.noindex/GTMSessionFetcher.build/Debug-iphonesimulator/GTMSessionFetcherCore.build/Objects-normal/arm64/GTMSessionUploadFetcher.o -index-unit-output-path /GTMSessionFetcher.build/Debug-iphonesimulator/GTMSessionFetcherCore.build/Objects-normal/arm64/GTMSessionUploadFetcher.o

ScanDependencies /Users/user/Library/Developer/Xcode/DerivedData/BestBefore_Prototype_IOS-gtponiwkrvabdfckstwbtylpgrqh/Build/Intermediates.noindex/GTMSessionFetcher.build/Debug-iphonesimulator/GTMSessionFetcherCore.build/Objects-normal/arm64/GTMSessionFetcherService.o /Users/user/Library/Developer/Xcode/DerivedData/BestBefore_Prototype_IOS-gtponiwkrvabdfckstwbtylpgrqh/SourcePackages/checkouts/gtm-session-fetcher/Sources/Core/GTMSessionFetcherService.m normal arm64 objective-c com.apple.compilers.llvm.clang.1_0.compiler (in target 'GTMSessionFetcherCore' from project 'GTMSessionFetcher')
    cd /Users/user/Downloads/BestBefore_Prototype_IOS\ 4/BestBefore_Prototype_IOS.xcodeproj
    
    Using response file: /Users/user/Library/Developer/Xcode/DerivedData/BestBefore_Prototype_IOS-gtponiwkrvabdfckstwbtylpgrqh/Build/Intermediates.noindex/GTMSessionFetcher.build/Debug-iphonesimulator/GTMSessionFetcherCore.build/Objects-normal/arm64/e6072d4f65d7061329687fe24e3d63a7-common-args.resp
    
    builtin-ScanDependencies -o /Users/user/Library/Developer/Xcode/DerivedData/BestBefore_Prototype_IOS-gtponiwkrvabdfckstwbtylpgrqh/Build/Intermediates.noindex/GTMSessionFetcher.build/Debug-iphonesimulator/GTMSessionFetcherCore.build/Objects-normal/arm64/GTMSessionFetcherService.o.scan -- /Applications/Xcode.app/Contents/Developer/Toolchains/XcodeDefault.xctoolchain/usr/bin/clang -x objective-c -ivfsstatcache /Users/user/Library/Developer/Xcode/DerivedData/SDKStatCaches.noindex/iphonesimulator26.4-23E237-688ef53f1462e2c8f657fdc38a81448f686eebb5dc1d8ecb277353a59184f4aa.sdkstatcache -target arm64-apple-ios15.0-simulator -fmessage-length\=0 -fdiagnostics-show-note-include-stack -fmacro-backtrace-limit\=0 -fno-color-diagnostics -fmodules-prune-interval\=86400 -fmodules-prune-after\=345600 -fbuild-session-file\=/Users/user/Library/Developer/Xcode/DerivedData/ModuleCache.noindex/Session.modulevalidation -fmodules-validate-once-per-build-session -Wnon-modular-include-in-framework-module -Werror\=non-modular-include-in-framework-module -Wno-trigraphs -Wno-missing-field-initializers -Wno-missing-prototypes -Wno-return-type -Wno-implicit-atomic-properties -Wno-objc-interface-ivars -Wno-arc-repeated-use-of-weak -Wno-missing-braces -Wparentheses -Wswitch -Wno-unused-function -Wno-unused-label -Wno-unused-parameter -Wno-unused-variable -Wunused-value -Wno-empty-body -Wno-uninitialized -Wno-unknown-pragmas -w -Wno-shadow -Wno-four-char-constants -Wno-conversion -Wno-constant-conversion -Wno-int-conversion -Wno-bool-conversion -Wno-enum-conversion -Wno-float-conversion -Wno-non-literal-null-conversion -Wno-objc-literal-conversion -Wshorten-64-to-32 -Wpointer-sign -Wno-newline-eof -Wno-selector -Wno-strict-selector-match -Wno-undeclared-selector -Wno-deprecated-implementations -Wno-implicit-fallthrough -isysroot /Applications/Xcode.app/Contents/Developer/Platforms/iPhoneSimulator.platform/Developer/SDKs/iPhoneSimulator26.4.sdk -fstrict-aliasing -Wprotocol -Wdeprecated-declarations -Wno-sign-conversion -Wno-infinite-recursion -Wno-comma -Wno-block-capture-autoreleasing -Wno-strict-prototypes -Wno-semicolon-before-method-body -index-store-path /Users/user/Library/Developer/Xcode/DerivedData/BestBefore_Prototype_IOS-gtponiwkrvabdfckstwbtylpgrqh/Index.noindex/DataStore @/Users/user/Library/Developer/Xcode/DerivedData/BestBefore_Prototype_IOS-gtponiwkrvabdfckstwbtylpgrqh/Build/Intermediates.noindex/GTMSessionFetcher.build/Debug-iphonesimulator/GTMSessionFetcherCore.build/Objects-normal/arm64/e6072d4f65d7061329687fe24e3d63a7-common-args.resp -include /Users/user/Library/Developer/Xcode/DerivedData/BestBefore_Prototype_IOS-gtponiwkrvabdfckstwbtylpgrqh/Build/Intermediates.noindex/GTMSessionFetcher.build/Debug-iphonesimulator/GTMSessionFetcherCore.build/DerivedSources/resource_bundle_accessor.h -MMD -MT dependencies -MF /Users/user/Library/Developer/Xcode/DerivedData/BestBefore_Prototype_IOS-gtponiwkrvabdfckstwbtylpgrqh/Build/Intermediates.noindex/GTMSessionFetcher.build/Debug-iphonesimulator/GTMSessionFetcherCore.build/Objects-normal/arm64/GTMSessionFetcherService.d --serialize-diagnostics /Users/user/Library/Developer/Xcode/DerivedData/BestBefore_Prototype_IOS-gtponiwkrvabdfckstwbtylpgrqh/Build/Intermediates.noindex/GTMSessionFetcher.build/Debug-iphonesimulator/GTMSessionFetcherCore.build/Objects-normal/arm64/GTMSessionFetcherService.dia -c /Users/user/Library/Developer/Xcode/DerivedData/BestBefore_Prototype_IOS-gtponiwkrvabdfckstwbtylpgrqh/SourcePackages/checkouts/gtm-session-fetcher/Sources/Core/GTMSessionFetcherService.m -o /Users/user/Library/Developer/Xcode/DerivedData/BestBefore_Prototype_IOS-gtponiwkrvabdfckstwbtylpgrqh/Build/Intermediates.noindex/GTMSessionFetcher.build/Debug-iphonesimulator/GTMSessionFetcherCore.build/Objects-normal/arm64/GTMSessionFetcherService.o -index-unit-output-path /GTMSessionFetcher.build/Debug-iphonesimulator/GTMSessionFetcherCore.build/Objects-normal/arm64/GTMSessionFetcherService.o

ScanDependencies /Users/user/Library/Developer/Xcode/DerivedData/BestBefore_Prototype_IOS-gtponiwkrvabdfckstwbtylpgrqh/Build/Intermediates.noindex/GTMSessionFetcher.build/Debug-iphonesimulator/GTMSessionFetcherCore.build/Objects-normal/arm64/GTMSessionFetcherLogging.o /Users/user/Library/Developer/Xcode/DerivedData/BestBefore_Prototype_IOS-gtponiwkrvabdfckstwbtylpgrqh/SourcePackages/checkouts/gtm-session-fetcher/Sources/Core/GTMSessionFetcherLogging.m normal arm64 objective-c com.apple.compilers.llvm.clang.1_0.compiler (in target 'GTMSessionFetcherCore' from project 'GTMSessionFetcher')
    cd /Users/user/Downloads/BestBefore_Prototype_IOS\ 4/BestBefore_Prototype_IOS.xcodeproj
    
    Using response file: /Users/user/Library/Developer/Xcode/DerivedData/BestBefore_Prototype_IOS-gtponiwkrvabdfckstwbtylpgrqh/Build/Intermediates.noindex/GTMSessionFetcher.build/Debug-iphonesimulator/GTMSessionFetcherCore.build/Objects-normal/arm64/e6072d4f65d7061329687fe24e3d63a7-common-args.resp
    
    builtin-ScanDependencies -o /Users/user/Library/Developer/Xcode/DerivedData/BestBefore_Prototype_IOS-gtponiwkrvabdfckstwbtylpgrqh/Build/Intermediates.noindex/GTMSessionFetcher.build/Debug-iphonesimulator/GTMSessionFetcherCore.build/Objects-normal/arm64/GTMSessionFetcherLogging.o.scan -- /Applications/Xcode.app/Contents/Developer/Toolchains/XcodeDefault.xctoolchain/usr/bin/clang -x objective-c -ivfsstatcache /Users/user/Library/Developer/Xcode/DerivedData/SDKStatCaches.noindex/iphonesimulator26.4-23E237-688ef53f1462e2c8f657fdc38a81448f686eebb5dc1d8ecb277353a59184f4aa.sdkstatcache -target arm64-apple-ios15.0-simulator -fmessage-length\=0 -fdiagnostics-show-note-include-stack -fmacro-backtrace-limit\=0 -fno-color-diagnostics -fmodules-prune-interval\=86400 -fmodules-prune-after\=345600 -fbuild-session-file\=/Users/user/Library/Developer/Xcode/DerivedData/ModuleCache.noindex/Session.modulevalidation -fmodules-validate-once-per-build-session -Wnon-modular-include-in-framework-module -Werror\=non-modular-include-in-framework-module -Wno-trigraphs -Wno-missing-field-initializers -Wno-missing-prototypes -Wno-return-type -Wno-implicit-atomic-properties -Wno-objc-interface-ivars -Wno-arc-repeated-use-of-weak -Wno-missing-braces -Wparentheses -Wswitch -Wno-unused-function -Wno-unused-label -Wno-unused-parameter -Wno-unused-variable -Wunused-value -Wno-empty-body -Wno-uninitialized -Wno-unknown-pragmas -w -Wno-shadow -Wno-four-char-constants -Wno-conversion -Wno-constant-conversion -Wno-int-conversion -Wno-bool-conversion -Wno-enum-conversion -Wno-float-conversion -Wno-non-literal-null-conversion -Wno-objc-literal-conversion -Wshorten-64-to-32 -Wpointer-sign -Wno-newline-eof -Wno-selector -Wno-strict-selector-match -Wno-undeclared-selector -Wno-deprecated-implementations -Wno-implicit-fallthrough -isysroot /Applications/Xcode.app/Contents/Developer/Platforms/iPhoneSimulator.platform/Developer/SDKs/iPhoneSimulator26.4.sdk -fstrict-aliasing -Wprotocol -Wdeprecated-declarations -Wno-sign-conversion -Wno-infinite-recursion -Wno-comma -Wno-block-capture-autoreleasing -Wno-strict-prototypes -Wno-semicolon-before-method-body -index-store-path /Users/user/Library/Developer/Xcode/DerivedData/BestBefore_Prototype_IOS-gtponiwkrvabdfckstwbtylpgrqh/Index.noindex/DataStore @/Users/user/Library/Developer/Xcode/DerivedData/BestBefore_Prototype_IOS-gtponiwkrvabdfckstwbtylpgrqh/Build/Intermediates.noindex/GTMSessionFetcher.build/Debug-iphonesimulator/GTMSessionFetcherCore.build/Objects-normal/arm64/e6072d4f65d7061329687fe24e3d63a7-common-args.resp -include /Users/user/Library/Developer/Xcode/DerivedData/BestBefore_Prototype_IOS-gtponiwkrvabdfckstwbtylpgrqh/Build/Intermediates.noindex/GTMSessionFetcher.build/Debug-iphonesimulator/GTMSessionFetcherCore.build/DerivedSources/resource_bundle_accessor.h -MMD -MT dependencies -MF /Users/user/Library/Developer/Xcode/DerivedData/BestBefore_Prototype_IOS-gtponiwkrvabdfckstwbtylpgrqh/Build/Intermediates.noindex/GTMSessionFetcher.build/Debug-iphonesimulator/GTMSessionFetcherCore.build/Objects-normal/arm64/GTMSessionFetcherLogging.d --serialize-diagnostics /Users/user/Library/Developer/Xcode/DerivedData/BestBefore_Prototype_IOS-gtponiwkrvabdfckstwbtylpgrqh/Build/Intermediates.noindex/GTMSessionFetcher.build/Debug-iphonesimulator/GTMSessionFetcherCore.build/Objects-normal/arm64/GTMSessionFetcherLogging.dia -c /Users/user/Library/Developer/Xcode/DerivedData/BestBefore_Prototype_IOS-gtponiwkrvabdfckstwbtylpgrqh/SourcePackages/checkouts/gtm-session-fetcher/Sources/Core/GTMSessionFetcherLogging.m -o /Users/user/Library/Developer/Xcode/DerivedData/BestBefore_Prototype_IOS-gtponiwkrvabdfckstwbtylpgrqh/Build/Intermediates.noindex/GTMSessionFetcher.build/Debug-iphonesimulator/GTMSessionFetcherCore.build/Objects-normal/arm64/GTMSessionFetcherLogging.o -index-unit-output-path /GTMSessionFetcher.build/Debug-iphonesimulator/GTMSessionFetcherCore.build/Objects-normal/arm64/GTMSessionFetcherLogging.o

PrecompileModule /Users/user/Library/Developer/Xcode/DerivedData/BestBefore_Prototype_IOS-gtponiwkrvabdfckstwbtylpgrqh/Build/Intermediates.noindex/ExplicitPrecompiledModules/_DarwinFoundation1-2UEAOTFJIUY1VFYX4XV86XNTX.scan
    cd /
    builtin-precompileModule /Users/user/Library/Developer/Xcode/DerivedData/BestBefore_Prototype_IOS-gtponiwkrvabdfckstwbtylpgrqh/Build/Intermediates.noindex/ExplicitPrecompiledModules/_DarwinFoundation1-2UEAOTFJIUY1VFYX4XV86XNTX.scan

PrecompileModule /Users/user/Library/Developer/Xcode/DerivedData/BestBefore_Prototype_IOS-gtponiwkrvabdfckstwbtylpgrqh/Build/Intermediates.noindex/ExplicitPrecompiledModules/_Builtin_stddef-9HC9MBPZPPYF2GJDOM8F290G0.scan
    cd /
    builtin-precompileModule /Users/user/Library/Developer/Xcode/DerivedData/BestBefore_Prototype_IOS-gtponiwkrvabdfckstwbtylpgrqh/Build/Intermediates.noindex/ExplicitPrecompiledModules/_Builtin_stddef-9HC9MBPZPPYF2GJDOM8F290G0.scan

SwiftExplicitDependencyGeneratePcm arm64 /Users/user/Library/Developer/Xcode/DerivedData/BestBefore_Prototype_IOS-gtponiwkrvabdfckstwbtylpgrqh/Build/Intermediates.noindex/SwiftExplicitPrecompiledModules/GoogleUtilities_NSData-Y8TOPVZQROACP0ER3TPNB8RZ.pcm

PrecompileModule /Users/user/Library/Developer/Xcode/DerivedData/BestBefore_Prototype_IOS-gtponiwkrvabdfckstwbtylpgrqh/Build/Intermediates.noindex/ExplicitPrecompiledModules/ptrauth-997TSPVD7UARXLISYELUQT5BY.scan
    cd /
    builtin-precompileModule /Users/user/Library/Developer/Xcode/DerivedData/BestBefore_Prototype_IOS-gtponiwkrvabdfckstwbtylpgrqh/Build/Intermediates.noindex/ExplicitPrecompiledModules/ptrauth-997TSPVD7UARXLISYELUQT5BY.scan

PrecompileModule /Users/user/Library/Developer/Xcode/DerivedData/BestBefore_Prototype_IOS-gtponiwkrvabdfckstwbtylpgrqh/Build/Intermediates.noindex/ExplicitPrecompiledModules/_DarwinFoundation2-3XIEGBRD9SINU5DO5IZMPAQQJ.scan
    cd /
    builtin-precompileModule /Users/user/Library/Developer/Xcode/DerivedData/BestBefore_Prototype_IOS-gtponiwkrvabdfckstwbtylpgrqh/Build/Intermediates.noindex/ExplicitPrecompiledModules/_DarwinFoundation2-3XIEGBRD9SINU5DO5IZMPAQQJ.scan

PrecompileModule /Users/user/Library/Developer/Xcode/DerivedData/BestBefore_Prototype_IOS-gtponiwkrvabdfckstwbtylpgrqh/Build/Intermediates.noindex/ExplicitPrecompiledModules/_Builtin_stdarg-909GGAQP5PK6XLZH0JHQQSTIU.scan
    cd /
    builtin-precompileModule /Users/user/Library/Developer/Xcode/DerivedData/BestBefore_Prototype_IOS-gtponiwkrvabdfckstwbtylpgrqh/Build/Intermediates.noindex/ExplicitPrecompiledModules/_Builtin_stdarg-909GGAQP5PK6XLZH0JHQQSTIU.scan

PrecompileModule /Users/user/Library/Developer/Xcode/DerivedData/BestBefore_Prototype_IOS-gtponiwkrvabdfckstwbtylpgrqh/Build/Intermediates.noindex/ExplicitPrecompiledModules/ptrcheck-3EI92C5LJEIG6RBAJKOVO4L9G.scan
    cd /
    builtin-precompileModule /Users/user/Library/Developer/Xcode/DerivedData/BestBefore_Prototype_IOS-gtponiwkrvabdfckstwbtylpgrqh/Build/Intermediates.noindex/ExplicitPrecompiledModules/ptrcheck-3EI92C5LJEIG6RBAJKOVO4L9G.scan

PrecompileModule /Users/user/Library/Developer/Xcode/DerivedData/BestBefore_Prototype_IOS-gtponiwkrvabdfckstwbtylpgrqh/Build/Intermediates.noindex/ExplicitPrecompiledModules/_AvailabilityInternal-1Q7BI05XZL5OHBQ8A29FFTZA9.scan
    cd /
    builtin-precompileModule /Users/user/Library/Developer/Xcode/DerivedData/BestBefore_Prototype_IOS-gtponiwkrvabdfckstwbtylpgrqh/Build/Intermediates.noindex/ExplicitPrecompiledModules/_AvailabilityInternal-1Q7BI05XZL5OHBQ8A29FFTZA9.scan

PrecompileModule /Users/user/Library/Developer/Xcode/DerivedData/BestBefore_Prototype_IOS-gtponiwkrvabdfckstwbtylpgrqh/Build/Intermediates.noindex/ExplicitPrecompiledModules/_Builtin_float-2SI01JC8LFUXXZBUYO5J8EIFY.scan
    cd /
    builtin-precompileModule /Users/user/Library/Developer/Xcode/DerivedData/BestBefore_Prototype_IOS-gtponiwkrvabdfckstwbtylpgrqh/Build/Intermediates.noindex/ExplicitPrecompiledModules/_Builtin_float-2SI01JC8LFUXXZBUYO5J8EIFY.scan

PrecompileModule /Users/user/Library/Developer/Xcode/DerivedData/BestBefore_Prototype_IOS-gtponiwkrvabdfckstwbtylpgrqh/Build/Intermediates.noindex/ExplicitPrecompiledModules/_Builtin_stdint-E5RF9EGGB1XGH8MVN05YKOLHQ.scan
    cd /
    builtin-precompileModule /Users/user/Library/Developer/Xcode/DerivedData/BestBefore_Prototype_IOS-gtponiwkrvabdfckstwbtylpgrqh/Build/Intermediates.noindex/ExplicitPrecompiledModules/_Builtin_stdint-E5RF9EGGB1XGH8MVN05YKOLHQ.scan

PrecompileModule /Users/user/Library/Developer/Xcode/DerivedData/BestBefore_Prototype_IOS-gtponiwkrvabdfckstwbtylpgrqh/Build/Intermediates.noindex/ExplicitPrecompiledModules/_Builtin_limits-4D8AL06A8L8AOZKGMG6YZTOVO.scan
    cd /
    builtin-precompileModule /Users/user/Library/Developer/Xcode/DerivedData/BestBefore_Prototype_IOS-gtponiwkrvabdfckstwbtylpgrqh/Build/Intermediates.noindex/ExplicitPrecompiledModules/_Builtin_limits-4D8AL06A8L8AOZKGMG6YZTOVO.scan

PrecompileModule /Users/user/Library/Developer/Xcode/DerivedData/BestBefore_Prototype_IOS-gtponiwkrvabdfckstwbtylpgrqh/Build/Intermediates.noindex/ExplicitPrecompiledModules/_Builtin_stdbool-275393P4ON9PFT9JHSALDA7IZ.scan
    cd /
    builtin-precompileModule /Users/user/Library/Developer/Xcode/DerivedData/BestBefore_Prototype_IOS-gtponiwkrvabdfckstwbtylpgrqh/Build/Intermediates.noindex/ExplicitPrecompiledModules/_Builtin_stdbool-275393P4ON9PFT9JHSALDA7IZ.scan

PrecompileModule /Users/user/Library/Developer/Xcode/DerivedData/BestBefore_Prototype_IOS-gtponiwkrvabdfckstwbtylpgrqh/Build/Intermediates.noindex/ExplicitPrecompiledModules/_DarwinFoundation1-CECRC5NIDNARQNGMLB8PXA8QR.scan
    cd /
    builtin-precompileModule /Users/user/Library/Developer/Xcode/DerivedData/BestBefore_Prototype_IOS-gtponiwkrvabdfckstwbtylpgrqh/Build/Intermediates.noindex/ExplicitPrecompiledModules/_DarwinFoundation1-CECRC5NIDNARQNGMLB8PXA8QR.scan

ScanDependencies /Users/user/Library/Developer/Xcode/DerivedData/BestBefore_Prototype_IOS-gtponiwkrvabdfckstwbtylpgrqh/Build/Intermediates.noindex/GTMSessionFetcher.build/Debug-iphonesimulator/GTMSessionFetcherCore.build/Objects-normal/arm64/GTMSessionFetcher.o /Users/user/Library/Developer/Xcode/DerivedData/BestBefore_Prototype_IOS-gtponiwkrvabdfckstwbtylpgrqh/SourcePackages/checkouts/gtm-session-fetcher/Sources/Core/GTMSessionFetcher.m normal arm64 objective-c com.apple.compilers.llvm.clang.1_0.compiler (in target 'GTMSessionFetcherCore' from project 'GTMSessionFetcher')
    cd /Users/user/Downloads/BestBefore_Prototype_IOS\ 4/BestBefore_Prototype_IOS.xcodeproj
    
    Using response file: /Users/user/Library/Developer/Xcode/DerivedData/BestBefore_Prototype_IOS-gtponiwkrvabdfckstwbtylpgrqh/Build/Intermediates.noindex/GTMSessionFetcher.build/Debug-iphonesimulator/GTMSessionFetcherCore.build/Objects-normal/arm64/e6072d4f65d7061329687fe24e3d63a7-common-args.resp
    
    builtin-ScanDependencies -o /Users/user/Library/Developer/Xcode/DerivedData/BestBefore_Prototype_IOS-gtponiwkrvabdfckstwbtylpgrqh/Build/Intermediates.noindex/GTMSessionFetcher.build/Debug-iphonesimulator/GTMSessionFetcherCore.build/Objects-normal/arm64/GTMSessionFetcher.o.scan -- /Applications/Xcode.app/Contents/Developer/Toolchains/XcodeDefault.xctoolchain/usr/bin/clang -x objective-c -ivfsstatcache /Users/user/Library/Developer/Xcode/DerivedData/SDKStatCaches.noindex/iphonesimulator26.4-23E237-688ef53f1462e2c8f657fdc38a81448f686eebb5dc1d8ecb277353a59184f4aa.sdkstatcache -target arm64-apple-ios15.0-simulator -fmessage-length\=0 -fdiagnostics-show-note-include-stack -fmacro-backtrace-limit\=0 -fno-color-diagnostics -fmodules-prune-interval\=86400 -fmodules-prune-after\=345600 -fbuild-session-file\=/Users/user/Library/Developer/Xcode/DerivedData/ModuleCache.noindex/Session.modulevalidation -fmodules-validate-once-per-build-session -Wnon-modular-include-in-framework-module -Werror\=non-modular-include-in-framework-module -Wno-trigraphs -Wno-missing-field-initializers -Wno-missing-prototypes -Wno-return-type -Wno-implicit-atomic-properties -Wno-objc-interface-ivars -Wno-arc-repeated-use-of-weak -Wno-missing-braces -Wparentheses -Wswitch -Wno-unused-function -Wno-unused-label -Wno-unused-parameter -Wno-unused-variable -Wunused-value -Wno-empty-body -Wno-uninitialized -Wno-unknown-pragmas -w -Wno-shadow -Wno-four-char-constants -Wno-conversion -Wno-constant-conversion -Wno-int-conversion -Wno-bool-conversion -Wno-enum-conversion -Wno-float-conversion -Wno-non-literal-null-conversion -Wno-objc-literal-conversion -Wshorten-64-to-32 -Wpointer-sign -Wno-newline-eof -Wno-selector -Wno-strict-selector-match -Wno-undeclared-selector -Wno-deprecated-implementations -Wno-implicit-fallthrough -isysroot /Applications/Xcode.app/Contents/Developer/Platforms/iPhoneSimulator.platform/Developer/SDKs/iPhoneSimulator26.4.sdk -fstrict-aliasing -Wprotocol -Wdeprecated-declarations -Wno-sign-conversion -Wno-infinite-recursion -Wno-comma -Wno-block-capture-autoreleasing -Wno-strict-prototypes -Wno-semicolon-before-method-body -index-store-path /Users/user/Library/Developer/Xcode/DerivedData/BestBefore_Prototype_IOS-gtponiwkrvabdfckstwbtylpgrqh/Index.noindex/DataStore @/Users/user/Library/Developer/Xcode/DerivedData/BestBefore_Prototype_IOS-gtponiwkrvabdfckstwbtylpgrqh/Build/Intermediates.noindex/GTMSessionFetcher.build/Debug-iphonesimulator/GTMSessionFetcherCore.build/Objects-normal/arm64/e6072d4f65d7061329687fe24e3d63a7-common-args.resp -include /Users/user/Library/Developer/Xcode/DerivedData/BestBefore_Prototype_IOS-gtponiwkrvabdfckstwbtylpgrqh/Build/Intermediates.noindex/GTMSessionFetcher.build/Debug-iphonesimulator/GTMSessionFetcherCore.build/DerivedSources/resource_bundle_accessor.h -MMD -MT dependencies -MF /Users/user/Library/Developer/Xcode/DerivedData/BestBefore_Prototype_IOS-gtponiwkrvabdfckstwbtylpgrqh/Build/Intermediates.noindex/GTMSessionFetcher.build/Debug-iphonesimulator/GTMSessionFetcherCore.build/Objects-normal/arm64/GTMSessionFetcher.d --serialize-diagnostics /Users/user/Library/Developer/Xcode/DerivedData/BestBefore_Prototype_IOS-gtponiwkrvabdfckstwbtylpgrqh/Build/Intermediates.noindex/GTMSessionFetcher.build/Debug-iphonesimulator/GTMSessionFetcherCore.build/Objects-normal/arm64/GTMSessionFetcher.dia -c /Users/user/Library/Developer/Xcode/DerivedData/BestBefore_Prototype_IOS-gtponiwkrvabdfckstwbtylpgrqh/SourcePackages/checkouts/gtm-session-fetcher/Sources/Core/GTMSessionFetcher.m -o /Users/user/Library/Developer/Xcode/DerivedData/BestBefore_Prototype_IOS-gtponiwkrvabdfckstwbtylpgrqh/Build/Intermediates.noindex/GTMSessionFetcher.build/Debug-iphonesimulator/GTMSessionFetcherCore.build/Objects-normal/arm64/GTMSessionFetcher.o -index-unit-output-path /GTMSessionFetcher.build/Debug-iphonesimulator/GTMSessionFetcherCore.build/Objects-normal/arm64/GTMSessionFetcher.o

ScanDependencies /Users/user/Library/Developer/Xcode/DerivedData/BestBefore_Prototype_IOS-gtponiwkrvabdfckstwbtylpgrqh/Build/Intermediates.noindex/Firebase.build/Debug-iphonesimulator/FirebaseCoreExtension.build/Objects-normal/arm64/resource_bundle_accessor.o /Users/user/Library/Developer/Xcode/DerivedData/BestBefore_Prototype_IOS-gtponiwkrvabdfckstwbtylpgrqh/Build/Intermediates.noindex/Firebase.build/Debug-iphonesimulator/FirebaseCoreExtension.build/DerivedSources/resource_bundle_accessor.m normal arm64 objective-c com.apple.compilers.llvm.clang.1_0.compiler (in target 'FirebaseCoreExtension' from project 'Firebase')
    cd /Users/user/Downloads/BestBefore_Prototype_IOS\ 4/BestBefore_Prototype_IOS.xcodeproj
    
    Using response file: /Users/user/Library/Developer/Xcode/DerivedData/BestBefore_Prototype_IOS-gtponiwkrvabdfckstwbtylpgrqh/Build/Intermediates.noindex/Firebase.build/Debug-iphonesimulator/FirebaseCoreExtension.build/Objects-normal/arm64/e6072d4f65d7061329687fe24e3d63a7-common-args.resp
    
    builtin-ScanDependencies -o /Users/user/Library/Developer/Xcode/DerivedData/BestBefore_Prototype_IOS-gtponiwkrvabdfckstwbtylpgrqh/Build/Intermediates.noindex/Firebase.build/Debug-iphonesimulator/FirebaseCoreExtension.build/Objects-normal/arm64/resource_bundle_accessor.o.scan -- /Applications/Xcode.app/Contents/Developer/Toolchains/XcodeDefault.xctoolchain/usr/bin/clang -x objective-c -ivfsstatcache /Users/user/Library/Developer/Xcode/DerivedData/SDKStatCaches.noindex/iphonesimulator26.4-23E237-688ef53f1462e2c8f657fdc38a81448f686eebb5dc1d8ecb277353a59184f4aa.sdkstatcache -target arm64-apple-ios15.0-simulator -fmessage-length\=0 -fdiagnostics-show-note-include-stack -fmacro-backtrace-limit\=0 -fno-color-diagnostics -fmodules-prune-interval\=86400 -fmodules-prune-after\=345600 -fbuild-session-file\=/Users/user/Library/Developer/Xcode/DerivedData/ModuleCache.noindex/Session.modulevalidation -fmodules-validate-once-per-build-session -Wnon-modular-include-in-framework-module -Werror\=non-modular-include-in-framework-module -Wno-trigraphs -Wno-missing-field-initializers -Wno-missing-prototypes -Wno-return-type -Wno-implicit-atomic-properties -Wno-objc-interface-ivars -Wno-arc-repeated-use-of-weak -Wno-missing-braces -Wparentheses -Wswitch -Wno-unused-function -Wno-unused-label -Wno-unused-parameter -Wno-unused-variable -Wunused-value -Wno-empty-body -Wno-uninitialized -Wno-unknown-pragmas -w -Wno-shadow -Wno-four-char-constants -Wno-conversion -Wno-constant-conversion -Wno-int-conversion -Wno-bool-conversion -Wno-enum-conversion -Wno-float-conversion -Wno-non-literal-null-conversion -Wno-objc-literal-conversion -Wshorten-64-to-32 -Wpointer-sign -Wno-newline-eof -Wno-selector -Wno-strict-selector-match -Wno-undeclared-selector -Wno-deprecated-implementations -Wno-implicit-fallthrough -isysroot /Applications/Xcode.app/Contents/Developer/Platforms/iPhoneSimulator.platform/Developer/SDKs/iPhoneSimulator26.4.sdk -fstrict-aliasing -Wprotocol -Wdeprecated-declarations -Wno-sign-conversion -Wno-infinite-recursion -Wno-comma -Wno-block-capture-autoreleasing -Wno-strict-prototypes -Wno-semicolon-before-method-body -index-store-path /Users/user/Library/Developer/Xcode/DerivedData/BestBefore_Prototype_IOS-gtponiwkrvabdfckstwbtylpgrqh/Index.noindex/DataStore @/Users/user/Library/Developer/Xcode/DerivedData/BestBefore_Prototype_IOS-gtponiwkrvabdfckstwbtylpgrqh/Build/Intermediates.noindex/Firebase.build/Debug-iphonesimulator/FirebaseCoreExtension.build/Objects-normal/arm64/e6072d4f65d7061329687fe24e3d63a7-common-args.resp -include /Users/user/Library/Developer/Xcode/DerivedData/BestBefore_Prototype_IOS-gtponiwkrvabdfckstwbtylpgrqh/Build/Intermediates.noindex/Firebase.build/Debug-iphonesimulator/FirebaseCoreExtension.build/DerivedSources/resource_bundle_accessor.h -MMD -MT dependencies -MF /Users/user/Library/Developer/Xcode/DerivedData/BestBefore_Prototype_IOS-gtponiwkrvabdfckstwbtylpgrqh/Build/Intermediates.noindex/Firebase.build/Debug-iphonesimulator/FirebaseCoreExtension.build/Objects-normal/arm64/resource_bundle_accessor.d --serialize-diagnostics /Users/user/Library/Developer/Xcode/DerivedData/BestBefore_Prototype_IOS-gtponiwkrvabdfckstwbtylpgrqh/Build/Intermediates.noindex/Firebase.build/Debug-iphonesimulator/FirebaseCoreExtension.build/Objects-normal/arm64/resource_bundle_accessor.dia -c /Users/user/Library/Developer/Xcode/DerivedData/BestBefore_Prototype_IOS-gtponiwkrvabdfckstwbtylpgrqh/Build/Intermediates.noindex/Firebase.build/Debug-iphonesimulator/FirebaseCoreExtension.build/DerivedSources/resource_bundle_accessor.m -o /Users/user/Library/Developer/Xcode/DerivedData/BestBefore_Prototype_IOS-gtponiwkrvabdfckstwbtylpgrqh/Build/Intermediates.noindex/Firebase.build/Debug-iphonesimulator/FirebaseCoreExtension.build/Objects-normal/arm64/resource_bundle_accessor.o -index-unit-output-path /Firebase.build/Debug-iphonesimulator/FirebaseCoreExtension.build/Objects-normal/arm64/resource_bundle_accessor.o

PrecompileModule /Users/user/Library/Developer/Xcode/DerivedData/BestBefore_Prototype_IOS-gtponiwkrvabdfckstwbtylpgrqh/Build/Intermediates.noindex/ExplicitPrecompiledModules/_DarwinFoundation3-6NZOMCB6K34GD7OKBPEO3EPN5.scan
    cd /
    builtin-precompileModule /Users/user/Library/Developer/Xcode/DerivedData/BestBefore_Prototype_IOS-gtponiwkrvabdfckstwbtylpgrqh/Build/Intermediates.noindex/ExplicitPrecompiledModules/_DarwinFoundation3-6NZOMCB6K34GD7OKBPEO3EPN5.scan

ScanDependencies /Users/user/Library/Developer/Xcode/DerivedData/BestBefore_Prototype_IOS-gtponiwkrvabdfckstwbtylpgrqh/Build/Intermediates.noindex/Firebase.build/Debug-iphonesimulator/FirebaseCoreExtension.build/Objects-normal/arm64/dummy.o /Users/user/Library/Developer/Xcode/DerivedData/BestBefore_Prototype_IOS-gtponiwkrvabdfckstwbtylpgrqh/SourcePackages/checkouts/firebase-ios-sdk/FirebaseCore/Extension/dummy.m normal arm64 objective-c com.apple.compilers.llvm.clang.1_0.compiler (in target 'FirebaseCoreExtension' from project 'Firebase')
    cd /Users/user/Downloads/BestBefore_Prototype_IOS\ 4/BestBefore_Prototype_IOS.xcodeproj
    
    Using response file: /Users/user/Library/Developer/Xcode/DerivedData/BestBefore_Prototype_IOS-gtponiwkrvabdfckstwbtylpgrqh/Build/Intermediates.noindex/Firebase.build/Debug-iphonesimulator/FirebaseCoreExtension.build/Objects-normal/arm64/e6072d4f65d7061329687fe24e3d63a7-common-args.resp
    
    builtin-ScanDependencies -o /Users/user/Library/Developer/Xcode/DerivedData/BestBefore_Prototype_IOS-gtponiwkrvabdfckstwbtylpgrqh/Build/Intermediates.noindex/Firebase.build/Debug-iphonesimulator/FirebaseCoreExtension.build/Objects-normal/arm64/dummy.o.scan -- /Applications/Xcode.app/Contents/Developer/Toolchains/XcodeDefault.xctoolchain/usr/bin/clang -x objective-c -ivfsstatcache /Users/user/Library/Developer/Xcode/DerivedData/SDKStatCaches.noindex/iphonesimulator26.4-23E237-688ef53f1462e2c8f657fdc38a81448f686eebb5dc1d8ecb277353a59184f4aa.sdkstatcache -target arm64-apple-ios15.0-simulator -fmessage-length\=0 -fdiagnostics-show-note-include-stack -fmacro-backtrace-limit\=0 -fno-color-diagnostics -fmodules-prune-interval\=86400 -fmodules-prune-after\=345600 -fbuild-session-file\=/Users/user/Library/Developer/Xcode/DerivedData/ModuleCache.noindex/Session.modulevalidation -fmodules-validate-once-per-build-session -Wnon-modular-include-in-framework-module -Werror\=non-modular-include-in-framework-module -Wno-trigraphs -Wno-missing-field-initializers -Wno-missing-prototypes -Wno-return-type -Wno-implicit-atomic-properties -Wno-objc-interface-ivars -Wno-arc-repeated-use-of-weak -Wno-missing-braces -Wparentheses -Wswitch -Wno-unused-function -Wno-unused-label -Wno-unused-parameter -Wno-unused-variable -Wunused-value -Wno-empty-body -Wno-uninitialized -Wno-unknown-pragmas -w -Wno-shadow -Wno-four-char-constants -Wno-conversion -Wno-constant-conversion -Wno-int-conversion -Wno-bool-conversion -Wno-enum-conversion -Wno-float-conversion -Wno-non-literal-null-conversion -Wno-objc-literal-conversion -Wshorten-64-to-32 -Wpointer-sign -Wno-newline-eof -Wno-selector -Wno-strict-selector-match -Wno-undeclared-selector -Wno-deprecated-implementations -Wno-implicit-fallthrough -isysroot /Applications/Xcode.app/Contents/Developer/Platforms/iPhoneSimulator.platform/Developer/SDKs/iPhoneSimulator26.4.sdk -fstrict-aliasing -Wprotocol -Wdeprecated-declarations -Wno-sign-conversion -Wno-infinite-recursion -Wno-comma -Wno-block-capture-autoreleasing -Wno-strict-prototypes -Wno-semicolon-before-method-body -index-store-path /Users/user/Library/Developer/Xcode/DerivedData/BestBefore_Prototype_IOS-gtponiwkrvabdfckstwbtylpgrqh/Index.noindex/DataStore @/Users/user/Library/Developer/Xcode/DerivedData/BestBefore_Prototype_IOS-gtponiwkrvabdfckstwbtylpgrqh/Build/Intermediates.noindex/Firebase.build/Debug-iphonesimulator/FirebaseCoreExtension.build/Objects-normal/arm64/e6072d4f65d7061329687fe24e3d63a7-common-args.resp -include /Users/user/Library/Developer/Xcode/DerivedData/BestBefore_Prototype_IOS-gtponiwkrvabdfckstwbtylpgrqh/Build/Intermediates.noindex/Firebase.build/Debug-iphonesimulator/FirebaseCoreExtension.build/DerivedSources/resource_bundle_accessor.h -MMD -MT dependencies -MF /Users/user/Library/Developer/Xcode/DerivedData/BestBefore_Prototype_IOS-gtponiwkrvabdfckstwbtylpgrqh/Build/Intermediates.noindex/Firebase.build/Debug-iphonesimulator/FirebaseCoreExtension.build/Objects-normal/arm64/dummy.d --serialize-diagnostics /Users/user/Library/Developer/Xcode/DerivedData/BestBefore_Prototype_IOS-gtponiwkrvabdfckstwbtylpgrqh/Build/Intermediates.noindex/Firebase.build/Debug-iphonesimulator/FirebaseCoreExtension.build/Objects-normal/arm64/dummy.dia -c /Users/user/Library/Developer/Xcode/DerivedData/BestBefore_Prototype_IOS-gtponiwkrvabdfckstwbtylpgrqh/SourcePackages/checkouts/firebase-ios-sdk/FirebaseCore/Extension/dummy.m -o /Users/user/Library/Developer/Xcode/DerivedData/BestBefore_Prototype_IOS-gtponiwkrvabdfckstwbtylpgrqh/Build/Intermediates.noindex/Firebase.build/Debug-iphonesimulator/FirebaseCoreExtension.build/Objects-normal/arm64/dummy.o -index-unit-output-path /Firebase.build/Debug-iphonesimulator/FirebaseCoreExtension.build/Objects-normal/arm64/dummy.o

PrecompileModule /Users/user/Library/Developer/Xcode/DerivedData/BestBefore_Prototype_IOS-gtponiwkrvabdfckstwbtylpgrqh/Build/Intermediates.noindex/ExplicitPrecompiledModules/_DarwinFoundation2-91KPF51QE8WTJN2HMYQAKPDTD.scan
    cd /
    builtin-precompileModule /Users/user/Library/Developer/Xcode/DerivedData/BestBefore_Prototype_IOS-gtponiwkrvabdfckstwbtylpgrqh/Build/Intermediates.noindex/ExplicitPrecompiledModules/_DarwinFoundation2-91KPF51QE8WTJN2HMYQAKPDTD.scan

PrecompileModule /Users/user/Library/Developer/Xcode/DerivedData/BestBefore_Prototype_IOS-gtponiwkrvabdfckstwbtylpgrqh/Build/Intermediates.noindex/ExplicitPrecompiledModules/_Builtin_limits-2C84IDZZR7AZ2G8I71WLKVCZW.scan
    cd /
    builtin-precompileModule /Users/user/Library/Developer/Xcode/DerivedData/BestBefore_Prototype_IOS-gtponiwkrvabdfckstwbtylpgrqh/Build/Intermediates.noindex/ExplicitPrecompiledModules/_Builtin_limits-2C84IDZZR7AZ2G8I71WLKVCZW.scan

CompileC /Users/user/Library/Developer/Xcode/DerivedData/BestBefore_Prototype_IOS-gtponiwkrvabdfckstwbtylpgrqh/Build/Intermediates.noindex/GoogleDataTransport.build/Debug-iphonesimulator/GoogleDataTransport.build/Objects-normal/arm64/GDTCORUploadCoordinator.o /Users/user/Library/Developer/Xcode/DerivedData/BestBefore_Prototype_IOS-gtponiwkrvabdfckstwbtylpgrqh/SourcePackages/checkouts/GoogleDataTransport/GoogleDataTransport/GDTCORLibrary/GDTCORUploadCoordinator.m normal arm64 objective-c com.apple.compilers.llvm.clang.1_0.compiler (in target 'GoogleDataTransport' from project 'GoogleDataTransport')
    cd /Users/user/Downloads/BestBefore_Prototype_IOS\ 4/BestBefore_Prototype_IOS.xcodeproj
    
    Using response file: /Users/user/Library/Developer/Xcode/DerivedData/BestBefore_Prototype_IOS-gtponiwkrvabdfckstwbtylpgrqh/Build/Intermediates.noindex/GoogleDataTransport.build/Debug-iphonesimulator/GoogleDataTransport.build/Objects-normal/arm64/e6072d4f65d7061329687fe24e3d63a7-common-args.resp
    
    /Applications/Xcode.app/Contents/Developer/Toolchains/XcodeDefault.xctoolchain/usr/bin/clang -x objective-c -ivfsstatcache /Users/user/Library/Developer/Xcode/DerivedData/SDKStatCaches.noindex/iphonesimulator26.4-23E237-688ef53f1462e2c8f657fdc38a81448f686eebb5dc1d8ecb277353a59184f4aa.sdkstatcache -target arm64-apple-ios12.0-simulator -fmessage-length\=0 -fdiagnostics-show-note-include-stack -fmacro-backtrace-limit\=0 -fno-color-diagnostics -fmodules-prune-interval\=86400 -fmodules-prune-after\=345600 -fbuild-session-file\=/Users/user/Library/Developer/Xcode/DerivedData/ModuleCache.noindex/Session.modulevalidation -fmodules-validate-once-per-build-session -Wnon-modular-include-in-framework-module -Werror\=non-modular-include-in-framework-module -Wno-trigraphs -Wno-missing-field-initializers -Wno-missing-prototypes -Wno-return-type -Wno-implicit-atomic-properties -Wno-objc-interface-ivars -Wno-arc-repeated-use-of-weak -Wno-missing-braces -Wparentheses -Wswitch -Wno-unused-function -Wno-unused-label -Wno-unused-parameter -Wno-unused-variable -Wunused-value -Wno-empty-body -Wno-uninitialized -Wno-unknown-pragmas -w -Wno-shadow -Wno-four-char-constants -Wno-conversion -Wno-constant-conversion -Wno-int-conversion -Wno-bool-conversion -Wno-enum-conversion -Wno-float-conversion -Wno-non-literal-null-conversion -Wno-objc-literal-conversion -Wshorten-64-to-32 -Wpointer-sign -Wno-newline-eof -Wno-selector -Wno-strict-selector-match -Wno-undeclared-selector -Wno-deprecated-implementations -Wno-implicit-fallthrough -isysroot /Applications/Xcode.app/Contents/Developer/Platforms/iPhoneSimulator.platform/Developer/SDKs/iPhoneSimulator26.4.sdk -fstrict-aliasing -Wprotocol -Wdeprecated-declarations -Wno-sign-conversion -Wno-infinite-recursion -Wno-comma -Wno-block-capture-autoreleasing -Wno-strict-prototypes -Wno-semicolon-before-method-body -index-store-path /Users/user/Library/Developer/Xcode/DerivedData/BestBefore_Prototype_IOS-gtponiwkrvabdfckstwbtylpgrqh/Index.noindex/DataStore @/Users/user/Library/Developer/Xcode/DerivedData/BestBefore_Prototype_IOS-gtponiwkrvabdfckstwbtylpgrqh/Build/Intermediates.noindex/GoogleDataTransport.build/Debug-iphonesimulator/GoogleDataTransport.build/Objects-normal/arm64/e6072d4f65d7061329687fe24e3d63a7-common-args.resp -include /Users/user/Library/Developer/Xcode/DerivedData/BestBefore_Prototype_IOS-gtponiwkrvabdfckstwbtylpgrqh/Build/Intermediates.noindex/GoogleDataTransport.build/Debug-iphonesimulator/GoogleDataTransport.build/DerivedSources/resource_bundle_accessor.h -MMD -MT dependencies -MF /Users/user/Library/Developer/Xcode/DerivedData/BestBefore_Prototype_IOS-gtponiwkrvabdfckstwbtylpgrqh/Build/Intermediates.noindex/GoogleDataTransport.build/Debug-iphonesimulator/GoogleDataTransport.build/Objects-normal/arm64/GDTCORUploadCoordinator.d --serialize-diagnostics /Users/user/Library/Developer/Xcode/DerivedData/BestBefore_Prototype_IOS-gtponiwkrvabdfckstwbtylpgrqh/Build/Intermediates.noindex/GoogleDataTransport.build/Debug-iphonesimulator/GoogleDataTransport.build/Objects-normal/arm64/GDTCORUploadCoordinator.dia -c /Users/user/Library/Developer/Xcode/DerivedData/BestBefore_Prototype_IOS-gtponiwkrvabdfckstwbtylpgrqh/SourcePackages/checkouts/GoogleDataTransport/GoogleDataTransport/GDTCORLibrary/GDTCORUploadCoordinator.m -o /Users/user/Library/Developer/Xcode/DerivedData/BestBefore_Prototype_IOS-gtponiwkrvabdfckstwbtylpgrqh/Build/Intermediates.noindex/GoogleDataTransport.build/Debug-iphonesimulator/GoogleDataTransport.build/Objects-normal/arm64/GDTCORUploadCoordinator.o -index-unit-output-path /GoogleDataTransport.build/Debug-iphonesimulator/GoogleDataTransport.build/Objects-normal/arm64/GDTCORUploadCoordinator.o

SwiftEmitModule normal arm64 Emitting\ module\ for\ FirebaseCoreInternal (in target 'FirebaseCoreInternal' from project 'Firebase')

EmitSwiftModule normal arm64 (in target 'FirebaseCoreInternal' from project 'Firebase')
    cd /Users/user/Downloads/BestBefore_Prototype_IOS\ 4/BestBefore_Prototype_IOS.xcodeproj
    

CompileC /Users/user/Library/Developer/Xcode/DerivedData/BestBefore_Prototype_IOS-gtponiwkrvabdfckstwbtylpgrqh/Build/Intermediates.noindex/GoogleDataTransport.build/Debug-iphonesimulator/GoogleDataTransport.build/Objects-normal/arm64/GDTCORTransport.o /Users/user/Library/Developer/Xcode/DerivedData/BestBefore_Prototype_IOS-gtponiwkrvabdfckstwbtylpgrqh/SourcePackages/checkouts/GoogleDataTransport/GoogleDataTransport/GDTCORLibrary/GDTCORTransport.m normal arm64 objective-c com.apple.compilers.llvm.clang.1_0.compiler (in target 'GoogleDataTransport' from project 'GoogleDataTransport')
    cd /Users/user/Downloads/BestBefore_Prototype_IOS\ 4/BestBefore_Prototype_IOS.xcodeproj
    
    Using response file: /Users/user/Library/Developer/Xcode/DerivedData/BestBefore_Prototype_IOS-gtponiwkrvabdfckstwbtylpgrqh/Build/Intermediates.noindex/GoogleDataTransport.build/Debug-iphonesimulator/GoogleDataTransport.build/Objects-normal/arm64/e6072d4f65d7061329687fe24e3d63a7-common-args.resp
    
    /Applications/Xcode.app/Contents/Developer/Toolchains/XcodeDefault.xctoolchain/usr/bin/clang -x objective-c -ivfsstatcache /Users/user/Library/Developer/Xcode/DerivedData/SDKStatCaches.noindex/iphonesimulator26.4-23E237-688ef53f1462e2c8f657fdc38a81448f686eebb5dc1d8ecb277353a59184f4aa.sdkstatcache -target arm64-apple-ios12.0-simulator -fmessage-length\=0 -fdiagnostics-show-note-include-stack -fmacro-backtrace-limit\=0 -fno-color-diagnostics -fmodules-prune-interval\=86400 -fmodules-prune-after\=345600 -fbuild-session-file\=/Users/user/Library/Developer/Xcode/DerivedData/ModuleCache.noindex/Session.modulevalidation -fmodules-validate-once-per-build-session -Wnon-modular-include-in-framework-module -Werror\=non-modular-include-in-framework-module -Wno-trigraphs -Wno-missing-field-initializers -Wno-missing-prototypes -Wno-return-type -Wno-implicit-atomic-properties -Wno-objc-interface-ivars -Wno-arc-repeated-use-of-weak -Wno-missing-braces -Wparentheses -Wswitch -Wno-unused-function -Wno-unused-label -Wno-unused-parameter -Wno-unused-variable -Wunused-value -Wno-empty-body -Wno-uninitialized -Wno-unknown-pragmas -w -Wno-shadow -Wno-four-char-constants -Wno-conversion -Wno-constant-conversion -Wno-int-conversion -Wno-bool-conversion -Wno-enum-conversion -Wno-float-conversion -Wno-non-literal-null-conversion -Wno-objc-literal-conversion -Wshorten-64-to-32 -Wpointer-sign -Wno-newline-eof -Wno-selector -Wno-strict-selector-match -Wno-undeclared-selector -Wno-deprecated-implementations -Wno-implicit-fallthrough -isysroot /Applications/Xcode.app/Contents/Developer/Platforms/iPhoneSimulator.platform/Developer/SDKs/iPhoneSimulator26.4.sdk -fstrict-aliasing -Wprotocol -Wdeprecated-declarations -Wno-sign-conversion -Wno-infinite-recursion -Wno-comma -Wno-block-capture-autoreleasing -Wno-strict-prototypes -Wno-semicolon-before-method-body -index-store-path /Users/user/Library/Developer/Xcode/DerivedData/BestBefore_Prototype_IOS-gtponiwkrvabdfckstwbtylpgrqh/Index.noindex/DataStore @/Users/user/Library/Developer/Xcode/DerivedData/BestBefore_Prototype_IOS-gtponiwkrvabdfckstwbtylpgrqh/Build/Intermediates.noindex/GoogleDataTransport.build/Debug-iphonesimulator/GoogleDataTransport.build/Objects-normal/arm64/e6072d4f65d7061329687fe24e3d63a7-common-args.resp -include /Users/user/Library/Developer/Xcode/DerivedData/BestBefore_Prototype_IOS-gtponiwkrvabdfckstwbtylpgrqh/Build/Intermediates.noindex/GoogleDataTransport.build/Debug-iphonesimulator/GoogleDataTransport.build/DerivedSources/resource_bundle_accessor.h -MMD -MT dependencies -MF /Users/user/Library/Developer/Xcode/DerivedData/BestBefore_Prototype_IOS-gtponiwkrvabdfckstwbtylpgrqh/Build/Intermediates.noindex/GoogleDataTransport.build/Debug-iphonesimulator/GoogleDataTransport.build/Objects-normal/arm64/GDTCORTransport.d --serialize-diagnostics /Users/user/Library/Developer/Xcode/DerivedData/BestBefore_Prototype_IOS-gtponiwkrvabdfckstwbtylpgrqh/Build/Intermediates.noindex/GoogleDataTransport.build/Debug-iphonesimulator/GoogleDataTransport.build/Objects-normal/arm64/GDTCORTransport.dia -c /Users/user/Library/Developer/Xcode/DerivedData/BestBefore_Prototype_IOS-gtponiwkrvabdfckstwbtylpgrqh/SourcePackages/checkouts/GoogleDataTransport/GoogleDataTransport/GDTCORLibrary/GDTCORTransport.m -o /Users/user/Library/Developer/Xcode/DerivedData/BestBefore_Prototype_IOS-gtponiwkrvabdfckstwbtylpgrqh/Build/Intermediates.noindex/GoogleDataTransport.build/Debug-iphonesimulator/GoogleDataTransport.build/Objects-normal/arm64/GDTCORTransport.o -index-unit-output-path /GoogleDataTransport.build/Debug-iphonesimulator/GoogleDataTransport.build/Objects-normal/arm64/GDTCORTransport.o

CompileC /Users/user/Library/Developer/Xcode/DerivedData/BestBefore_Prototype_IOS-gtponiwkrvabdfckstwbtylpgrqh/Build/Intermediates.noindex/GoogleDataTransport.build/Debug-iphonesimulator/GoogleDataTransport.build/Objects-normal/arm64/GDTCORTransformer.o /Users/user/Library/Developer/Xcode/DerivedData/BestBefore_Prototype_IOS-gtponiwkrvabdfckstwbtylpgrqh/SourcePackages/checkouts/GoogleDataTransport/GoogleDataTransport/GDTCORLibrary/GDTCORTransformer.m normal arm64 objective-c com.apple.compilers.llvm.clang.1_0.compiler (in target 'GoogleDataTransport' from project 'GoogleDataTransport')
    cd /Users/user/Downloads/BestBefore_Prototype_IOS\ 4/BestBefore_Prototype_IOS.xcodeproj
    
    Using response file: /Users/user/Library/Developer/Xcode/DerivedData/BestBefore_Prototype_IOS-gtponiwkrvabdfckstwbtylpgrqh/Build/Intermediates.noindex/GoogleDataTransport.build/Debug-iphonesimulator/GoogleDataTransport.build/Objects-normal/arm64/e6072d4f65d7061329687fe24e3d63a7-common-args.resp
    
    /Applications/Xcode.app/Contents/Developer/Toolchains/XcodeDefault.xctoolchain/usr/bin/clang -x objective-c -ivfsstatcache /Users/user/Library/Developer/Xcode/DerivedData/SDKStatCaches.noindex/iphonesimulator26.4-23E237-688ef53f1462e2c8f657fdc38a81448f686eebb5dc1d8ecb277353a59184f4aa.sdkstatcache -target arm64-apple-ios12.0-simulator -fmessage-length\=0 -fdiagnostics-show-note-include-stack -fmacro-backtrace-limit\=0 -fno-color-diagnostics -fmodules-prune-interval\=86400 -fmodules-prune-after\=345600 -fbuild-session-file\=/Users/user/Library/Developer/Xcode/DerivedData/ModuleCache.noindex/Session.modulevalidation -fmodules-validate-once-per-build-session -Wnon-modular-include-in-framework-module -Werror\=non-modular-include-in-framework-module -Wno-trigraphs -Wno-missing-field-initializers -Wno-missing-prototypes -Wno-return-type -Wno-implicit-atomic-properties -Wno-objc-interface-ivars -Wno-arc-repeated-use-of-weak -Wno-missing-braces -Wparentheses -Wswitch -Wno-unused-function -Wno-unused-label -Wno-unused-parameter -Wno-unused-variable -Wunused-value -Wno-empty-body -Wno-uninitialized -Wno-unknown-pragmas -w -Wno-shadow -Wno-four-char-constants -Wno-conversion -Wno-constant-conversion -Wno-int-conversion -Wno-bool-conversion -Wno-enum-conversion -Wno-float-conversion -Wno-non-literal-null-conversion -Wno-objc-literal-conversion -Wshorten-64-to-32 -Wpointer-sign -Wno-newline-eof -Wno-selector -Wno-strict-selector-match -Wno-undeclared-selector -Wno-deprecated-implementations -Wno-implicit-fallthrough -isysroot /Applications/Xcode.app/Contents/Developer/Platforms/iPhoneSimulator.platform/Developer/SDKs/iPhoneSimulator26.4.sdk -fstrict-aliasing -Wprotocol -Wdeprecated-declarations -Wno-sign-conversion -Wno-infinite-recursion -Wno-comma -Wno-block-capture-autoreleasing -Wno-strict-prototypes -Wno-semicolon-before-method-body -index-store-path /Users/user/Library/Developer/Xcode/DerivedData/BestBefore_Prototype_IOS-gtponiwkrvabdfckstwbtylpgrqh/Index.noindex/DataStore @/Users/user/Library/Developer/Xcode/DerivedData/BestBefore_Prototype_IOS-gtponiwkrvabdfckstwbtylpgrqh/Build/Intermediates.noindex/GoogleDataTransport.build/Debug-iphonesimulator/GoogleDataTransport.build/Objects-normal/arm64/e6072d4f65d7061329687fe24e3d63a7-common-args.resp -include /Users/user/Library/Developer/Xcode/DerivedData/BestBefore_Prototype_IOS-gtponiwkrvabdfckstwbtylpgrqh/Build/Intermediates.noindex/GoogleDataTransport.build/Debug-iphonesimulator/GoogleDataTransport.build/DerivedSources/resource_bundle_accessor.h -MMD -MT dependencies -MF /Users/user/Library/Developer/Xcode/DerivedData/BestBefore_Prototype_IOS-gtponiwkrvabdfckstwbtylpgrqh/Build/Intermediates.noindex/GoogleDataTransport.build/Debug-iphonesimulator/GoogleDataTransport.build/Objects-normal/arm64/GDTCORTransformer.d --serialize-diagnostics /Users/user/Library/Developer/Xcode/DerivedData/BestBefore_Prototype_IOS-gtponiwkrvabdfckstwbtylpgrqh/Build/Intermediates.noindex/GoogleDataTransport.build/Debug-iphonesimulator/GoogleDataTransport.build/Objects-normal/arm64/GDTCORTransformer.dia -c /Users/user/Library/Developer/Xcode/DerivedData/BestBefore_Prototype_IOS-gtponiwkrvabdfckstwbtylpgrqh/SourcePackages/checkouts/GoogleDataTransport/GoogleDataTransport/GDTCORLibrary/GDTCORTransformer.m -o /Users/user/Library/Developer/Xcode/DerivedData/BestBefore_Prototype_IOS-gtponiwkrvabdfckstwbtylpgrqh/Build/Intermediates.noindex/GoogleDataTransport.build/Debug-iphonesimulator/GoogleDataTransport.build/Objects-normal/arm64/GDTCORTransformer.o -index-unit-output-path /GoogleDataTransport.build/Debug-iphonesimulator/GoogleDataTransport.build/Objects-normal/arm64/GDTCORTransformer.o

CompileC /Users/user/Library/Developer/Xcode/DerivedData/BestBefore_Prototype_IOS-gtponiwkrvabdfckstwbtylpgrqh/Build/Intermediates.noindex/GoogleDataTransport.build/Debug-iphonesimulator/GoogleDataTransport.build/Objects-normal/arm64/GDTCORRegistrar.o /Users/user/Library/Developer/Xcode/DerivedData/BestBefore_Prototype_IOS-gtponiwkrvabdfckstwbtylpgrqh/SourcePackages/checkouts/GoogleDataTransport/GoogleDataTransport/GDTCORLibrary/GDTCORRegistrar.m normal arm64 objective-c com.apple.compilers.llvm.clang.1_0.compiler (in target 'GoogleDataTransport' from project 'GoogleDataTransport')
    cd /Users/user/Downloads/BestBefore_Prototype_IOS\ 4/BestBefore_Prototype_IOS.xcodeproj
    
    Using response file: /Users/user/Library/Developer/Xcode/DerivedData/BestBefore_Prototype_IOS-gtponiwkrvabdfckstwbtylpgrqh/Build/Intermediates.noindex/GoogleDataTransport.build/Debug-iphonesimulator/GoogleDataTransport.build/Objects-normal/arm64/e6072d4f65d7061329687fe24e3d63a7-common-args.resp
    
    /Applications/Xcode.app/Contents/Developer/Toolchains/XcodeDefault.xctoolchain/usr/bin/clang -x objective-c -ivfsstatcache /Users/user/Library/Developer/Xcode/DerivedData/SDKStatCaches.noindex/iphonesimulator26.4-23E237-688ef53f1462e2c8f657fdc38a81448f686eebb5dc1d8ecb277353a59184f4aa.sdkstatcache -target arm64-apple-ios12.0-simulator -fmessage-length\=0 -fdiagnostics-show-note-include-stack -fmacro-backtrace-limit\=0 -fno-color-diagnostics -fmodules-prune-interval\=86400 -fmodules-prune-after\=345600 -fbuild-session-file\=/Users/user/Library/Developer/Xcode/DerivedData/ModuleCache.noindex/Session.modulevalidation -fmodules-validate-once-per-build-session -Wnon-modular-include-in-framework-module -Werror\=non-modular-include-in-framework-module -Wno-trigraphs -Wno-missing-field-initializers -Wno-missing-prototypes -Wno-return-type -Wno-implicit-atomic-properties -Wno-objc-interface-ivars -Wno-arc-repeated-use-of-weak -Wno-missing-braces -Wparentheses -Wswitch -Wno-unused-function -Wno-unused-label -Wno-unused-parameter -Wno-unused-variable -Wunused-value -Wno-empty-body -Wno-uninitialized -Wno-unknown-pragmas -w -Wno-shadow -Wno-four-char-constants -Wno-conversion -Wno-constant-conversion -Wno-int-conversion -Wno-bool-conversion -Wno-enum-conversion -Wno-float-conversion -Wno-non-literal-null-conversion -Wno-objc-literal-conversion -Wshorten-64-to-32 -Wpointer-sign -Wno-newline-eof -Wno-selector -Wno-strict-selector-match -Wno-undeclared-selector -Wno-deprecated-implementations -Wno-implicit-fallthrough -isysroot /Applications/Xcode.app/Contents/Developer/Platforms/iPhoneSimulator.platform/Developer/SDKs/iPhoneSimulator26.4.sdk -fstrict-aliasing -Wprotocol -Wdeprecated-declarations -Wno-sign-conversion -Wno-infinite-recursion -Wno-comma -Wno-block-capture-autoreleasing -Wno-strict-prototypes -Wno-semicolon-before-method-body -index-store-path /Users/user/Library/Developer/Xcode/DerivedData/BestBefore_Prototype_IOS-gtponiwkrvabdfckstwbtylpgrqh/Index.noindex/DataStore @/Users/user/Library/Developer/Xcode/DerivedData/BestBefore_Prototype_IOS-gtponiwkrvabdfckstwbtylpgrqh/Build/Intermediates.noindex/GoogleDataTransport.build/Debug-iphonesimulator/GoogleDataTransport.build/Objects-normal/arm64/e6072d4f65d7061329687fe24e3d63a7-common-args.resp -include /Users/user/Library/Developer/Xcode/DerivedData/BestBefore_Prototype_IOS-gtponiwkrvabdfckstwbtylpgrqh/Build/Intermediates.noindex/GoogleDataTransport.build/Debug-iphonesimulator/GoogleDataTransport.build/DerivedSources/resource_bundle_accessor.h -MMD -MT dependencies -MF /Users/user/Library/Developer/Xcode/DerivedData/BestBefore_Prototype_IOS-gtponiwkrvabdfckstwbtylpgrqh/Build/Intermediates.noindex/GoogleDataTransport.build/Debug-iphonesimulator/GoogleDataTransport.build/Objects-normal/arm64/GDTCORRegistrar.d --serialize-diagnostics /Users/user/Library/Developer/Xcode/DerivedData/BestBefore_Prototype_IOS-gtponiwkrvabdfckstwbtylpgrqh/Build/Intermediates.noindex/GoogleDataTransport.build/Debug-iphonesimulator/GoogleDataTransport.build/Objects-normal/arm64/GDTCORRegistrar.dia -c /Users/user/Library/Developer/Xcode/DerivedData/BestBefore_Prototype_IOS-gtponiwkrvabdfckstwbtylpgrqh/SourcePackages/checkouts/GoogleDataTransport/GoogleDataTransport/GDTCORLibrary/GDTCORRegistrar.m -o /Users/user/Library/Developer/Xcode/DerivedData/BestBefore_Prototype_IOS-gtponiwkrvabdfckstwbtylpgrqh/Build/Intermediates.noindex/GoogleDataTransport.build/Debug-iphonesimulator/GoogleDataTransport.build/Objects-normal/arm64/GDTCORRegistrar.o -index-unit-output-path /GoogleDataTransport.build/Debug-iphonesimulator/GoogleDataTransport.build/Objects-normal/arm64/GDTCORRegistrar.o

CompileC /Users/user/Library/Developer/Xcode/DerivedData/BestBefore_Prototype_IOS-gtponiwkrvabdfckstwbtylpgrqh/Build/Intermediates.noindex/GoogleDataTransport.build/Debug-iphonesimulator/GoogleDataTransport.build/Objects-normal/arm64/GDTCORReachability.o /Users/user/Library/Developer/Xcode/DerivedData/BestBefore_Prototype_IOS-gtponiwkrvabdfckstwbtylpgrqh/SourcePackages/checkouts/GoogleDataTransport/GoogleDataTransport/GDTCORLibrary/GDTCORReachability.m normal arm64 objective-c com.apple.compilers.llvm.clang.1_0.compiler (in target 'GoogleDataTransport' from project 'GoogleDataTransport')
    cd /Users/user/Downloads/BestBefore_Prototype_IOS\ 4/BestBefore_Prototype_IOS.xcodeproj
    
    Using response file: /Users/user/Library/Developer/Xcode/DerivedData/BestBefore_Prototype_IOS-gtponiwkrvabdfckstwbtylpgrqh/Build/Intermediates.noindex/GoogleDataTransport.build/Debug-iphonesimulator/GoogleDataTransport.build/Objects-normal/arm64/e6072d4f65d7061329687fe24e3d63a7-common-args.resp
    
    /Applications/Xcode.app/Contents/Developer/Toolchains/XcodeDefault.xctoolchain/usr/bin/clang -x objective-c -ivfsstatcache /Users/user/Library/Developer/Xcode/DerivedData/SDKStatCaches.noindex/iphonesimulator26.4-23E237-688ef53f1462e2c8f657fdc38a81448f686eebb5dc1d8ecb277353a59184f4aa.sdkstatcache -target arm64-apple-ios12.0-simulator -fmessage-length\=0 -fdiagnostics-show-note-include-stack -fmacro-backtrace-limit\=0 -fno-color-diagnostics -fmodules-prune-interval\=86400 -fmodules-prune-after\=345600 -fbuild-session-file\=/Users/user/Library/Developer/Xcode/DerivedData/ModuleCache.noindex/Session.modulevalidation -fmodules-validate-once-per-build-session -Wnon-modular-include-in-framework-module -Werror\=non-modular-include-in-framework-module -Wno-trigraphs -Wno-missing-field-initializers -Wno-missing-prototypes -Wno-return-type -Wno-implicit-atomic-properties -Wno-objc-interface-ivars -Wno-arc-repeated-use-of-weak -Wno-missing-braces -Wparentheses -Wswitch -Wno-unused-function -Wno-unused-label -Wno-unused-parameter -Wno-unused-variable -Wunused-value -Wno-empty-body -Wno-uninitialized -Wno-unknown-pragmas -w -Wno-shadow -Wno-four-char-constants -Wno-conversion -Wno-constant-conversion -Wno-int-conversion -Wno-bool-conversion -Wno-enum-conversion -Wno-float-conversion -Wno-non-literal-null-conversion -Wno-objc-literal-conversion -Wshorten-64-to-32 -Wpointer-sign -Wno-newline-eof -Wno-selector -Wno-strict-selector-match -Wno-undeclared-selector -Wno-deprecated-implementations -Wno-implicit-fallthrough -isysroot /Applications/Xcode.app/Contents/Developer/Platforms/iPhoneSimulator.platform/Developer/SDKs/iPhoneSimulator26.4.sdk -fstrict-aliasing -Wprotocol -Wdeprecated-declarations -Wno-sign-conversion -Wno-infinite-recursion -Wno-comma -Wno-block-capture-autoreleasing -Wno-strict-prototypes -Wno-semicolon-before-method-body -index-store-path /Users/user/Library/Developer/Xcode/DerivedData/BestBefore_Prototype_IOS-gtponiwkrvabdfckstwbtylpgrqh/Index.noindex/DataStore @/Users/user/Library/Developer/Xcode/DerivedData/BestBefore_Prototype_IOS-gtponiwkrvabdfckstwbtylpgrqh/Build/Intermediates.noindex/GoogleDataTransport.build/Debug-iphonesimulator/GoogleDataTransport.build/Objects-normal/arm64/e6072d4f65d7061329687fe24e3d63a7-common-args.resp -include /Users/user/Library/Developer/Xcode/DerivedData/BestBefore_Prototype_IOS-gtponiwkrvabdfckstwbtylpgrqh/Build/Intermediates.noindex/GoogleDataTransport.build/Debug-iphonesimulator/GoogleDataTransport.build/DerivedSources/resource_bundle_accessor.h -MMD -MT dependencies -MF /Users/user/Library/Developer/Xcode/DerivedData/BestBefore_Prototype_IOS-gtponiwkrvabdfckstwbtylpgrqh/Build/Intermediates.noindex/GoogleDataTransport.build/Debug-iphonesimulator/GoogleDataTransport.build/Objects-normal/arm64/GDTCORReachability.d --serialize-diagnostics /Users/user/Library/Developer/Xcode/DerivedData/BestBefore_Prototype_IOS-gtponiwkrvabdfckstwbtylpgrqh/Build/Intermediates.noindex/GoogleDataTransport.build/Debug-iphonesimulator/GoogleDataTransport.build/Objects-normal/arm64/GDTCORReachability.dia -c /Users/user/Library/Developer/Xcode/DerivedData/BestBefore_Prototype_IOS-gtponiwkrvabdfckstwbtylpgrqh/SourcePackages/checkouts/GoogleDataTransport/GoogleDataTransport/GDTCORLibrary/GDTCORReachability.m -o /Users/user/Library/Developer/Xcode/DerivedData/BestBefore_Prototype_IOS-gtponiwkrvabdfckstwbtylpgrqh/Build/Intermediates.noindex/GoogleDataTransport.build/Debug-iphonesimulator/GoogleDataTransport.build/Objects-normal/arm64/GDTCORReachability.o -index-unit-output-path /GoogleDataTransport.build/Debug-iphonesimulator/GoogleDataTransport.build/Objects-normal/arm64/GDTCORReachability.o

CompileC /Users/user/Library/Developer/Xcode/DerivedData/BestBefore_Prototype_IOS-gtponiwkrvabdfckstwbtylpgrqh/Build/Intermediates.noindex/GoogleDataTransport.build/Debug-iphonesimulator/GoogleDataTransport.build/Objects-normal/arm64/GDTCORPlatform.o /Users/user/Library/Developer/Xcode/DerivedData/BestBefore_Prototype_IOS-gtponiwkrvabdfckstwbtylpgrqh/SourcePackages/checkouts/GoogleDataTransport/GoogleDataTransport/GDTCORLibrary/GDTCORPlatform.m normal arm64 objective-c com.apple.compilers.llvm.clang.1_0.compiler (in target 'GoogleDataTransport' from project 'GoogleDataTransport')
    cd /Users/user/Downloads/BestBefore_Prototype_IOS\ 4/BestBefore_Prototype_IOS.xcodeproj
    
    Using response file: /Users/user/Library/Developer/Xcode/DerivedData/BestBefore_Prototype_IOS-gtponiwkrvabdfckstwbtylpgrqh/Build/Intermediates.noindex/GoogleDataTransport.build/Debug-iphonesimulator/GoogleDataTransport.build/Objects-normal/arm64/e6072d4f65d7061329687fe24e3d63a7-common-args.resp
    
    /Applications/Xcode.app/Contents/Developer/Toolchains/XcodeDefault.xctoolchain/usr/bin/clang -x objective-c -ivfsstatcache /Users/user/Library/Developer/Xcode/DerivedData/SDKStatCaches.noindex/iphonesimulator26.4-23E237-688ef53f1462e2c8f657fdc38a81448f686eebb5dc1d8ecb277353a59184f4aa.sdkstatcache -target arm64-apple-ios12.0-simulator -fmessage-length\=0 -fdiagnostics-show-note-include-stack -fmacro-backtrace-limit\=0 -fno-color-diagnostics -fmodules-prune-interval\=86400 -fmodules-prune-after\=345600 -fbuild-session-file\=/Users/user/Library/Developer/Xcode/DerivedData/ModuleCache.noindex/Session.modulevalidation -fmodules-validate-once-per-build-session -Wnon-modular-include-in-framework-module -Werror\=non-modular-include-in-framework-module -Wno-trigraphs -Wno-missing-field-initializers -Wno-missing-prototypes -Wno-return-type -Wno-implicit-atomic-properties -Wno-objc-interface-ivars -Wno-arc-repeated-use-of-weak -Wno-missing-braces -Wparentheses -Wswitch -Wno-unused-function -Wno-unused-label -Wno-unused-parameter -Wno-unused-variable -Wunused-value -Wno-empty-body -Wno-uninitialized -Wno-unknown-pragmas -w -Wno-shadow -Wno-four-char-constants -Wno-conversion -Wno-constant-conversion -Wno-int-conversion -Wno-bool-conversion -Wno-enum-conversion -Wno-float-conversion -Wno-non-literal-null-conversion -Wno-objc-literal-conversion -Wshorten-64-to-32 -Wpointer-sign -Wno-newline-eof -Wno-selector -Wno-strict-selector-match -Wno-undeclared-selector -Wno-deprecated-implementations -Wno-implicit-fallthrough -isysroot /Applications/Xcode.app/Contents/Developer/Platforms/iPhoneSimulator.platform/Developer/SDKs/iPhoneSimulator26.4.sdk -fstrict-aliasing -Wprotocol -Wdeprecated-declarations -Wno-sign-conversion -Wno-infinite-recursion -Wno-comma -Wno-block-capture-autoreleasing -Wno-strict-prototypes -Wno-semicolon-before-method-body -index-store-path /Users/user/Library/Developer/Xcode/DerivedData/BestBefore_Prototype_IOS-gtponiwkrvabdfckstwbtylpgrqh/Index.noindex/DataStore @/Users/user/Library/Developer/Xcode/DerivedData/BestBefore_Prototype_IOS-gtponiwkrvabdfckstwbtylpgrqh/Build/Intermediates.noindex/GoogleDataTransport.build/Debug-iphonesimulator/GoogleDataTransport.build/Objects-normal/arm64/e6072d4f65d7061329687fe24e3d63a7-common-args.resp -include /Users/user/Library/Developer/Xcode/DerivedData/BestBefore_Prototype_IOS-gtponiwkrvabdfckstwbtylpgrqh/Build/Intermediates.noindex/GoogleDataTransport.build/Debug-iphonesimulator/GoogleDataTransport.build/DerivedSources/resource_bundle_accessor.h -MMD -MT dependencies -MF /Users/user/Library/Developer/Xcode/DerivedData/BestBefore_Prototype_IOS-gtponiwkrvabdfckstwbtylpgrqh/Build/Intermediates.noindex/GoogleDataTransport.build/Debug-iphonesimulator/GoogleDataTransport.build/Objects-normal/arm64/GDTCORPlatform.d --serialize-diagnostics /Users/user/Library/Developer/Xcode/DerivedData/BestBefore_Prototype_IOS-gtponiwkrvabdfckstwbtylpgrqh/Build/Intermediates.noindex/GoogleDataTransport.build/Debug-iphonesimulator/GoogleDataTransport.build/Objects-normal/arm64/GDTCORPlatform.dia -c /Users/user/Library/Developer/Xcode/DerivedData/BestBefore_Prototype_IOS-gtponiwkrvabdfckstwbtylpgrqh/SourcePackages/checkouts/GoogleDataTransport/GoogleDataTransport/GDTCORLibrary/GDTCORPlatform.m -o /Users/user/Library/Developer/Xcode/DerivedData/BestBefore_Prototype_IOS-gtponiwkrvabdfckstwbtylpgrqh/Build/Intermediates.noindex/GoogleDataTransport.build/Debug-iphonesimulator/GoogleDataTransport.build/Objects-normal/arm64/GDTCORPlatform.o -index-unit-output-path /GoogleDataTransport.build/Debug-iphonesimulator/GoogleDataTransport.build/Objects-normal/arm64/GDTCORPlatform.o

CompileC /Users/user/Library/Developer/Xcode/DerivedData/BestBefore_Prototype_IOS-gtponiwkrvabdfckstwbtylpgrqh/Build/Intermediates.noindex/GoogleDataTransport.build/Debug-iphonesimulator/GoogleDataTransport.build/Objects-normal/arm64/GDTCORMetricsController.o /Users/user/Library/Developer/Xcode/DerivedData/BestBefore_Prototype_IOS-gtponiwkrvabdfckstwbtylpgrqh/SourcePackages/checkouts/GoogleDataTransport/GoogleDataTransport/GDTCORLibrary/GDTCORMetricsController.m normal arm64 objective-c com.apple.compilers.llvm.clang.1_0.compiler (in target 'GoogleDataTransport' from project 'GoogleDataTransport')
    cd /Users/user/Downloads/BestBefore_Prototype_IOS\ 4/BestBefore_Prototype_IOS.xcodeproj
    
    Using response file: /Users/user/Library/Developer/Xcode/DerivedData/BestBefore_Prototype_IOS-gtponiwkrvabdfckstwbtylpgrqh/Build/Intermediates.noindex/GoogleDataTransport.build/Debug-iphonesimulator/GoogleDataTransport.build/Objects-normal/arm64/e6072d4f65d7061329687fe24e3d63a7-common-args.resp
    
    /Applications/Xcode.app/Contents/Developer/Toolchains/XcodeDefault.xctoolchain/usr/bin/clang -x objective-c -ivfsstatcache /Users/user/Library/Developer/Xcode/DerivedData/SDKStatCaches.noindex/iphonesimulator26.4-23E237-688ef53f1462e2c8f657fdc38a81448f686eebb5dc1d8ecb277353a59184f4aa.sdkstatcache -target arm64-apple-ios12.0-simulator -fmessage-length\=0 -fdiagnostics-show-note-include-stack -fmacro-backtrace-limit\=0 -fno-color-diagnostics -fmodules-prune-interval\=86400 -fmodules-prune-after\=345600 -fbuild-session-file\=/Users/user/Library/Developer/Xcode/DerivedData/ModuleCache.noindex/Session.modulevalidation -fmodules-validate-once-per-build-session -Wnon-modular-include-in-framework-module -Werror\=non-modular-include-in-framework-module -Wno-trigraphs -Wno-missing-field-initializers -Wno-missing-prototypes -Wno-return-type -Wno-implicit-atomic-properties -Wno-objc-interface-ivars -Wno-arc-repeated-use-of-weak -Wno-missing-braces -Wparentheses -Wswitch -Wno-unused-function -Wno-unused-label -Wno-unused-parameter -Wno-unused-variable -Wunused-value -Wno-empty-body -Wno-uninitialized -Wno-unknown-pragmas -w -Wno-shadow -Wno-four-char-constants -Wno-conversion -Wno-constant-conversion -Wno-int-conversion -Wno-bool-conversion -Wno-enum-conversion -Wno-float-conversion -Wno-non-literal-null-conversion -Wno-objc-literal-conversion -Wshorten-64-to-32 -Wpointer-sign -Wno-newline-eof -Wno-selector -Wno-strict-selector-match -Wno-undeclared-selector -Wno-deprecated-implementations -Wno-implicit-fallthrough -isysroot /Applications/Xcode.app/Contents/Developer/Platforms/iPhoneSimulator.platform/Developer/SDKs/iPhoneSimulator26.4.sdk -fstrict-aliasing -Wprotocol -Wdeprecated-declarations -Wno-sign-conversion -Wno-infinite-recursion -Wno-comma -Wno-block-capture-autoreleasing -Wno-strict-prototypes -Wno-semicolon-before-method-body -index-store-path /Users/user/Library/Developer/Xcode/DerivedData/BestBefore_Prototype_IOS-gtponiwkrvabdfckstwbtylpgrqh/Index.noindex/DataStore @/Users/user/Library/Developer/Xcode/DerivedData/BestBefore_Prototype_IOS-gtponiwkrvabdfckstwbtylpgrqh/Build/Intermediates.noindex/GoogleDataTransport.build/Debug-iphonesimulator/GoogleDataTransport.build/Objects-normal/arm64/e6072d4f65d7061329687fe24e3d63a7-common-args.resp -include /Users/user/Library/Developer/Xcode/DerivedData/BestBefore_Prototype_IOS-gtponiwkrvabdfckstwbtylpgrqh/Build/Intermediates.noindex/GoogleDataTransport.build/Debug-iphonesimulator/GoogleDataTransport.build/DerivedSources/resource_bundle_accessor.h -MMD -MT dependencies -MF /Users/user/Library/Developer/Xcode/DerivedData/BestBefore_Prototype_IOS-gtponiwkrvabdfckstwbtylpgrqh/Build/Intermediates.noindex/GoogleDataTransport.build/Debug-iphonesimulator/GoogleDataTransport.build/Objects-normal/arm64/GDTCORMetricsController.d --serialize-diagnostics /Users/user/Library/Developer/Xcode/DerivedData/BestBefore_Prototype_IOS-gtponiwkrvabdfckstwbtylpgrqh/Build/Intermediates.noindex/GoogleDataTransport.build/Debug-iphonesimulator/GoogleDataTransport.build/Objects-normal/arm64/GDTCORMetricsController.dia -c /Users/user/Library/Developer/Xcode/DerivedData/BestBefore_Prototype_IOS-gtponiwkrvabdfckstwbtylpgrqh/SourcePackages/checkouts/GoogleDataTransport/GoogleDataTransport/GDTCORLibrary/GDTCORMetricsController.m -o /Users/user/Library/Developer/Xcode/DerivedData/BestBefore_Prototype_IOS-gtponiwkrvabdfckstwbtylpgrqh/Build/Intermediates.noindex/GoogleDataTransport.build/Debug-iphonesimulator/GoogleDataTransport.build/Objects-normal/arm64/GDTCORMetricsController.o -index-unit-output-path /GoogleDataTransport.build/Debug-iphonesimulator/GoogleDataTransport.build/Objects-normal/arm64/GDTCORMetricsController.o

CompileC /Users/user/Library/Developer/Xcode/DerivedData/BestBefore_Prototype_IOS-gtponiwkrvabdfckstwbtylpgrqh/Build/Intermediates.noindex/GoogleDataTransport.build/Debug-iphonesimulator/GoogleDataTransport.build/Objects-normal/arm64/GDTCORMetrics+GDTCCTSupport.o /Users/user/Library/Developer/Xcode/DerivedData/BestBefore_Prototype_IOS-gtponiwkrvabdfckstwbtylpgrqh/SourcePackages/checkouts/GoogleDataTransport/GoogleDataTransport/GDTCCTLibrary/GDTCORMetrics+GDTCCTSupport.m normal arm64 objective-c com.apple.compilers.llvm.clang.1_0.compiler (in target 'GoogleDataTransport' from project 'GoogleDataTransport')
    cd /Users/user/Downloads/BestBefore_Prototype_IOS\ 4/BestBefore_Prototype_IOS.xcodeproj
    
    Using response file: /Users/user/Library/Developer/Xcode/DerivedData/BestBefore_Prototype_IOS-gtponiwkrvabdfckstwbtylpgrqh/Build/Intermediates.noindex/GoogleDataTransport.build/Debug-iphonesimulator/GoogleDataTransport.build/Objects-normal/arm64/e6072d4f65d7061329687fe24e3d63a7-common-args.resp
    
    /Applications/Xcode.app/Contents/Developer/Toolchains/XcodeDefault.xctoolchain/usr/bin/clang -x objective-c -ivfsstatcache /Users/user/Library/Developer/Xcode/DerivedData/SDKStatCaches.noindex/iphonesimulator26.4-23E237-688ef53f1462e2c8f657fdc38a81448f686eebb5dc1d8ecb277353a59184f4aa.sdkstatcache -target arm64-apple-ios12.0-simulator -fmessage-length\=0 -fdiagnostics-show-note-include-stack -fmacro-backtrace-limit\=0 -fno-color-diagnostics -fmodules-prune-interval\=86400 -fmodules-prune-after\=345600 -fbuild-session-file\=/Users/user/Library/Developer/Xcode/DerivedData/ModuleCache.noindex/Session.modulevalidation -fmodules-validate-once-per-build-session -Wnon-modular-include-in-framework-module -Werror\=non-modular-include-in-framework-module -Wno-trigraphs -Wno-missing-field-initializers -Wno-missing-prototypes -Wno-return-type -Wno-implicit-atomic-properties -Wno-objc-interface-ivars -Wno-arc-repeated-use-of-weak -Wno-missing-braces -Wparentheses -Wswitch -Wno-unused-function -Wno-unused-label -Wno-unused-parameter -Wno-unused-variable -Wunused-value -Wno-empty-body -Wno-uninitialized -Wno-unknown-pragmas -w -Wno-shadow -Wno-four-char-constants -Wno-conversion -Wno-constant-conversion -Wno-int-conversion -Wno-bool-conversion -Wno-enum-conversion -Wno-float-conversion -Wno-non-literal-null-conversion -Wno-objc-literal-conversion -Wshorten-64-to-32 -Wpointer-sign -Wno-newline-eof -Wno-selector -Wno-strict-selector-match -Wno-undeclared-selector -Wno-deprecated-implementations -Wno-implicit-fallthrough -isysroot /Applications/Xcode.app/Contents/Developer/Platforms/iPhoneSimulator.platform/Developer/SDKs/iPhoneSimulator26.4.sdk -fstrict-aliasing -Wprotocol -Wdeprecated-declarations -Wno-sign-conversion -Wno-infinite-recursion -Wno-comma -Wno-block-capture-autoreleasing -Wno-strict-prototypes -Wno-semicolon-before-method-body -index-store-path /Users/user/Library/Developer/Xcode/DerivedData/BestBefore_Prototype_IOS-gtponiwkrvabdfckstwbtylpgrqh/Index.noindex/DataStore @/Users/user/Library/Developer/Xcode/DerivedData/BestBefore_Prototype_IOS-gtponiwkrvabdfckstwbtylpgrqh/Build/Intermediates.noindex/GoogleDataTransport.build/Debug-iphonesimulator/GoogleDataTransport.build/Objects-normal/arm64/e6072d4f65d7061329687fe24e3d63a7-common-args.resp -include /Users/user/Library/Developer/Xcode/DerivedData/BestBefore_Prototype_IOS-gtponiwkrvabdfckstwbtylpgrqh/Build/Intermediates.noindex/GoogleDataTransport.build/Debug-iphonesimulator/GoogleDataTransport.build/DerivedSources/resource_bundle_accessor.h -MMD -MT dependencies -MF /Users/user/Library/Developer/Xcode/DerivedData/BestBefore_Prototype_IOS-gtponiwkrvabdfckstwbtylpgrqh/Build/Intermediates.noindex/GoogleDataTransport.build/Debug-iphonesimulator/GoogleDataTransport.build/Objects-normal/arm64/GDTCORMetrics+GDTCCTSupport.d --serialize-diagnostics /Users/user/Library/Developer/Xcode/DerivedData/BestBefore_Prototype_IOS-gtponiwkrvabdfckstwbtylpgrqh/Build/Intermediates.noindex/GoogleDataTransport.build/Debug-iphonesimulator/GoogleDataTransport.build/Objects-normal/arm64/GDTCORMetrics+GDTCCTSupport.dia -c /Users/user/Library/Developer/Xcode/DerivedData/BestBefore_Prototype_IOS-gtponiwkrvabdfckstwbtylpgrqh/SourcePackages/checkouts/GoogleDataTransport/GoogleDataTransport/GDTCCTLibrary/GDTCORMetrics+GDTCCTSupport.m -o /Users/user/Library/Developer/Xcode/DerivedData/BestBefore_Prototype_IOS-gtponiwkrvabdfckstwbtylpgrqh/Build/Intermediates.noindex/GoogleDataTransport.build/Debug-iphonesimulator/GoogleDataTransport.build/Objects-normal/arm64/GDTCORMetrics+GDTCCTSupport.o -index-unit-output-path /GoogleDataTransport.build/Debug-iphonesimulator/GoogleDataTransport.build/Objects-normal/arm64/GDTCORMetrics+GDTCCTSupport.o

CompileC /Users/user/Library/Developer/Xcode/DerivedData/BestBefore_Prototype_IOS-gtponiwkrvabdfckstwbtylpgrqh/Build/Intermediates.noindex/GoogleDataTransport.build/Debug-iphonesimulator/GoogleDataTransport.build/Objects-normal/arm64/GDTCORLifecycle.o /Users/user/Library/Developer/Xcode/DerivedData/BestBefore_Prototype_IOS-gtponiwkrvabdfckstwbtylpgrqh/SourcePackages/checkouts/GoogleDataTransport/GoogleDataTransport/GDTCORLibrary/GDTCORLifecycle.m normal arm64 objective-c com.apple.compilers.llvm.clang.1_0.compiler (in target 'GoogleDataTransport' from project 'GoogleDataTransport')
    cd /Users/user/Downloads/BestBefore_Prototype_IOS\ 4/BestBefore_Prototype_IOS.xcodeproj
    
    Using response file: /Users/user/Library/Developer/Xcode/DerivedData/BestBefore_Prototype_IOS-gtponiwkrvabdfckstwbtylpgrqh/Build/Intermediates.noindex/GoogleDataTransport.build/Debug-iphonesimulator/GoogleDataTransport.build/Objects-normal/arm64/e6072d4f65d7061329687fe24e3d63a7-common-args.resp
    
    /Applications/Xcode.app/Contents/Developer/Toolchains/XcodeDefault.xctoolchain/usr/bin/clang -x objective-c -ivfsstatcache /Users/user/Library/Developer/Xcode/DerivedData/SDKStatCaches.noindex/iphonesimulator26.4-23E237-688ef53f1462e2c8f657fdc38a81448f686eebb5dc1d8ecb277353a59184f4aa.sdkstatcache -target arm64-apple-ios12.0-simulator -fmessage-length\=0 -fdiagnostics-show-note-include-stack -fmacro-backtrace-limit\=0 -fno-color-diagnostics -fmodules-prune-interval\=86400 -fmodules-prune-after\=345600 -fbuild-session-file\=/Users/user/Library/Developer/Xcode/DerivedData/ModuleCache.noindex/Session.modulevalidation -fmodules-validate-once-per-build-session -Wnon-modular-include-in-framework-module -Werror\=non-modular-include-in-framework-module -Wno-trigraphs -Wno-missing-field-initializers -Wno-missing-prototypes -Wno-return-type -Wno-implicit-atomic-properties -Wno-objc-interface-ivars -Wno-arc-repeated-use-of-weak -Wno-missing-braces -Wparentheses -Wswitch -Wno-unused-function -Wno-unused-label -Wno-unused-parameter -Wno-unused-variable -Wunused-value -Wno-empty-body -Wno-uninitialized -Wno-unknown-pragmas -w -Wno-shadow -Wno-four-char-constants -Wno-conversion -Wno-constant-conversion -Wno-int-conversion -Wno-bool-conversion -Wno-enum-conversion -Wno-float-conversion -Wno-non-literal-null-conversion -Wno-objc-literal-conversion -Wshorten-64-to-32 -Wpointer-sign -Wno-newline-eof -Wno-selector -Wno-strict-selector-match -Wno-undeclared-selector -Wno-deprecated-implementations -Wno-implicit-fallthrough -isysroot /Applications/Xcode.app/Contents/Developer/Platforms/iPhoneSimulator.platform/Developer/SDKs/iPhoneSimulator26.4.sdk -fstrict-aliasing -Wprotocol -Wdeprecated-declarations -Wno-sign-conversion -Wno-infinite-recursion -Wno-comma -Wno-block-capture-autoreleasing -Wno-strict-prototypes -Wno-semicolon-before-method-body -index-store-path /Users/user/Library/Developer/Xcode/DerivedData/BestBefore_Prototype_IOS-gtponiwkrvabdfckstwbtylpgrqh/Index.noindex/DataStore @/Users/user/Library/Developer/Xcode/DerivedData/BestBefore_Prototype_IOS-gtponiwkrvabdfckstwbtylpgrqh/Build/Intermediates.noindex/GoogleDataTransport.build/Debug-iphonesimulator/GoogleDataTransport.build/Objects-normal/arm64/e6072d4f65d7061329687fe24e3d63a7-common-args.resp -include /Users/user/Library/Developer/Xcode/DerivedData/BestBefore_Prototype_IOS-gtponiwkrvabdfckstwbtylpgrqh/Build/Intermediates.noindex/GoogleDataTransport.build/Debug-iphonesimulator/GoogleDataTransport.build/DerivedSources/resource_bundle_accessor.h -MMD -MT dependencies -MF /Users/user/Library/Developer/Xcode/DerivedData/BestBefore_Prototype_IOS-gtponiwkrvabdfckstwbtylpgrqh/Build/Intermediates.noindex/GoogleDataTransport.build/Debug-iphonesimulator/GoogleDataTransport.build/Objects-normal/arm64/GDTCORLifecycle.d --serialize-diagnostics /Users/user/Library/Developer/Xcode/DerivedData/BestBefore_Prototype_IOS-gtponiwkrvabdfckstwbtylpgrqh/Build/Intermediates.noindex/GoogleDataTransport.build/Debug-iphonesimulator/GoogleDataTransport.build/Objects-normal/arm64/GDTCORLifecycle.dia -c /Users/user/Library/Developer/Xcode/DerivedData/BestBefore_Prototype_IOS-gtponiwkrvabdfckstwbtylpgrqh/SourcePackages/checkouts/GoogleDataTransport/GoogleDataTransport/GDTCORLibrary/GDTCORLifecycle.m -o /Users/user/Library/Developer/Xcode/DerivedData/BestBefore_Prototype_IOS-gtponiwkrvabdfckstwbtylpgrqh/Build/Intermediates.noindex/GoogleDataTransport.build/Debug-iphonesimulator/GoogleDataTransport.build/Objects-normal/arm64/GDTCORLifecycle.o -index-unit-output-path /GoogleDataTransport.build/Debug-iphonesimulator/GoogleDataTransport.build/Objects-normal/arm64/GDTCORLifecycle.o

CompileC /Users/user/Library/Developer/Xcode/DerivedData/BestBefore_Prototype_IOS-gtponiwkrvabdfckstwbtylpgrqh/Build/Intermediates.noindex/GoogleDataTransport.build/Debug-iphonesimulator/GoogleDataTransport.build/Objects-normal/arm64/GDTCORFlatFileStorage.o /Users/user/Library/Developer/Xcode/DerivedData/BestBefore_Prototype_IOS-gtponiwkrvabdfckstwbtylpgrqh/SourcePackages/checkouts/GoogleDataTransport/GoogleDataTransport/GDTCORLibrary/GDTCORFlatFileStorage.m normal arm64 objective-c com.apple.compilers.llvm.clang.1_0.compiler (in target 'GoogleDataTransport' from project 'GoogleDataTransport')
    cd /Users/user/Downloads/BestBefore_Prototype_IOS\ 4/BestBefore_Prototype_IOS.xcodeproj
    
    Using response file: /Users/user/Library/Developer/Xcode/DerivedData/BestBefore_Prototype_IOS-gtponiwkrvabdfckstwbtylpgrqh/Build/Intermediates.noindex/GoogleDataTransport.build/Debug-iphonesimulator/GoogleDataTransport.build/Objects-normal/arm64/e6072d4f65d7061329687fe24e3d63a7-common-args.resp
    
    /Applications/Xcode.app/Contents/Developer/Toolchains/XcodeDefault.xctoolchain/usr/bin/clang -x objective-c -ivfsstatcache /Users/user/Library/Developer/Xcode/DerivedData/SDKStatCaches.noindex/iphonesimulator26.4-23E237-688ef53f1462e2c8f657fdc38a81448f686eebb5dc1d8ecb277353a59184f4aa.sdkstatcache -target arm64-apple-ios12.0-simulator -fmessage-length\=0 -fdiagnostics-show-note-include-stack -fmacro-backtrace-limit\=0 -fno-color-diagnostics -fmodules-prune-interval\=86400 -fmodules-prune-after\=345600 -fbuild-session-file\=/Users/user/Library/Developer/Xcode/DerivedData/ModuleCache.noindex/Session.modulevalidation -fmodules-validate-once-per-build-session -Wnon-modular-include-in-framework-module -Werror\=non-modular-include-in-framework-module -Wno-trigraphs -Wno-missing-field-initializers -Wno-missing-prototypes -Wno-return-type -Wno-implicit-atomic-properties -Wno-objc-interface-ivars -Wno-arc-repeated-use-of-weak -Wno-missing-braces -Wparentheses -Wswitch -Wno-unused-function -Wno-unused-label -Wno-unused-parameter -Wno-unused-variable -Wunused-value -Wno-empty-body -Wno-uninitialized -Wno-unknown-pragmas -w -Wno-shadow -Wno-four-char-constants -Wno-conversion -Wno-constant-conversion -Wno-int-conversion -Wno-bool-conversion -Wno-enum-conversion -Wno-float-conversion -Wno-non-literal-null-conversion -Wno-objc-literal-conversion -Wshorten-64-to-32 -Wpointer-sign -Wno-newline-eof -Wno-selector -Wno-strict-selector-match -Wno-undeclared-selector -Wno-deprecated-implementations -Wno-implicit-fallthrough -isysroot /Applications/Xcode.app/Contents/Developer/Platforms/iPhoneSimulator.platform/Developer/SDKs/iPhoneSimulator26.4.sdk -fstrict-aliasing -Wprotocol -Wdeprecated-declarations -Wno-sign-conversion -Wno-infinite-recursion -Wno-comma -Wno-block-capture-autoreleasing -Wno-strict-prototypes -Wno-semicolon-before-method-body -index-store-path /Users/user/Library/Developer/Xcode/DerivedData/BestBefore_Prototype_IOS-gtponiwkrvabdfckstwbtylpgrqh/Index.noindex/DataStore @/Users/user/Library/Developer/Xcode/DerivedData/BestBefore_Prototype_IOS-gtponiwkrvabdfckstwbtylpgrqh/Build/Intermediates.noindex/GoogleDataTransport.build/Debug-iphonesimulator/GoogleDataTransport.build/Objects-normal/arm64/e6072d4f65d7061329687fe24e3d63a7-common-args.resp -include /Users/user/Library/Developer/Xcode/DerivedData/BestBefore_Prototype_IOS-gtponiwkrvabdfckstwbtylpgrqh/Build/Intermediates.noindex/GoogleDataTransport.build/Debug-iphonesimulator/GoogleDataTransport.build/DerivedSources/resource_bundle_accessor.h -MMD -MT dependencies -MF /Users/user/Library/Developer/Xcode/DerivedData/BestBefore_Prototype_IOS-gtponiwkrvabdfckstwbtylpgrqh/Build/Intermediates.noindex/GoogleDataTransport.build/Debug-iphonesimulator/GoogleDataTransport.build/Objects-normal/arm64/GDTCORFlatFileStorage.d --serialize-diagnostics /Users/user/Library/Developer/Xcode/DerivedData/BestBefore_Prototype_IOS-gtponiwkrvabdfckstwbtylpgrqh/Build/Intermediates.noindex/GoogleDataTransport.build/Debug-iphonesimulator/GoogleDataTransport.build/Objects-normal/arm64/GDTCORFlatFileStorage.dia -c /Users/user/Library/Developer/Xcode/DerivedData/BestBefore_Prototype_IOS-gtponiwkrvabdfckstwbtylpgrqh/SourcePackages/checkouts/GoogleDataTransport/GoogleDataTransport/GDTCORLibrary/GDTCORFlatFileStorage.m -o /Users/user/Library/Developer/Xcode/DerivedData/BestBefore_Prototype_IOS-gtponiwkrvabdfckstwbtylpgrqh/Build/Intermediates.noindex/GoogleDataTransport.build/Debug-iphonesimulator/GoogleDataTransport.build/Objects-normal/arm64/GDTCORFlatFileStorage.o -index-unit-output-path /GoogleDataTransport.build/Debug-iphonesimulator/GoogleDataTransport.build/Objects-normal/arm64/GDTCORFlatFileStorage.o

CompileC /Users/user/Library/Developer/Xcode/DerivedData/BestBefore_Prototype_IOS-gtponiwkrvabdfckstwbtylpgrqh/Build/Intermediates.noindex/GoogleDataTransport.build/Debug-iphonesimulator/GoogleDataTransport.build/Objects-normal/arm64/GDTCORFlatFileStorage+Promises.o /Users/user/Library/Developer/Xcode/DerivedData/BestBefore_Prototype_IOS-gtponiwkrvabdfckstwbtylpgrqh/SourcePackages/checkouts/GoogleDataTransport/GoogleDataTransport/GDTCORLibrary/GDTCORFlatFileStorage+Promises.m normal arm64 objective-c com.apple.compilers.llvm.clang.1_0.compiler (in target 'GoogleDataTransport' from project 'GoogleDataTransport')
    cd /Users/user/Downloads/BestBefore_Prototype_IOS\ 4/BestBefore_Prototype_IOS.xcodeproj
    
    Using response file: /Users/user/Library/Developer/Xcode/DerivedData/BestBefore_Prototype_IOS-gtponiwkrvabdfckstwbtylpgrqh/Build/Intermediates.noindex/GoogleDataTransport.build/Debug-iphonesimulator/GoogleDataTransport.build/Objects-normal/arm64/e6072d4f65d7061329687fe24e3d63a7-common-args.resp
    
    /Applications/Xcode.app/Contents/Developer/Toolchains/XcodeDefault.xctoolchain/usr/bin/clang -x objective-c -ivfsstatcache /Users/user/Library/Developer/Xcode/DerivedData/SDKStatCaches.noindex/iphonesimulator26.4-23E237-688ef53f1462e2c8f657fdc38a81448f686eebb5dc1d8ecb277353a59184f4aa.sdkstatcache -target arm64-apple-ios12.0-simulator -fmessage-length\=0 -fdiagnostics-show-note-include-stack -fmacro-backtrace-limit\=0 -fno-color-diagnostics -fmodules-prune-interval\=86400 -fmodules-prune-after\=345600 -fbuild-session-file\=/Users/user/Library/Developer/Xcode/DerivedData/ModuleCache.noindex/Session.modulevalidation -fmodules-validate-once-per-build-session -Wnon-modular-include-in-framework-module -Werror\=non-modular-include-in-framework-module -Wno-trigraphs -Wno-missing-field-initializers -Wno-missing-prototypes -Wno-return-type -Wno-implicit-atomic-properties -Wno-objc-interface-ivars -Wno-arc-repeated-use-of-weak -Wno-missing-braces -Wparentheses -Wswitch -Wno-unused-function -Wno-unused-label -Wno-unused-parameter -Wno-unused-variable -Wunused-value -Wno-empty-body -Wno-uninitialized -Wno-unknown-pragmas -w -Wno-shadow -Wno-four-char-constants -Wno-conversion -Wno-constant-conversion -Wno-int-conversion -Wno-bool-conversion -Wno-enum-conversion -Wno-float-conversion -Wno-non-literal-null-conversion -Wno-objc-literal-conversion -Wshorten-64-to-32 -Wpointer-sign -Wno-newline-eof -Wno-selector -Wno-strict-selector-match -Wno-undeclared-selector -Wno-deprecated-implementations -Wno-implicit-fallthrough -isysroot /Applications/Xcode.app/Contents/Developer/Platforms/iPhoneSimulator.platform/Developer/SDKs/iPhoneSimulator26.4.sdk -fstrict-aliasing -Wprotocol -Wdeprecated-declarations -Wno-sign-conversion -Wno-infinite-recursion -Wno-comma -Wno-block-capture-autoreleasing -Wno-strict-prototypes -Wno-semicolon-before-method-body -index-store-path /Users/user/Library/Developer/Xcode/DerivedData/BestBefore_Prototype_IOS-gtponiwkrvabdfckstwbtylpgrqh/Index.noindex/DataStore @/Users/user/Library/Developer/Xcode/DerivedData/BestBefore_Prototype_IOS-gtponiwkrvabdfckstwbtylpgrqh/Build/Intermediates.noindex/GoogleDataTransport.build/Debug-iphonesimulator/GoogleDataTransport.build/Objects-normal/arm64/e6072d4f65d7061329687fe24e3d63a7-common-args.resp -include /Users/user/Library/Developer/Xcode/DerivedData/BestBefore_Prototype_IOS-gtponiwkrvabdfckstwbtylpgrqh/Build/Intermediates.noindex/GoogleDataTransport.build/Debug-iphonesimulator/GoogleDataTransport.build/DerivedSources/resource_bundle_accessor.h -MMD -MT dependencies -MF /Users/user/Library/Developer/Xcode/DerivedData/BestBefore_Prototype_IOS-gtponiwkrvabdfckstwbtylpgrqh/Build/Intermediates.noindex/GoogleDataTransport.build/Debug-iphonesimulator/GoogleDataTransport.build/Objects-normal/arm64/GDTCORFlatFileStorage+Promises.d --serialize-diagnostics /Users/user/Library/Developer/Xcode/DerivedData/BestBefore_Prototype_IOS-gtponiwkrvabdfckstwbtylpgrqh/Build/Intermediates.noindex/GoogleDataTransport.build/Debug-iphonesimulator/GoogleDataTransport.build/Objects-normal/arm64/GDTCORFlatFileStorage+Promises.dia -c /Users/user/Library/Developer/Xcode/DerivedData/BestBefore_Prototype_IOS-gtponiwkrvabdfckstwbtylpgrqh/SourcePackages/checkouts/GoogleDataTransport/GoogleDataTransport/GDTCORLibrary/GDTCORFlatFileStorage+Promises.m -o /Users/user/Library/Developer/Xcode/DerivedData/BestBefore_Prototype_IOS-gtponiwkrvabdfckstwbtylpgrqh/Build/Intermediates.noindex/GoogleDataTransport.build/Debug-iphonesimulator/GoogleDataTransport.build/Objects-normal/arm64/GDTCORFlatFileStorage+Promises.o -index-unit-output-path /GoogleDataTransport.build/Debug-iphonesimulator/GoogleDataTransport.build/Objects-normal/arm64/GDTCORFlatFileStorage+Promises.o

CompileC /Users/user/Library/Developer/Xcode/DerivedData/BestBefore_Prototype_IOS-gtponiwkrvabdfckstwbtylpgrqh/Build/Intermediates.noindex/GoogleDataTransport.build/Debug-iphonesimulator/GoogleDataTransport.build/Objects-normal/arm64/GDTCOREvent.o /Users/user/Library/Developer/Xcode/DerivedData/BestBefore_Prototype_IOS-gtponiwkrvabdfckstwbtylpgrqh/SourcePackages/checkouts/GoogleDataTransport/GoogleDataTransport/GDTCORLibrary/GDTCOREvent.m normal arm64 objective-c com.apple.compilers.llvm.clang.1_0.compiler (in target 'GoogleDataTransport' from project 'GoogleDataTransport')
    cd /Users/user/Downloads/BestBefore_Prototype_IOS\ 4/BestBefore_Prototype_IOS.xcodeproj
    
    Using response file: /Users/user/Library/Developer/Xcode/DerivedData/BestBefore_Prototype_IOS-gtponiwkrvabdfckstwbtylpgrqh/Build/Intermediates.noindex/GoogleDataTransport.build/Debug-iphonesimulator/GoogleDataTransport.build/Objects-normal/arm64/e6072d4f65d7061329687fe24e3d63a7-common-args.resp
    
    /Applications/Xcode.app/Contents/Developer/Toolchains/XcodeDefault.xctoolchain/usr/bin/clang -x objective-c -ivfsstatcache /Users/user/Library/Developer/Xcode/DerivedData/SDKStatCaches.noindex/iphonesimulator26.4-23E237-688ef53f1462e2c8f657fdc38a81448f686eebb5dc1d8ecb277353a59184f4aa.sdkstatcache -target arm64-apple-ios12.0-simulator -fmessage-length\=0 -fdiagnostics-show-note-include-stack -fmacro-backtrace-limit\=0 -fno-color-diagnostics -fmodules-prune-interval\=86400 -fmodules-prune-after\=345600 -fbuild-session-file\=/Users/user/Library/Developer/Xcode/DerivedData/ModuleCache.noindex/Session.modulevalidation -fmodules-validate-once-per-build-session -Wnon-modular-include-in-framework-module -Werror\=non-modular-include-in-framework-module -Wno-trigraphs -Wno-missing-field-initializers -Wno-missing-prototypes -Wno-return-type -Wno-implicit-atomic-properties -Wno-objc-interface-ivars -Wno-arc-repeated-use-of-weak -Wno-missing-braces -Wparentheses -Wswitch -Wno-unused-function -Wno-unused-label -Wno-unused-parameter -Wno-unused-variable -Wunused-value -Wno-empty-body -Wno-uninitialized -Wno-unknown-pragmas -w -Wno-shadow -Wno-four-char-constants -Wno-conversion -Wno-constant-conversion -Wno-int-conversion -Wno-bool-conversion -Wno-enum-conversion -Wno-float-conversion -Wno-non-literal-null-conversion -Wno-objc-literal-conversion -Wshorten-64-to-32 -Wpointer-sign -Wno-newline-eof -Wno-selector -Wno-strict-selector-match -Wno-undeclared-selector -Wno-deprecated-implementations -Wno-implicit-fallthrough -isysroot /Applications/Xcode.app/Contents/Developer/Platforms/iPhoneSimulator.platform/Developer/SDKs/iPhoneSimulator26.4.sdk -fstrict-aliasing -Wprotocol -Wdeprecated-declarations -Wno-sign-conversion -Wno-infinite-recursion -Wno-comma -Wno-block-capture-autoreleasing -Wno-strict-prototypes -Wno-semicolon-before-method-body -index-store-path /Users/user/Library/Developer/Xcode/DerivedData/BestBefore_Prototype_IOS-gtponiwkrvabdfckstwbtylpgrqh/Index.noindex/DataStore @/Users/user/Library/Developer/Xcode/DerivedData/BestBefore_Prototype_IOS-gtponiwkrvabdfckstwbtylpgrqh/Build/Intermediates.noindex/GoogleDataTransport.build/Debug-iphonesimulator/GoogleDataTransport.build/Objects-normal/arm64/e6072d4f65d7061329687fe24e3d63a7-common-args.resp -include /Users/user/Library/Developer/Xcode/DerivedData/BestBefore_Prototype_IOS-gtponiwkrvabdfckstwbtylpgrqh/Build/Intermediates.noindex/GoogleDataTransport.build/Debug-iphonesimulator/GoogleDataTransport.build/DerivedSources/resource_bundle_accessor.h -MMD -MT dependencies -MF /Users/user/Library/Developer/Xcode/DerivedData/BestBefore_Prototype_IOS-gtponiwkrvabdfckstwbtylpgrqh/Build/Intermediates.noindex/GoogleDataTransport.build/Debug-iphonesimulator/GoogleDataTransport.build/Objects-normal/arm64/GDTCOREvent.d --serialize-diagnostics /Users/user/Library/Developer/Xcode/DerivedData/BestBefore_Prototype_IOS-gtponiwkrvabdfckstwbtylpgrqh/Build/Intermediates.noindex/GoogleDataTransport.build/Debug-iphonesimulator/GoogleDataTransport.build/Objects-normal/arm64/GDTCOREvent.dia -c /Users/user/Library/Developer/Xcode/DerivedData/BestBefore_Prototype_IOS-gtponiwkrvabdfckstwbtylpgrqh/SourcePackages/checkouts/GoogleDataTransport/GoogleDataTransport/GDTCORLibrary/GDTCOREvent.m -o /Users/user/Library/Developer/Xcode/DerivedData/BestBefore_Prototype_IOS-gtponiwkrvabdfckstwbtylpgrqh/Build/Intermediates.noindex/GoogleDataTransport.build/Debug-iphonesimulator/GoogleDataTransport.build/Objects-normal/arm64/GDTCOREvent.o -index-unit-output-path /GoogleDataTransport.build/Debug-iphonesimulator/GoogleDataTransport.build/Objects-normal/arm64/GDTCOREvent.o

SwiftEmitModule normal arm64 Emitting\ module\ for\ Pow (in target 'Pow' from project 'Pow')
EmitSwiftModule normal arm64 (in target 'Pow' from project 'Pow')
    cd /Users/user/Downloads/BestBefore_Prototype_IOS\ 4/BestBefore_Prototype_IOS.xcodeproj
    

CompileC /Users/user/Library/Developer/Xcode/DerivedData/BestBefore_Prototype_IOS-gtponiwkrvabdfckstwbtylpgrqh/Build/Intermediates.noindex/GoogleDataTransport.build/Debug-iphonesimulator/GoogleDataTransport.build/Objects-normal/arm64/GDTCORDirectorySizeTracker.o /Users/user/Library/Developer/Xcode/DerivedData/BestBefore_Prototype_IOS-gtponiwkrvabdfckstwbtylpgrqh/SourcePackages/checkouts/GoogleDataTransport/GoogleDataTransport/GDTCORLibrary/GDTCORDirectorySizeTracker.m normal arm64 objective-c com.apple.compilers.llvm.clang.1_0.compiler (in target 'GoogleDataTransport' from project 'GoogleDataTransport')
    cd /Users/user/Downloads/BestBefore_Prototype_IOS\ 4/BestBefore_Prototype_IOS.xcodeproj
    
    Using response file: /Users/user/Library/Developer/Xcode/DerivedData/BestBefore_Prototype_IOS-gtponiwkrvabdfckstwbtylpgrqh/Build/Intermediates.noindex/GoogleDataTransport.build/Debug-iphonesimulator/GoogleDataTransport.build/Objects-normal/arm64/e6072d4f65d7061329687fe24e3d63a7-common-args.resp
    
    /Applications/Xcode.app/Contents/Developer/Toolchains/XcodeDefault.xctoolchain/usr/bin/clang -x objective-c -ivfsstatcache /Users/user/Library/Developer/Xcode/DerivedData/SDKStatCaches.noindex/iphonesimulator26.4-23E237-688ef53f1462e2c8f657fdc38a81448f686eebb5dc1d8ecb277353a59184f4aa.sdkstatcache -target arm64-apple-ios12.0-simulator -fmessage-length\=0 -fdiagnostics-show-note-include-stack -fmacro-backtrace-limit\=0 -fno-color-diagnostics -fmodules-prune-interval\=86400 -fmodules-prune-after\=345600 -fbuild-session-file\=/Users/user/Library/Developer/Xcode/DerivedData/ModuleCache.noindex/Session.modulevalidation -fmodules-validate-once-per-build-session -Wnon-modular-include-in-framework-module -Werror\=non-modular-include-in-framework-module -Wno-trigraphs -Wno-missing-field-initializers -Wno-missing-prototypes -Wno-return-type -Wno-implicit-atomic-properties -Wno-objc-interface-ivars -Wno-arc-repeated-use-of-weak -Wno-missing-braces -Wparentheses -Wswitch -Wno-unused-function -Wno-unused-label -Wno-unused-parameter -Wno-unused-variable -Wunused-value -Wno-empty-body -Wno-uninitialized -Wno-unknown-pragmas -w -Wno-shadow -Wno-four-char-constants -Wno-conversion -Wno-constant-conversion -Wno-int-conversion -Wno-bool-conversion -Wno-enum-conversion -Wno-float-conversion -Wno-non-literal-null-conversion -Wno-objc-literal-conversion -Wshorten-64-to-32 -Wpointer-sign -Wno-newline-eof -Wno-selector -Wno-strict-selector-match -Wno-undeclared-selector -Wno-deprecated-implementations -Wno-implicit-fallthrough -isysroot /Applications/Xcode.app/Contents/Developer/Platforms/iPhoneSimulator.platform/Developer/SDKs/iPhoneSimulator26.4.sdk -fstrict-aliasing -Wprotocol -Wdeprecated-declarations -Wno-sign-conversion -Wno-infinite-recursion -Wno-comma -Wno-block-capture-autoreleasing -Wno-strict-prototypes -Wno-semicolon-before-method-body -index-store-path /Users/user/Library/Developer/Xcode/DerivedData/BestBefore_Prototype_IOS-gtponiwkrvabdfckstwbtylpgrqh/Index.noindex/DataStore @/Users/user/Library/Developer/Xcode/DerivedData/BestBefore_Prototype_IOS-gtponiwkrvabdfckstwbtylpgrqh/Build/Intermediates.noindex/GoogleDataTransport.build/Debug-iphonesimulator/GoogleDataTransport.build/Objects-normal/arm64/e6072d4f65d7061329687fe24e3d63a7-common-args.resp -include /Users/user/Library/Developer/Xcode/DerivedData/BestBefore_Prototype_IOS-gtponiwkrvabdfckstwbtylpgrqh/Build/Intermediates.noindex/GoogleDataTransport.build/Debug-iphonesimulator/GoogleDataTransport.build/DerivedSources/resource_bundle_accessor.h -MMD -MT dependencies -MF /Users/user/Library/Developer/Xcode/DerivedData/BestBefore_Prototype_IOS-gtponiwkrvabdfckstwbtylpgrqh/Build/Intermediates.noindex/GoogleDataTransport.build/Debug-iphonesimulator/GoogleDataTransport.build/Objects-normal/arm64/GDTCORDirectorySizeTracker.d --serialize-diagnostics /Users/user/Library/Developer/Xcode/DerivedData/BestBefore_Prototype_IOS-gtponiwkrvabdfckstwbtylpgrqh/Build/Intermediates.noindex/GoogleDataTransport.build/Debug-iphonesimulator/GoogleDataTransport.build/Objects-normal/arm64/GDTCORDirectorySizeTracker.dia -c /Users/user/Library/Developer/Xcode/DerivedData/BestBefore_Prototype_IOS-gtponiwkrvabdfckstwbtylpgrqh/SourcePackages/checkouts/GoogleDataTransport/GoogleDataTransport/GDTCORLibrary/GDTCORDirectorySizeTracker.m -o /Users/user/Library/Developer/Xcode/DerivedData/BestBefore_Prototype_IOS-gtponiwkrvabdfckstwbtylpgrqh/Build/Intermediates.noindex/GoogleDataTransport.build/Debug-iphonesimulator/GoogleDataTransport.build/Objects-normal/arm64/GDTCORDirectorySizeTracker.o -index-unit-output-path /GoogleDataTransport.build/Debug-iphonesimulator/GoogleDataTransport.build/Objects-normal/arm64/GDTCORDirectorySizeTracker.o

PrecompileModule /Users/user/Library/Developer/Xcode/DerivedData/BestBefore_Prototype_IOS-gtponiwkrvabdfckstwbtylpgrqh/Build/Intermediates.noindex/ExplicitPrecompiledModules/nanopb-5FD2DO96725YLW15RTR00MZ0Y.scan
    cd /
    builtin-precompileModule /Users/user/Library/Developer/Xcode/DerivedData/BestBefore_Prototype_IOS-gtponiwkrvabdfckstwbtylpgrqh/Build/Intermediates.noindex/ExplicitPrecompiledModules/nanopb-5FD2DO96725YLW15RTR00MZ0Y.scan

PrecompileModule /Users/user/Library/Developer/Xcode/DerivedData/BestBefore_Prototype_IOS-gtponiwkrvabdfckstwbtylpgrqh/Build/Intermediates.noindex/ExplicitPrecompiledModules/_Builtin_stdint-582245WMZZGH3SEIJJL5O3WHO.scan
    cd /
    builtin-precompileModule /Users/user/Library/Developer/Xcode/DerivedData/BestBefore_Prototype_IOS-gtponiwkrvabdfckstwbtylpgrqh/Build/Intermediates.noindex/ExplicitPrecompiledModules/_Builtin_stdint-582245WMZZGH3SEIJJL5O3WHO.scan

PrecompileModule /Users/user/Library/Developer/Xcode/DerivedData/BestBefore_Prototype_IOS-gtponiwkrvabdfckstwbtylpgrqh/Build/Intermediates.noindex/ExplicitPrecompiledModules/_Builtin_inttypes-4IBKE7FWKNZI2UO1MFXNIMGSC.scan
    cd /
    builtin-precompileModule /Users/user/Library/Developer/Xcode/DerivedData/BestBefore_Prototype_IOS-gtponiwkrvabdfckstwbtylpgrqh/Build/Intermediates.noindex/ExplicitPrecompiledModules/_Builtin_inttypes-4IBKE7FWKNZI2UO1MFXNIMGSC.scan

PrecompileModule /Users/user/Library/Developer/Xcode/DerivedData/BestBefore_Prototype_IOS-gtponiwkrvabdfckstwbtylpgrqh/Build/Intermediates.noindex/ExplicitPrecompiledModules/zlib-1R2LEOO612D2394JTVJXCPNPB.scan
    cd /
    builtin-precompileModule /Users/user/Library/Developer/Xcode/DerivedData/BestBefore_Prototype_IOS-gtponiwkrvabdfckstwbtylpgrqh/Build/Intermediates.noindex/ExplicitPrecompiledModules/zlib-1R2LEOO612D2394JTVJXCPNPB.scan

SwiftCompile normal arm64 Compiling\ Simulative.swift,\ Spring.swift,\ TRS.swift /Users/user/Library/Developer/Xcode/DerivedData/BestBefore_Prototype_IOS-gtponiwkrvabdfckstwbtylpgrqh/SourcePackages/checkouts/Pow/Sources/Pow/Infrastructure/Simulative.swift /Users/user/Library/Developer/Xcode/DerivedData/BestBefore_Prototype_IOS-gtponiwkrvabdfckstwbtylpgrqh/SourcePackages/checkouts/Pow/Sources/Pow/Infrastructure/Spring.swift /Users/user/Library/Developer/Xcode/DerivedData/BestBefore_Prototype_IOS-gtponiwkrvabdfckstwbtylpgrqh/SourcePackages/checkouts/Pow/Sources/Pow/Infrastructure/TRS.swift (in target 'Pow' from project 'Pow')
SwiftCompile normal arm64 /Users/user/Library/Developer/Xcode/DerivedData/BestBefore_Prototype_IOS-gtponiwkrvabdfckstwbtylpgrqh/SourcePackages/checkouts/Pow/Sources/Pow/Infrastructure/Simulative.swift (in target 'Pow' from project 'Pow')
    cd /Users/user/Downloads/BestBefore_Prototype_IOS\ 4/BestBefore_Prototype_IOS.xcodeproj
    

SwiftCompile normal arm64 /Users/user/Library/Developer/Xcode/DerivedData/BestBefore_Prototype_IOS-gtponiwkrvabdfckstwbtylpgrqh/SourcePackages/checkouts/Pow/Sources/Pow/Infrastructure/Spring.swift (in target 'Pow' from project 'Pow')
    cd /Users/user/Downloads/BestBefore_Prototype_IOS\ 4/BestBefore_Prototype_IOS.xcodeproj
    

SwiftCompile normal arm64 /Users/user/Library/Developer/Xcode/DerivedData/BestBefore_Prototype_IOS-gtponiwkrvabdfckstwbtylpgrqh/SourcePackages/checkouts/Pow/Sources/Pow/Infrastructure/TRS.swift (in target 'Pow' from project 'Pow')
    cd /Users/user/Downloads/BestBefore_Prototype_IOS\ 4/BestBefore_Prototype_IOS.xcodeproj
    

PrecompileModule /Users/user/Library/Developer/Xcode/DerivedData/BestBefore_Prototype_IOS-gtponiwkrvabdfckstwbtylpgrqh/Build/Intermediates.noindex/ExplicitPrecompiledModules/_DarwinFoundation3-BI89077HQGQT8XXKYY23W1THT.scan
    cd /
    builtin-precompileModule /Users/user/Library/Developer/Xcode/DerivedData/BestBefore_Prototype_IOS-gtponiwkrvabdfckstwbtylpgrqh/Build/Intermediates.noindex/ExplicitPrecompiledModules/_DarwinFoundation3-BI89077HQGQT8XXKYY23W1THT.scan

PrecompileModule /Users/user/Library/Developer/Xcode/DerivedData/BestBefore_Prototype_IOS-gtponiwkrvabdfckstwbtylpgrqh/Build/Intermediates.noindex/ExplicitPrecompiledModules/Darwin-9XR2G6Y58MF5RUKH5QUEFU2M1.scan
    cd /
    builtin-precompileModule /Users/user/Library/Developer/Xcode/DerivedData/BestBefore_Prototype_IOS-gtponiwkrvabdfckstwbtylpgrqh/Build/Intermediates.noindex/ExplicitPrecompiledModules/Darwin-9XR2G6Y58MF5RUKH5QUEFU2M1.scan

SwiftCompile normal arm64 Compiling\ Transform3DEffect.swift,\ ViewRepresentable.swift,\ WhileEffect.swift /Users/user/Library/Developer/Xcode/DerivedData/BestBefore_Prototype_IOS-gtponiwkrvabdfckstwbtylpgrqh/SourcePackages/checkouts/Pow/Sources/Pow/Infrastructure/Transform3DEffect.swift /Users/user/Library/Developer/Xcode/DerivedData/BestBefore_Prototype_IOS-gtponiwkrvabdfckstwbtylpgrqh/SourcePackages/checkouts/Pow/Sources/Pow/Infrastructure/ViewRepresentable.swift /Users/user/Library/Developer/Xcode/DerivedData/BestBefore_Prototype_IOS-gtponiwkrvabdfckstwbtylpgrqh/SourcePackages/checkouts/Pow/Sources/Pow/Infrastructure/WhileEffect.swift (in target 'Pow' from project 'Pow')
SwiftCompile normal arm64 /Users/user/Library/Developer/Xcode/DerivedData/BestBefore_Prototype_IOS-gtponiwkrvabdfckstwbtylpgrqh/SourcePackages/checkouts/Pow/Sources/Pow/Infrastructure/Transform3DEffect.swift (in target 'Pow' from project 'Pow')
    cd /Users/user/Downloads/BestBefore_Prototype_IOS\ 4/BestBefore_Prototype_IOS.xcodeproj
    

SwiftCompile normal arm64 /Users/user/Library/Developer/Xcode/DerivedData/BestBefore_Prototype_IOS-gtponiwkrvabdfckstwbtylpgrqh/SourcePackages/checkouts/Pow/Sources/Pow/Infrastructure/ViewRepresentable.swift (in target 'Pow' from project 'Pow')
    cd /Users/user/Downloads/BestBefore_Prototype_IOS\ 4/BestBefore_Prototype_IOS.xcodeproj
    

SwiftCompile normal arm64 /Users/user/Library/Developer/Xcode/DerivedData/BestBefore_Prototype_IOS-gtponiwkrvabdfckstwbtylpgrqh/SourcePackages/checkouts/Pow/Sources/Pow/Infrastructure/WhileEffect.swift (in target 'Pow' from project 'Pow')
    cd /Users/user/Downloads/BestBefore_Prototype_IOS\ 4/BestBefore_Prototype_IOS.xcodeproj
    

SwiftCompile normal arm64 Compiling\ OnChangeEffect.swift,\ ParticleLayer.swift,\ ProgressableAnimation.swift /Users/user/Library/Developer/Xcode/DerivedData/BestBefore_Prototype_IOS-gtponiwkrvabdfckstwbtylpgrqh/SourcePackages/checkouts/Pow/Sources/Pow/Infrastructure/OnChangeEffect.swift /Users/user/Library/Developer/Xcode/DerivedData/BestBefore_Prototype_IOS-gtponiwkrvabdfckstwbtylpgrqh/SourcePackages/checkouts/Pow/Sources/Pow/Infrastructure/ParticleLayer.swift /Users/user/Library/Developer/Xcode/DerivedData/BestBefore_Prototype_IOS-gtponiwkrvabdfckstwbtylpgrqh/SourcePackages/checkouts/Pow/Sources/Pow/Infrastructure/ProgressableAnimation.swift (in target 'Pow' from project 'Pow')

SwiftCompile normal arm64 /Users/user/Library/Developer/Xcode/DerivedData/BestBefore_Prototype_IOS-gtponiwkrvabdfckstwbtylpgrqh/SourcePackages/checkouts/Pow/Sources/Pow/Infrastructure/OnChangeEffect.swift (in target 'Pow' from project 'Pow')
    cd /Users/user/Downloads/BestBefore_Prototype_IOS\ 4/BestBefore_Prototype_IOS.xcodeproj
    

SwiftCompile normal arm64 /Users/user/Library/Developer/Xcode/DerivedData/BestBefore_Prototype_IOS-gtponiwkrvabdfckstwbtylpgrqh/SourcePackages/checkouts/Pow/Sources/Pow/Infrastructure/ParticleLayer.swift (in target 'Pow' from project 'Pow')
    cd /Users/user/Downloads/BestBefore_Prototype_IOS\ 4/BestBefore_Prototype_IOS.xcodeproj
    

SwiftCompile normal arm64 /Users/user/Library/Developer/Xcode/DerivedData/BestBefore_Prototype_IOS-gtponiwkrvabdfckstwbtylpgrqh/SourcePackages/checkouts/Pow/Sources/Pow/Infrastructure/ProgressableAnimation.swift (in target 'Pow' from project 'Pow')
    cd /Users/user/Downloads/BestBefore_Prototype_IOS\ 4/BestBefore_Prototype_IOS.xcodeproj
    

SwiftCompile normal arm64 Compiling\ Anvil.swift,\ Blinds.swift,\ Blur.swift /Users/user/Library/Developer/Xcode/DerivedData/BestBefore_Prototype_IOS-gtponiwkrvabdfckstwbtylpgrqh/SourcePackages/checkouts/Pow/Sources/Pow/Transitions/Anvil.swift /Users/user/Library/Developer/Xcode/DerivedData/BestBefore_Prototype_IOS-gtponiwkrvabdfckstwbtylpgrqh/SourcePackages/checkouts/Pow/Sources/Pow/Transitions/Blinds.swift /Users/user/Library/Developer/Xcode/DerivedData/BestBefore_Prototype_IOS-gtponiwkrvabdfckstwbtylpgrqh/SourcePackages/checkouts/Pow/Sources/Pow/Transitions/Blur.swift (in target 'Pow' from project 'Pow')
Failed frontend command:
/Applications/Xcode.app/Contents/Developer/Toolchains/XcodeDefault.xctoolchain/usr/bin/swift-frontend -frontend -c /Users/user/Library/Developer/Xcode/DerivedData/BestBefore_Prototype_IOS-gtponiwkrvabdfckstwbtylpgrqh/Build/Intermediates.noindex/Pow.build/Debug-iphonesimulator/Pow.build/DerivedSources/resource_bundle_accessor.swift /Users/user/Library/Developer/Xcode/DerivedData/BestBefore_Prototype_IOS-gtponiwkrvabdfckstwbtylpgrqh/SourcePackages/checkouts/Pow/Sources/Pow/Effects/GlowEffect.swift /Users/user/Library/Developer/Xcode/DerivedData/BestBefore_Prototype_IOS-gtponiwkrvabdfckstwbtylpgrqh/SourcePackages/checkouts/Pow/Sources/Pow/Effects/HapticFeedbackEffect.swift /Users/user/Library/Developer/Xcode/DerivedData/BestBefore_Prototype_IOS-gtponiwkrvabdfckstwbtylpgrqh/SourcePackages/checkouts/Pow/Sources/Pow/Effects/JumpEffect.swift /Users/user/Library/Developer/Xcode/DerivedData/BestBefore_Prototype_IOS-gtponiwkrvabdfckstwbtylpgrqh/SourcePackages/checkouts/Pow/Sources/Pow/Effects/PingEffect.swift /Users/user/Library/Developer/Xcode/DerivedData/BestBefore_Prototype_IOS-gtponiwkrvabdfckstwbtylpgrqh/SourcePackages/checkouts/Pow/Sources/Pow/Effects/PulseEffect.swift /Users/user/Library/Developer/Xcode/DerivedData/BestBefore_Prototype_IOS-gtponiwkrvabdfckstwbtylpgrqh/SourcePackages/checkouts/Pow/Sources/Pow/Effects/PushDownEffect.swift /Users/user/Library/Developer/Xcode/DerivedData/BestBefore_Prototype_IOS-gtponiwkrvabdfckstwbtylpgrqh/SourcePackages/checkouts/Pow/Sources/Pow/Effects/RisingParticleEffect.swift /Users/user/Library/Developer/Xcode/DerivedData/BestBefore_Prototype_IOS-gtponiwkrvabdfckstwbtylpgrqh/SourcePackages/checkouts/Pow/Sources/Pow/Effects/ShakeEffect.swift /Users/user/Library/Developer/Xcode/DerivedData/BestBefore_Prototype_IOS-gtponiwkrvabdfckstwbtylpgrqh/SourcePackages/checkouts/Pow/Sources/Pow/Effects/ShineEffect.swift /Users/user/Library/Developer/Xcode/DerivedData/BestBefore_Prototype_IOS-gtponiwkrvabdfckstwbtylpgrqh/SourcePackages/checkouts/Pow/Sources/Pow/Effects/SmokeEffect.swift /Users/user/Library/Developer/Xcode/DerivedData/BestBefore_Prototype_IOS-gtponiwkrvabdfckstwbtylpgrqh/SourcePackages/checkouts/Pow/Sources/Pow/Effects/SoundEffect.swift /Users/user/Library/Developer/Xcode/DerivedData/BestBefore_Prototype_IOS-gtponiwkrvabdfckstwbtylpgrqh/SourcePackages/checkouts/Pow/Sources/Pow/Effects/SpinEffect.swift /Users/user/Library/Developer/Xcode/DerivedData/BestBefore_Prototype_IOS-gtponiwkrvabdfckstwbtylpgrqh/SourcePackages/checkouts/Pow/Sources/Pow/Effects/SprayEffect.swift /Users/user/Library/Developer/Xcode/DerivedData/BestBefore_Prototype_IOS-gtponiwkrvabdfckstwbtylpgrqh/SourcePackages/checkouts/Pow/Sources/Pow/Effects/WiggleEffect.swift /Users/user/Library/Developer/Xcode/DerivedData/BestBefore_Prototype_IOS-gtponiwkrvabdfckstwbtylpgrqh/SourcePackages/checkouts/Pow/Sources/Pow/Extensions/Animation+TimingCurves.swift /Users/user/Library/Developer/Xcode/DerivedData/BestBefore_Prototype_IOS-gtponiwkrvabdfckstwbtylpgrqh/SourcePackages/checkouts/Pow/Sources/Pow/Extensions/CGAffineTransform+Shear.swift /Users/user/Library/Developer/Xcode/DerivedData/BestBefore_Prototype_IOS-gtponiwkrvabdfckstwbtylpgrqh/SourcePackages/checkouts/Pow/Sources/Pow/Extensions/CGPoint+Utilities.swift /Users/user/Library/Developer/Xcode/DerivedData/BestBefore_Prototype_IOS-gtponiwkrvabdfckstwbtylpgrqh/SourcePackages/checkouts/Pow/Sources/Pow/Extensions/CGRect+Utilities.swift /Users/user/Library/Developer/Xcode/DerivedData/BestBefore_Prototype_IOS-gtponiwkrvabdfckstwbtylpgrqh/SourcePackages/checkouts/Pow/Sources/Pow/Extensions/CGSize+Utilities.swift /Users/user/Library/Developer/Xcode/DerivedData/BestBefore_Prototype_IOS-gtponiwkrvabdfckstwbtylpgrqh/SourcePackages/checkouts/Pow/Sources/Pow/Extensions/Duration+TimeInterval.swift /Users/user/Library/Developer/Xcode/DerivedData/BestBefore_Prototype_IOS-gtponiwkrvabdfckstwbtylpgrqh/SourcePackages/checkouts/Pow/Sources/Pow/Extensions/ProjectionTransform+Utilities.swift /Users/user/Library/Developer/Xcode/DerivedData/BestBefore_Prototype_IOS-gtponiwkrvabdfckstwbtylpgrqh/SourcePackages/checkouts/Pow/Sources/Pow/Extensions/UnitPoint+CircularCoordinates.swift /Users/user/Library/Developer/Xcode/DerivedData/BestBefore_Prototype_IOS-gtponiwkrvabdfckstwbtylpgrqh/SourcePackages/checkouts/Pow/Sources/Pow/Extensions/ViewModifier+DefaultAnimation.swift /Users/user/Library/Developer/Xcode/DerivedData/BestBefore_Prototype_IOS-gtponiwkrvabdfckstwbtylpgrqh/SourcePackages/checkouts/Pow/Sources/Pow/Extensions/simd+Utilities.swift /Users/user/Library/Developer/Xcode/DerivedData/BestBefore_Prototype_IOS-gtponiwkrvabdfckstwbtylpgrqh/SourcePackages/checkouts/Pow/Sources/Pow/Infrastructure/AngleControl.swift /Users/user/Library/Developer/Xcode/DerivedData/BestBefore_Prototype_IOS-gtponiwkrvabdfckstwbtylpgrqh/SourcePackages/checkouts/Pow/Sources/Pow/Infrastructure/AnyAnimatableViewModifier.swift /Users/user/Library/Developer/Xcode/DerivedData/BestBefore_Prototype_IOS-gtponiwkrvabdfckstwbtylpgrqh/SourcePackages/checkouts/Pow/Sources/Pow/Infrastructure/AnyChangeEffect.swift /Users/user/Library/Developer/Xcode/DerivedData/BestBefore_Prototype_IOS-gtponiwkrvabdfckstwbtylpgrqh/SourcePackages/checkouts/Pow/Sources/Pow/Infrastructure/AnyContinuousEffect.swift /Users/user/Library/Developer/Xcode/DerivedData/BestBefore_Prototype_IOS-gtponiwkrvabdfckstwbtylpgrqh/SourcePackages/checkouts/Pow/Sources/Pow/Infrastructure/AnyViewModifier.swift /Users/user/Library/Developer/Xcode/DerivedData/BestBefore_Prototype_IOS-gtponiwkrvabdfckstwbtylpgrqh/SourcePackages/checkouts/Pow/Sources/Pow/Infrastructure/Haptics.swift /Users/user/Library/Developer/Xcode/DerivedData/BestBefore_Prototype_IOS-gtponiwkrvabdfckstwbtylpgrqh/SourcePackages/checkouts/Pow/Sources/Pow/Infrastructure/MathUtilities.swift /Users/user/Library/Developer/Xcode/DerivedData/BestBefore_Prototype_IOS-gtponiwkrvabdfckstwbtylpgrqh/SourcePackages/checkouts/Pow/Sources/Pow/Infrastructure/Namespace.swift /Users/user/Library/Developer/Xcode/DerivedData/BestBefore_Prototype_IOS-gtponiwkrvabdfckstwbtylpgrqh/SourcePackages/checkouts/Pow/Sources/Pow/Infrastructure/OnChangeEffect.swift /Users/user/Library/Developer/Xcode/DerivedData/BestBefore_Prototype_IOS-gtponiwkrvabdfckstwbtylpgrqh/SourcePackages/checkouts/Pow/Sources/Pow/Infrastructure/ParticleLayer.swift /Users/user/Library/Developer/Xcode/DerivedData/BestBefore_Prototype_IOS-gtponiwkrvabdfckstwbtylpgrqh/SourcePackages/checkouts/Pow/Sources/Pow/Infrastructure/ProgressableAnimation.swift /Users/user/Library/Developer/Xcode/DerivedData/BestBefore_Prototype_IOS-gtponiwkrvabdfckstwbtylpgrqh/SourcePackages/checkouts/Pow/Sources/Pow/Infrastructure/Scaled.swift /Users/user/Library/Developer/Xcode/DerivedData/BestBefore_Prototype_IOS-gtponiwkrvabdfckstwbtylpgrqh/SourcePackages/checkouts/Pow/Sources/Pow/Infrastructure/SecondOrderDynamics.swift /Users/user/Library/Developer/Xcode/DerivedData/BestBefore_Prototype_IOS-gtponiwkrvabdfckstwbtylpgrqh/SourcePackages/checkouts/Pow/Sources/Pow/Infrastructure/SeededRandomNumberGenerator.swift /Users/user/Library/Developer/Xcode/DerivedData/BestBefore_Prototype_IOS-gtponiwkrvabdfckstwbtylpgrqh/SourcePackages/checkouts/Pow/Sources/Pow/Infrastructure/Simulative.swift /Users/user/Library/Developer/Xcode/DerivedData/BestBefore_Prototype_IOS-gtponiwkrvabdfckstwbtylpgrqh/SourcePackages/checkouts/Pow/Sources/Pow/Infrastructure/Spring.swift /Users/user/Library/Developer/Xcode/DerivedData/BestBefore_Prototype_IOS-gtponiwkrvabdfckstwbtylpgrqh/SourcePackages/checkouts/Pow/Sources/Pow/Infrastructure/TRS.swift /Users/user/Library/Developer/Xcode/DerivedData/BestBefore_Prototype_IOS-gtponiwkrvabdfckstwbtylpgrqh/SourcePackages/checkouts/Pow/Sources/Pow/Infrastructure/Transform3DEffect.swift /Users/user/Library/Developer/Xcode/DerivedData/BestBefore_Prototype_IOS-gtponiwkrvabdfckstwbtylpgrqh/SourcePackages/checkouts/Pow/Sources/Pow/Infrastructure/ViewRepresentable.swift /Users/user/Library/Developer/Xcode/DerivedData/BestBefore_Prototype_IOS-gtponiwkrvabdfckstwbtylpgrqh/SourcePackages/checkouts/Pow/Sources/Pow/Infrastructure/WhileEffect.swift -primary-file /Users/user/Library/Developer/Xcode/DerivedData/BestBefore_Prototype_IOS-gtponiwkrvabdfckstwbtylpgrqh/SourcePackages/checkouts/Pow/Sources/Pow/Transitions/Anvil.swift -primary-file /Users/user/Library/Developer/Xcode/DerivedData/BestBefore_Prototype_IOS-gtponiwkrvabdfckstwbtylpgrqh/SourcePackages/checkouts/Pow/Sources/Pow/Transitions/Blinds.swift -primary-file /Users/user/Library/Developer/Xcode/DerivedData/BestBefore_Prototype_IOS-gtponiwkrvabdfckstwbtylpgrqh/SourcePackages/checkouts/Pow/Sources/Pow/Transitions/Blur.swift /Users/user/Library/Developer/Xcode/DerivedData/BestBefore_Prototype_IOS-gtponiwkrvabdfckstwbtylpgrqh/SourcePackages/checkouts/Pow/Sources/Pow/Transitions/Boing.swift /Users/user/Library/Developer/Xcode/DerivedData/BestBefore_Prototype_IOS-gtponiwkrvabdfckstwbtylpgrqh/SourcePackages/checkouts/Pow/Sources/Pow/Transitions/Clock.swift /Users/user/Library/Developer/Xcode/DerivedData/BestBefore_Prototype_IOS-gtponiwkrvabdfckstwbtylpgrqh/SourcePackages/checkouts/Pow/Sources/Pow/Transitions/FilmExposure.swift /Users/user/Library/Developer/Xcode/DerivedData/BestBefore_Prototype_IOS-gtponiwkrvabdfckstwbtylpgrqh/SourcePackages/checkouts/Pow/Sources/Pow/Transitions/Flicker.swift /Users/user/Library/Developer/Xcode/DerivedData/BestBefore_Prototype_IOS-gtponiwkrvabdfckstwbtylpgrqh/SourcePackages/checkouts/Pow/Sources/Pow/Transitions/Flip.swift /Users/user/Library/Developer/Xcode/DerivedData/BestBefore_Prototype_IOS-gtponiwkrvabdfckstwbtylpgrqh/SourcePackages/checkouts/Pow/Sources/Pow/Transitions/Glare.swift /Users/user/Library/Developer/Xcode/DerivedData/BestBefore_Prototype_IOS-gtponiwkrvabdfckstwbtylpgrqh/SourcePackages/checkouts/Pow/Sources/Pow/Transitions/Iris.swift /Users/user/Library/Developer/Xcode/DerivedData/BestBefore_Prototype_IOS-gtponiwkrvabdfckstwbtylpgrqh/SourcePackages/checkouts/Pow/Sources/Pow/Transitions/Move.swift /Users/user/Library/Developer/Xcode/DerivedData/BestBefore_Prototype_IOS-gtponiwkrvabdfckstwbtylpgrqh/SourcePackages/checkouts/Pow/Sources/Pow/Transitions/Poof.swift /Users/user/Library/Developer/Xcode/DerivedData/BestBefore_Prototype_IOS-gtponiwkrvabdfckstwbtylpgrqh/SourcePackages/checkouts/Pow/Sources/Pow/Transitions/Pop.swift /Users/user/Library/Developer/Xcode/DerivedData/BestBefore_Prototype_IOS-gtponiwkrvabdfckstwbtylpgrqh/SourcePackages/checkouts/Pow/Sources/Pow/Transitions/Skid.swift /Users/user/Library/Developer/Xcode/DerivedData/BestBefore_Prototype_IOS-gtponiwkrvabdfckstwbtylpgrqh/SourcePackages/checkouts/Pow/Sources/Pow/Transitions/Swoosh.swift /Users/user/Library/Developer/Xcode/DerivedData/BestBefore_Prototype_IOS-gtponiwkrvabdfckstwbtylpgrqh/SourcePackages/checkouts/Pow/Sources/Pow/Transitions/Vanish.swift /Users/user/Library/Developer/Xcode/DerivedData/BestBefore_Prototype_IOS-gtponiwkrvabdfckstwbtylpgrqh/SourcePackages/checkouts/Pow/Sources/Pow/Transitions/Wipe.swift /Users/user/Library/Developer/Xcode/DerivedData/BestBefore_Prototype_IOS-gtponiwkrvabdfckstwbtylpgrqh/Build/Intermediates.noindex/Pow.build/Debug-iphonesimulator/Pow.build/DerivedSources/GeneratedAssetSymbols.swift -supplementary-output-file-map /Users/user/Library/Developer/Xcode/DerivedData/BestBefore_Prototype_IOS-gtponiwkrvabdfckstwbtylpgrqh/Build/Intermediates.noindex/Pow.build/Debug-iphonesimulator/Pow.build/Objects-normal/arm64/supplementaryOutputs-8 -target arm64-apple-ios15.0-simulator -module-can-import-version DeveloperToolsSupport 23.40.26 23.40.26 -module-can-import-version SwiftUI 7.4.27.1 7.4.27 -module-can-import-version UIKit 9126.4.27.1 9126.4.27 -load-resolved-plugin /Applications/Xcode.app/Contents/Developer/Platforms/iPhoneOS.platform/Developer/usr/lib/swift/host/plugins/libFoundationMacros.dylib\#/Applications/Xcode.app/Contents/Developer/Platforms/iPhoneOS.platform/Developer/usr/bin/swift-plugin-server\#FoundationMacros -load-resolved-plugin /Applications/Xcode.app/Contents/Developer/Platforms/iPhoneOS.platform/Developer/usr/lib/swift/host/plugins/libObservationMacros.dylib\#/Applications/Xcode.app/Contents/Developer/Platforms/iPhoneOS.platform/Developer/usr/bin/swift-plugin-server\#ObservationMacros -load-resolved-plugin /Applications/Xcode.app/Contents/Developer/Platforms/iPhoneOS.platform/Developer/usr/lib/swift/host/plugins/libPreviewsMacros.dylib\#/Applications/Xcode.app/Contents/Developer/Platforms/iPhoneOS.platform/Developer/usr/bin/swift-plugin-server\#PreviewsMacros -load-resolved-plugin /Applications/Xcode.app/Contents/Developer/Platforms/iPhoneOS.platform/Developer/usr/lib/swift/host/plugins/libSwiftMacros.dylib\#/Applications/Xcode.app/Contents/Developer/Platforms/iPhoneOS.platform/Developer/usr/bin/swift-plugin-server\#SwiftMacros -load-resolved-plugin /Applications/Xcode.app/Contents/Developer/Platforms/iPhoneOS.platform/Developer/usr/lib/swift/host/plugins/libSwiftUIMacros.dylib\#/Applications/Xcode.app/Contents/Developer/Platforms/iPhoneOS.platform/Developer/usr/bin/swift-plugin-server\#SwiftUIMacros -disable-implicit-swift-modules -Xcc -fno-implicit-modules -Xcc -fno-implicit-module-maps -explicit-swift-module-map-file /Users/user/Library/Developer/Xcode/DerivedData/BestBefore_Prototype_IOS-gtponiwkrvabdfckstwbtylpgrqh/Build/Intermediates.noindex/Pow.build/Debug-iphonesimulator/Pow.build/Objects-normal/arm64/Pow-dependencies-1.json -debug-module-path /Users/user/Library/Developer/Xcode/DerivedData/BestBefore_Prototype_IOS-gtponiwkrvabdfckstwbtylpgrqh/Build/Intermediates.noindex/Pow.build/Debug-iphonesimulator/Pow.build/Objects-normal/arm64/Pow.swiftmodule -Xllvm -aarch64-use-tbi -enable-objc-interop -sdk /Applications/Xcode.app/Contents/Developer/Platforms/iPhoneSimulator.platform/Developer/SDKs/iPhoneSimulator26.4.sdk -I /Users/user/Library/Developer/Xcode/DerivedData/BestBefore_Prototype_IOS-gtponiwkrvabdfckstwbtylpgrqh/Build/Products/Debug-iphonesimulator -Isystem /Applications/Xcode.app/Contents/Developer/Platforms/iPhoneSimulator.platform/Developer/usr/lib -F /Users/user/Library/Developer/Xcode/DerivedData/BestBefore_Prototype_IOS-gtponiwkrvabdfckstwbtylpgrqh/Build/Products/Debug-iphonesimulator -F /Applications/Xcode.app/Contents/Developer/Platforms/iPhoneSimulator.platform/Developer/Library/Frameworks -F /Applications/Xcode.app/Contents/Developer/Platforms/iPhoneSimulator.platform/Developer/SDKs/iPhoneSimulator26.4.sdk/Developer/Library/Frameworks -no-color-diagnostics -Xcc -fno-color-diagnostics -enable-testing -g -debug-info-format\=dwarf -dwarf-version\=4 -module-cache-path /Users/user/Library/Developer/Xcode/DerivedData/BestBefore_Prototype_IOS-gtponiwkrvabdfckstwbtylpgrqh/Build/Intermediates.noindex/SwiftExplicitPrecompiledModules -suppress-warnings -swift-version 5 -Onone -D SWIFT_PACKAGE -D DEBUG -D SWIFT_MODULE_RESOURCE_BUNDLE_AVAILABLE -D Xcode -serialize-debugging-options -const-gather-protocols-file /Users/user/Library/Developer/Xcode/DerivedData/BestBefore_Prototype_IOS-gtponiwkrvabdfckstwbtylpgrqh/Build/Intermediates.noindex/Pow.build/Debug-iphonesimulator/Pow.build/Objects-normal/arm64/Pow_const_extract_protocols.json -enable-experimental-feature DebugDescriptionMacro -empty-abi-descriptor -validate-clang-modules-once -clang-build-session-file /Users/user/Library/Developer/Xcode/DerivedData/ModuleCache.noindex/Session.modulevalidation -Xcc -working-directory -Xcc /Users/user/Downloads/BestBefore_Prototype_IOS\ 4/BestBefore_Prototype_IOS.xcodeproj -enable-anonymous-context-mangled-names -file-compilation-dir /Users/user/Downloads/BestBefore_Prototype_IOS\ 4/BestBefore_Prototype_IOS.xcodeproj -Xcc -D_LIBCPP_HARDENING_MODE\=_LIBCPP_HARDENING_MODE_DEBUG -Xcc -ivfsstatcache -Xcc /Users/user/Library/Developer/Xcode/DerivedData/SDKStatCaches.noindex/iphonesimulator26.4-23E237-688ef53f1462e2c8f657fdc38a81448f686eebb5dc1d8ecb277353a59184f4aa.sdkstatcache -Xcc -I/Users/user/Library/Developer/Xcode/DerivedData/BestBefore_Prototype_IOS-gtponiwkrvabdfckstwbtylpgrqh/Build/Intermediates.noindex/Pow.build/Debug-iphonesimulator/Pow.build/swift-overrides.hmap -Xcc -I/Users/user/Library/Developer/Xcode/DerivedData/BestBefore_Prototype_IOS-gtponiwkrvabdfckstwbtylpgrqh/Build/Products/Debug-iphonesimulator/include -Xcc -I/Users/user/Library/Developer/Xcode/DerivedData/BestBefore_Prototype_IOS-gtponiwkrvabdfckstwbtylpgrqh/Build/Intermediates.noindex/Pow.build/Debug-iphonesimulator/Pow.build/DerivedSources-normal/arm64 -Xcc -I/Users/user/Library/Developer/Xcode/DerivedData/BestBefore_Prototype_IOS-gtponiwkrvabdfckstwbtylpgrqh/Build/Intermediates.noindex/Pow.build/Debug-iphonesimulator/Pow.build/DerivedSources/arm64 -Xcc -I/Users/user/Library/Developer/Xcode/DerivedData/BestBefore_Prototype_IOS-gtponiwkrvabdfckstwbtylpgrqh/Build/Intermediates.noindex/Pow.build/Debug-iphonesimulator/Pow.build/DerivedSources -Xcc -DSWIFT_PACKAGE -Xcc -DDEBUG\=1 -no-auto-bridging-header-chaining -module-name Pow -frontend-parseable-output -disable-clang-spi -clang-target arm64-apple-ios26.4-simulator -target-sdk-version 26.4 -target-sdk-name iphonesimulator26.4 -in-process-plugin-server-path /Applications/Xcode.app/Contents/Developer/Toolchains/XcodeDefault.xctoolchain/usr/lib/swift/host/libSwiftInProcPluginServer.dylib -o /Users/user/Library/Developer/Xcode/DerivedData/BestBefore_Prototype_IOS-gtponiwkrvabdfckstwbtylpgrqh/Build/Intermediates.noindex/Pow.build/Debug-iphonesimulator/Pow.build/Objects-normal/arm64/Anvil.o -o /Users/user/Library/Developer/Xcode/DerivedData/BestBefore_Prototype_IOS-gtponiwkrvabdfckstwbtylpgrqh/Build/Intermediates.noindex/Pow.build/Debug-iphonesimulator/Pow.build/Objects-normal/arm64/Blinds.o -o /Users/user/Library/Developer/Xcode/DerivedData/BestBefore_Prototype_IOS-gtponiwkrvabdfckstwbtylpgrqh/Build/Intermediates.noindex/Pow.build/Debug-iphonesimulator/Pow.build/Objects-normal/arm64/Blur.o -index-unit-output-path /Pow.build/Debug-iphonesimulator/Pow.build/Objects-normal/arm64/Anvil.o -index-unit-output-path /Pow.build/Debug-iphonesimulator/Pow.build/Objects-normal/arm64/Blinds.o -index-unit-output-path /Pow.build/Debug-iphonesimulator/Pow.build/Objects-normal/arm64/Blur.o -index-store-path /Users/user/Library/Developer/Xcode/DerivedData/BestBefore_Prototype_IOS-gtponiwkrvabdfckstwbtylpgrqh/Index.noindex/DataStore -index-system-modules

SwiftCompile normal arm64 /Users/user/Library/Developer/Xcode/DerivedData/BestBefore_Prototype_IOS-gtponiwkrvabdfckstwbtylpgrqh/SourcePackages/checkouts/Pow/Sources/Pow/Transitions/Anvil.swift (in target 'Pow' from project 'Pow')
    cd /Users/user/Downloads/BestBefore_Prototype_IOS\ 4/BestBefore_Prototype_IOS.xcodeproj
    
/Users/user/Library/Developer/Xcode/DerivedData/BestBefore_Prototype_IOS-gtponiwkrvabdfckstwbtylpgrqh/SourcePackages/checkouts/Pow/Sources/Pow/Transitions/Anvil.swift:112:81: error: ambiguous use of 'pi'
                                var scale = 1 + 0.6 * (1 - pow(sin(relativeX * .pi), 0.4)) + .random(in: 0 ... 0.2, using: &rng)
                                                                                ^
Swift.Double.pi:2:30: note: found this candidate in module 'Swift'
@inlinable public static var pi: Double { get }}
                             ^
CoreFoundation.CGFloat.pi:2:19: note: found this candidate in module 'CoreFoundation'
public static var pi: CGFloat { get }}
                  ^

SwiftCompile normal arm64 /Users/user/Library/Developer/Xcode/DerivedData/BestBefore_Prototype_IOS-gtponiwkrvabdfckstwbtylpgrqh/SourcePackages/checkouts/Pow/Sources/Pow/Transitions/Blinds.swift (in target 'Pow' from project 'Pow')
    cd /Users/user/Downloads/BestBefore_Prototype_IOS\ 4/BestBefore_Prototype_IOS.xcodeproj
    

SwiftCompile normal arm64 /Users/user/Library/Developer/Xcode/DerivedData/BestBefore_Prototype_IOS-gtponiwkrvabdfckstwbtylpgrqh/SourcePackages/checkouts/Pow/Sources/Pow/Transitions/Blur.swift (in target 'Pow' from project 'Pow')
    cd /Users/user/Downloads/BestBefore_Prototype_IOS\ 4/BestBefore_Prototype_IOS.xcodeproj
    

PrecompileModule /Users/user/Library/Developer/Xcode/DerivedData/BestBefore_Prototype_IOS-gtponiwkrvabdfckstwbtylpgrqh/Build/Intermediates.noindex/ExplicitPrecompiledModules/_Builtin_inttypes-EOD8B8UEP2UUH0Y8N3LXYKKHU.scan
    cd /
    builtin-precompileModule /Users/user/Library/Developer/Xcode/DerivedData/BestBefore_Prototype_IOS-gtponiwkrvabdfckstwbtylpgrqh/Build/Intermediates.noindex/ExplicitPrecompiledModules/_Builtin_inttypes-EOD8B8UEP2UUH0Y8N3LXYKKHU.scan

SwiftCompile normal arm64 Compiling\ SoundEffect.swift,\ SpinEffect.swift,\ SprayEffect.swift /Users/user/Library/Developer/Xcode/DerivedData/BestBefore_Prototype_IOS-gtponiwkrvabdfckstwbtylpgrqh/SourcePackages/checkouts/Pow/Sources/Pow/Effects/SoundEffect.swift /Users/user/Library/Developer/Xcode/DerivedData/BestBefore_Prototype_IOS-gtponiwkrvabdfckstwbtylpgrqh/SourcePackages/checkouts/Pow/Sources/Pow/Effects/SpinEffect.swift /Users/user/Library/Developer/Xcode/DerivedData/BestBefore_Prototype_IOS-gtponiwkrvabdfckstwbtylpgrqh/SourcePackages/checkouts/Pow/Sources/Pow/Effects/SprayEffect.swift (in target 'Pow' from project 'Pow')
SwiftCompile normal arm64 /Users/user/Library/Developer/Xcode/DerivedData/BestBefore_Prototype_IOS-gtponiwkrvabdfckstwbtylpgrqh/SourcePackages/checkouts/Pow/Sources/Pow/Effects/SoundEffect.swift (in target 'Pow' from project 'Pow')
    cd /Users/user/Downloads/BestBefore_Prototype_IOS\ 4/BestBefore_Prototype_IOS.xcodeproj
    

SwiftCompile normal arm64 /Users/user/Library/Developer/Xcode/DerivedData/BestBefore_Prototype_IOS-gtponiwkrvabdfckstwbtylpgrqh/SourcePackages/checkouts/Pow/Sources/Pow/Effects/SpinEffect.swift (in target 'Pow' from project 'Pow')
    cd /Users/user/Downloads/BestBefore_Prototype_IOS\ 4/BestBefore_Prototype_IOS.xcodeproj
    

SwiftCompile normal arm64 /Users/user/Library/Developer/Xcode/DerivedData/BestBefore_Prototype_IOS-gtponiwkrvabdfckstwbtylpgrqh/SourcePackages/checkouts/Pow/Sources/Pow/Effects/SprayEffect.swift (in target 'Pow' from project 'Pow')
    cd /Users/user/Downloads/BestBefore_Prototype_IOS\ 4/BestBefore_Prototype_IOS.xcodeproj
    

PrecompileModule /Users/user/Library/Developer/Xcode/DerivedData/BestBefore_Prototype_IOS-gtponiwkrvabdfckstwbtylpgrqh/Build/Intermediates.noindex/ExplicitPrecompiledModules/Darwin-8IK4L6ZA0EHYJ1EWM8RQDUUUS.scan
    cd /
    builtin-precompileModule /Users/user/Library/Developer/Xcode/DerivedData/BestBefore_Prototype_IOS-gtponiwkrvabdfckstwbtylpgrqh/Build/Intermediates.noindex/ExplicitPrecompiledModules/Darwin-8IK4L6ZA0EHYJ1EWM8RQDUUUS.scan

PrecompileModule /Users/user/Library/Developer/Xcode/DerivedData/BestBefore_Prototype_IOS-gtponiwkrvabdfckstwbtylpgrqh/Build/Intermediates.noindex/ExplicitPrecompiledModules/ObjectiveC-8PRWR1XAFHA1W4KF6RG0JYT9.scan
    cd /
    builtin-precompileModule /Users/user/Library/Developer/Xcode/DerivedData/BestBefore_Prototype_IOS-gtponiwkrvabdfckstwbtylpgrqh/Build/Intermediates.noindex/ExplicitPrecompiledModules/ObjectiveC-8PRWR1XAFHA1W4KF6RG0JYT9.scan

PrecompileModule /Users/user/Library/Developer/Xcode/DerivedData/BestBefore_Prototype_IOS-gtponiwkrvabdfckstwbtylpgrqh/Build/Intermediates.noindex/ExplicitPrecompiledModules/ObjectiveC-8EGYDFPO4D04WCERF2ND1ZU9G.scan
    cd /
    builtin-precompileModule /Users/user/Library/Developer/Xcode/DerivedData/BestBefore_Prototype_IOS-gtponiwkrvabdfckstwbtylpgrqh/Build/Intermediates.noindex/ExplicitPrecompiledModules/ObjectiveC-8EGYDFPO4D04WCERF2ND1ZU9G.scan

PrecompileModule /Users/user/Library/Developer/Xcode/DerivedData/BestBefore_Prototype_IOS-gtponiwkrvabdfckstwbtylpgrqh/Build/Intermediates.noindex/ExplicitPrecompiledModules/os_object-DFV60WD06L7B87WH52FOO32B2.scan
    cd /
    builtin-precompileModule /Users/user/Library/Developer/Xcode/DerivedData/BestBefore_Prototype_IOS-gtponiwkrvabdfckstwbtylpgrqh/Build/Intermediates.noindex/ExplicitPrecompiledModules/os_object-DFV60WD06L7B87WH52FOO32B2.scan

PrecompileModule /Users/user/Library/Developer/Xcode/DerivedData/BestBefore_Prototype_IOS-gtponiwkrvabdfckstwbtylpgrqh/Build/Intermediates.noindex/ExplicitPrecompiledModules/os_object-5IHQGOC38EAJEMEMANUGLDKJK.scan
    cd /
    builtin-precompileModule /Users/user/Library/Developer/Xcode/DerivedData/BestBefore_Prototype_IOS-gtponiwkrvabdfckstwbtylpgrqh/Build/Intermediates.noindex/ExplicitPrecompiledModules/os_object-5IHQGOC38EAJEMEMANUGLDKJK.scan

PrecompileModule /Users/user/Library/Developer/Xcode/DerivedData/BestBefore_Prototype_IOS-gtponiwkrvabdfckstwbtylpgrqh/Build/Intermediates.noindex/ExplicitPrecompiledModules/os_workgroup-8LUEHVOJZHA4AWW0A1JXG237X.scan
    cd /
    builtin-precompileModule /Users/user/Library/Developer/Xcode/DerivedData/BestBefore_Prototype_IOS-gtponiwkrvabdfckstwbtylpgrqh/Build/Intermediates.noindex/ExplicitPrecompiledModules/os_workgroup-8LUEHVOJZHA4AWW0A1JXG237X.scan

PrecompileModule /Users/user/Library/Developer/Xcode/DerivedData/BestBefore_Prototype_IOS-gtponiwkrvabdfckstwbtylpgrqh/Build/Intermediates.noindex/ExplicitPrecompiledModules/os_workgroup-5JPY2F50X8RWB2JDSP1XRP6NF.scan
    cd /
    builtin-precompileModule /Users/user/Library/Developer/Xcode/DerivedData/BestBefore_Prototype_IOS-gtponiwkrvabdfckstwbtylpgrqh/Build/Intermediates.noindex/ExplicitPrecompiledModules/os_workgroup-5JPY2F50X8RWB2JDSP1XRP6NF.scan

PrecompileModule /Users/user/Library/Developer/Xcode/DerivedData/BestBefore_Prototype_IOS-gtponiwkrvabdfckstwbtylpgrqh/Build/Intermediates.noindex/ExplicitPrecompiledModules/Dispatch-4K6ZPWJB4KICMX0WW4GZDEA2E.scan
    cd /
    builtin-precompileModule /Users/user/Library/Developer/Xcode/DerivedData/BestBefore_Prototype_IOS-gtponiwkrvabdfckstwbtylpgrqh/Build/Intermediates.noindex/ExplicitPrecompiledModules/Dispatch-4K6ZPWJB4KICMX0WW4GZDEA2E.scan

PrecompileModule /Users/user/Library/Developer/Xcode/DerivedData/BestBefore_Prototype_IOS-gtponiwkrvabdfckstwbtylpgrqh/Build/Intermediates.noindex/ExplicitPrecompiledModules/Dispatch-UQG1NND9KW5DCS47ILAAK66O.scan
    cd /
    builtin-precompileModule /Users/user/Library/Developer/Xcode/DerivedData/BestBefore_Prototype_IOS-gtponiwkrvabdfckstwbtylpgrqh/Build/Intermediates.noindex/ExplicitPrecompiledModules/Dispatch-UQG1NND9KW5DCS47ILAAK66O.scan

PrecompileModule /Users/user/Library/Developer/Xcode/DerivedData/BestBefore_Prototype_IOS-gtponiwkrvabdfckstwbtylpgrqh/Build/Intermediates.noindex/ExplicitPrecompiledModules/XPC-2YVX2OOL0YI7W1ZHJR8943ESN.scan
    cd /
    builtin-precompileModule /Users/user/Library/Developer/Xcode/DerivedData/BestBefore_Prototype_IOS-gtponiwkrvabdfckstwbtylpgrqh/Build/Intermediates.noindex/ExplicitPrecompiledModules/XPC-2YVX2OOL0YI7W1ZHJR8943ESN.scan

PrecompileModule /Users/user/Library/Developer/Xcode/DerivedData/BestBefore_Prototype_IOS-gtponiwkrvabdfckstwbtylpgrqh/Build/Intermediates.noindex/ExplicitPrecompiledModules/XPC-7V96GW7COMY4JXS53R0XFNEOA.scan
    cd /
    builtin-precompileModule /Users/user/Library/Developer/Xcode/DerivedData/BestBefore_Prototype_IOS-gtponiwkrvabdfckstwbtylpgrqh/Build/Intermediates.noindex/ExplicitPrecompiledModules/XPC-7V96GW7COMY4JXS53R0XFNEOA.scan

PrecompileModule /Users/user/Library/Developer/Xcode/DerivedData/BestBefore_Prototype_IOS-gtponiwkrvabdfckstwbtylpgrqh/Build/Intermediates.noindex/ExplicitPrecompiledModules/CoreFoundation-DEJVQMT08GRJ8091G58UYTAD3.scan
    cd /
    builtin-precompileModule /Users/user/Library/Developer/Xcode/DerivedData/BestBefore_Prototype_IOS-gtponiwkrvabdfckstwbtylpgrqh/Build/Intermediates.noindex/ExplicitPrecompiledModules/CoreFoundation-DEJVQMT08GRJ8091G58UYTAD3.scan

** BUILD FAILED **


The following build commands failed:
	SwiftCompile normal arm64 Compiling\ Anvil.swift,\ Blinds.swift,\ Blur.swift /Users/user/Library/Developer/Xcode/DerivedData/BestBefore_Prototype_IOS-gtponiwkrvabdfckstwbtylpgrqh/SourcePackages/checkouts/Pow/Sources/Pow/Transitions/Anvil.swift /Users/user/Library/Developer/Xcode/DerivedData/BestBefore_Prototype_IOS-gtponiwkrvabdfckstwbtylpgrqh/SourcePackages/checkouts/Pow/Sources/Pow/Transitions/Blinds.swift /Users/user/Library/Developer/Xcode/DerivedData/BestBefore_Prototype_IOS-gtponiwkrvabdfckstwbtylpgrqh/SourcePackages/checkouts/Pow/Sources/Pow/Transitions/Blur.swift (in target 'Pow' from project 'Pow')
	SwiftCompile normal arm64 /Users/user/Library/Developer/Xcode/DerivedData/BestBefore_Prototype_IOS-gtponiwkrvabdfckstwbtylpgrqh/SourcePackages/checkouts/Pow/Sources/Pow/Transitions/Anvil.swift (in target 'Pow' from project 'Pow')
	Building project BestBefore_Prototype_IOS with scheme BestBefore_Prototype_IOS and configuration Debug
(3 failures)
