Command line invocation:
    /Applications/Xcode.app/Contents/Developer/usr/bin/xcodebuild -project BestBefore_Prototype_IOS.xcodeproj -scheme BestBefore_Prototype_IOS -configuration Debug -sdk iphonesimulator build

Build settings from command line:
    SDKROOT = iphonesimulator26.2

Resolve Package Graph


Resolved source packages:
  Firebase: https://github.com/firebase/firebase-ios-sdk @ 12.8.0
  RiveRuntime: https://github.com/rive-app/rive-ios @ 6.13.0
  Pow: https://github.com/EmergeTools/Pow @ 1.0.5
  AppCheck: https://github.com/google/app-check.git @ 11.2.0
  InteropForGoogle: https://github.com/google/interop-ios-for-google-sdks.git @ 101.0.0
  abseil: https://github.com/google/abseil-cpp-binary.git @ 1.2024072200.0
  GoogleUtilities: https://github.com/google/GoogleUtilities.git @ 8.1.0
  GoogleAppMeasurement: https://github.com/google/GoogleAppMeasurement.git @ 12.8.0
  GTMSessionFetcher: https://github.com/google/gtm-session-fetcher.git @ 5.0.0
  gRPC: https://github.com/google/grpc-binary.git @ 1.69.1
  nanopb: https://github.com/firebase/nanopb.git @ 2.30910.0
  Promises: https://github.com/google/promises.git @ 2.4.0
  leveldb: https://github.com/firebase/leveldb.git @ 1.22.5
  GoogleAdsOnDeviceConversion: https://github.com/googleads/google-ads-on-device-conversion-ios-sdk @ 3.2.0
  GoogleDataTransport: https://github.com/google/GoogleDataTransport.git @ 10.1.0

2026-02-26 19:53:09.670 xcodebuild[47849:675041] [MT] IDERunDestination: Supported platforms for the buildables in the current scheme is empty.
--- xcodebuild: WARNING: Using the first of multiple matching destinations:
{ platform:iOS Simulator, id:dvtdevice-DVTiOSDeviceSimulatorPlaceholder-iphonesimulator:placeholder, name:Any iOS Simulator Device }
{ platform:iOS Simulator, arch:arm64, id:F8E58D1C-6A1E-4EFC-8610-36BB08605F76, OS:18.6, name:iPad (A16) }
{ platform:iOS Simulator, arch:x86_64, id:F8E58D1C-6A1E-4EFC-8610-36BB08605F76, OS:18.6, name:iPad (A16) }
{ platform:iOS Simulator, arch:arm64, id:27DF1CF5-5A15-483C-828C-A134C753E447, OS:26.2, name:iPad (A16) }
{ platform:iOS Simulator, arch:arm64, id:1F3E4140-5FF8-40E6-9901-EDEB779728F3, OS:18.6, name:iPad Air 11-inch (M3) }
{ platform:iOS Simulator, arch:x86_64, id:1F3E4140-5FF8-40E6-9901-EDEB779728F3, OS:18.6, name:iPad Air 11-inch (M3) }
{ platform:iOS Simulator, arch:arm64, id:01A77D82-E92C-4400-B32B-E1DD44436F4B, OS:26.2, name:iPad Air 11-inch (M3) }
{ platform:iOS Simulator, arch:arm64, id:C7859CBC-229D-492C-9C43-D1F9AA025674, OS:18.6, name:iPad Air 13-inch (M3) }
{ platform:iOS Simulator, arch:x86_64, id:C7859CBC-229D-492C-9C43-D1F9AA025674, OS:18.6, name:iPad Air 13-inch (M3) }
{ platform:iOS Simulator, arch:arm64, id:25515F04-F547-4D7E-845A-CAD4CE9F7BCF, OS:26.2, name:iPad Air 13-inch (M3) }
{ platform:iOS Simulator, arch:arm64, id:8DCD06FA-B6BA-4A2A-9F31-CDCC35EF5ADE, OS:18.6, name:iPad Pro 11-inch (M4) }
{ platform:iOS Simulator, arch:x86_64, id:8DCD06FA-B6BA-4A2A-9F31-CDCC35EF5ADE, OS:18.6, name:iPad Pro 11-inch (M4) }
{ platform:iOS Simulator, arch:arm64, id:88D06353-36AF-475C-BDDB-1068E93ED405, OS:26.2, name:iPad Pro 11-inch (M5) }
{ platform:iOS Simulator, arch:arm64, id:CD431575-B3B0-47FE-9FCD-57E5F88290FD, OS:18.6, name:iPad Pro 13-inch (M4) }
{ platform:iOS Simulator, arch:x86_64, id:CD431575-B3B0-47FE-9FCD-57E5F88290FD, OS:18.6, name:iPad Pro 13-inch (M4) }
{ platform:iOS Simulator, arch:arm64, id:BCDCD01A-D151-47EC-AE22-852C83AD151F, OS:26.2, name:iPad Pro 13-inch (M5) }
{ platform:iOS Simulator, arch:arm64, id:C832425A-8484-4536-9699-3D9E624058A6, OS:18.6, name:iPad mini (A17 Pro) }
{ platform:iOS Simulator, arch:x86_64, id:C832425A-8484-4536-9699-3D9E624058A6, OS:18.6, name:iPad mini (A17 Pro) }
{ platform:iOS Simulator, arch:arm64, id:5444902C-CFF3-4956-9078-45A23ECAAAC8, OS:26.2, name:iPad mini (A17 Pro) }
{ platform:iOS Simulator, arch:arm64, id:28214FDE-5F94-48C9-B846-7A47FE1527D4, OS:18.6, name:iPhone 16 }
{ platform:iOS Simulator, arch:x86_64, id:28214FDE-5F94-48C9-B846-7A47FE1527D4, OS:18.6, name:iPhone 16 }
{ platform:iOS Simulator, arch:arm64, id:54502117-0AD4-41E8-B475-C3A67D40A4DD, OS:18.6, name:iPhone 16 Plus }
{ platform:iOS Simulator, arch:x86_64, id:54502117-0AD4-41E8-B475-C3A67D40A4DD, OS:18.6, name:iPhone 16 Plus }
{ platform:iOS Simulator, arch:arm64, id:817F2B99-15B7-4D20-ABB5-9EBDA47915D1, OS:18.6, name:iPhone 16 Pro }
{ platform:iOS Simulator, arch:x86_64, id:817F2B99-15B7-4D20-ABB5-9EBDA47915D1, OS:18.6, name:iPhone 16 Pro }
{ platform:iOS Simulator, arch:arm64, id:63E0FBC4-143D-4FC1-A81C-9CDAFC037C3F, OS:18.6, name:iPhone 16 Pro Max }
{ platform:iOS Simulator, arch:x86_64, id:63E0FBC4-143D-4FC1-A81C-9CDAFC037C3F, OS:18.6, name:iPhone 16 Pro Max }
{ platform:iOS Simulator, arch:arm64, id:42F42824-1532-4F64-BDAF-4120C9065DAC, OS:18.6, name:iPhone 16e }
{ platform:iOS Simulator, arch:x86_64, id:42F42824-1532-4F64-BDAF-4120C9065DAC, OS:18.6, name:iPhone 16e }
{ platform:iOS Simulator, arch:arm64, id:DCD65FBD-592F-4F15-8055-6E7D49824CCA, OS:26.2, name:iPhone 16e }
{ platform:iOS Simulator, arch:arm64, id:320B0485-FB3B-44E8-B6D1-AB9A21A7A1D7, OS:26.2, name:iPhone 17 }
{ platform:iOS Simulator, arch:arm64, id:3A4D4B0B-90C6-4095-AEBA-8C988A317980, OS:26.2, name:iPhone 17 Pro }
{ platform:iOS Simulator, arch:arm64, id:423C9DA1-FC8E-41B0-B57E-D97F3BB4B3F2, OS:26.2, name:iPhone 17 Pro Max }
{ platform:iOS Simulator, arch:arm64, id:F2194E06-B8D4-4275-B20D-96D469E9B760, OS:26.2, name:iPhone Air }
{ platform:macOS, arch:arm64, variant:Designed for [iPad,iPhone], id:00008122-001C590022F1001C, name:My Mac }
{ platform:iOS, id:dvtdevice-DVTiPhonePlaceholder-iphoneos:placeholder, name:Any iOS Device }
{ platform:iOS, arch:arm64, id:00008110-000E41801A3A801E, name:Arya’s iPhone }
ComputePackagePrebuildTargetDependencyGraph

Prepare packages

CreateBuildRequest

SendProjectDescription

CreateBuildOperation

ComputeTargetDependencyGraph
note: Building targets in dependency order
note: Target dependency graph (40 targets)
    Target 'BestBefore_Prototype_IOS' in project 'BestBefore_Prototype_IOS'
        ➜ Explicit dependency on target 'Pow' in project 'Pow'
        ➜ Explicit dependency on target 'FirebaseAuth' in project 'Firebase'
        ➜ Explicit dependency on target 'RiveRuntime' in project 'RiveRuntime'
    Target 'RiveRuntime' in project 'RiveRuntime' (no dependencies)
    Target 'FirebaseAuth' in project 'Firebase'
        ➜ Explicit dependency on target 'FirebaseAuth' in project 'Firebase'
        ➜ Explicit dependency on target 'Firebase_FirebaseAuth' in project 'Firebase'
        ➜ Explicit dependency on target 'FirebaseAppCheckInterop' in project 'Firebase'
        ➜ Explicit dependency on target 'FirebaseAuthInterop' in project 'Firebase'
        ➜ Explicit dependency on target 'FirebaseAuthInternal' in project 'Firebase'
        ➜ Explicit dependency on target 'Firebase' in project 'Firebase'
        ➜ Explicit dependency on target 'FirebaseCoreInternal' in project 'Firebase'
        ➜ Explicit dependency on target 'FirebaseCore' in project 'Firebase'
        ➜ Explicit dependency on target 'FirebaseCoreExtension' in project 'Firebase'
        ➜ Explicit dependency on target 'RecaptchaInterop' in project 'InteropForGoogle'
        ➜ Explicit dependency on target 'GULNSData' in project 'GoogleUtilities'
        ➜ Explicit dependency on target 'GULEnvironment' in project 'GoogleUtilities'
        ➜ Explicit dependency on target 'GULLogger' in project 'GoogleUtilities'
        ➜ Explicit dependency on target 'GULAppDelegateSwizzler' in project 'GoogleUtilities'
        ➜ Explicit dependency on target 'GTMSessionFetcherCore' in project 'GTMSessionFetcher'
    Target 'FirebaseAuth' in project 'Firebase'
        ➜ Explicit dependency on target 'Firebase_FirebaseAuth' in project 'Firebase'
        ➜ Explicit dependency on target 'FirebaseAppCheckInterop' in project 'Firebase'
        ➜ Explicit dependency on target 'FirebaseAuthInterop' in project 'Firebase'
        ➜ Explicit dependency on target 'FirebaseAuthInternal' in project 'Firebase'
        ➜ Explicit dependency on target 'Firebase' in project 'Firebase'
        ➜ Explicit dependency on target 'FirebaseCoreInternal' in project 'Firebase'
        ➜ Explicit dependency on target 'FirebaseCore' in project 'Firebase'
        ➜ Explicit dependency on target 'FirebaseCoreExtension' in project 'Firebase'
        ➜ Explicit dependency on target 'RecaptchaInterop' in project 'InteropForGoogle'
        ➜ Explicit dependency on target 'GULNSData' in project 'GoogleUtilities'
        ➜ Explicit dependency on target 'GULEnvironment' in project 'GoogleUtilities'
        ➜ Explicit dependency on target 'GULLogger' in project 'GoogleUtilities'
        ➜ Explicit dependency on target 'GULAppDelegateSwizzler' in project 'GoogleUtilities'
        ➜ Explicit dependency on target 'GTMSessionFetcherCore' in project 'GTMSessionFetcher'
    Target 'GTMSessionFetcherCore' in project 'GTMSessionFetcher'
        ➜ Explicit dependency on target 'GTMSessionFetcherCore' in project 'GTMSessionFetcher'
        ➜ Explicit dependency on target 'GTMSessionFetcher_GTMSessionFetcherCore' in project 'GTMSessionFetcher'
    Target 'GTMSessionFetcherCore' in project 'GTMSessionFetcher'
        ➜ Explicit dependency on target 'GTMSessionFetcher_GTMSessionFetcherCore' in project 'GTMSessionFetcher'
    Target 'GTMSessionFetcher_GTMSessionFetcherCore' in project 'GTMSessionFetcher' (no dependencies)
    Target 'GULAppDelegateSwizzler' in project 'GoogleUtilities'
        ➜ Explicit dependency on target 'GoogleUtilities-AppDelegateSwizzler' in project 'GoogleUtilities'
        ➜ Explicit dependency on target 'GoogleUtilities_GoogleUtilities-AppDelegateSwizzler' in project 'GoogleUtilities'
        ➜ Explicit dependency on target 'third-party-IsAppEncrypted' in project 'GoogleUtilities'
        ➜ Explicit dependency on target 'GoogleUtilities-Environment' in project 'GoogleUtilities'
        ➜ Explicit dependency on target 'GoogleUtilities-Logger' in project 'GoogleUtilities'
        ➜ Explicit dependency on target 'GoogleUtilities-NSData' in project 'GoogleUtilities'
        ➜ Explicit dependency on target 'GoogleUtilities-Reachability' in project 'GoogleUtilities'
        ➜ Explicit dependency on target 'GoogleUtilities-Network' in project 'GoogleUtilities'
    Target 'GoogleUtilities-AppDelegateSwizzler' in project 'GoogleUtilities'
        ➜ Explicit dependency on target 'GoogleUtilities_GoogleUtilities-AppDelegateSwizzler' in project 'GoogleUtilities'
        ➜ Explicit dependency on target 'third-party-IsAppEncrypted' in project 'GoogleUtilities'
        ➜ Explicit dependency on target 'GoogleUtilities-Environment' in project 'GoogleUtilities'
        ➜ Explicit dependency on target 'GoogleUtilities-Logger' in project 'GoogleUtilities'
        ➜ Explicit dependency on target 'GoogleUtilities-NSData' in project 'GoogleUtilities'
        ➜ Explicit dependency on target 'GoogleUtilities-Reachability' in project 'GoogleUtilities'
        ➜ Explicit dependency on target 'GoogleUtilities-Network' in project 'GoogleUtilities'
    Target 'GoogleUtilities-Network' in project 'GoogleUtilities'
        ➜ Explicit dependency on target 'GoogleUtilities_GoogleUtilities-Network' in project 'GoogleUtilities'
        ➜ Explicit dependency on target 'third-party-IsAppEncrypted' in project 'GoogleUtilities'
        ➜ Explicit dependency on target 'GoogleUtilities-Environment' in project 'GoogleUtilities'
        ➜ Explicit dependency on target 'GoogleUtilities-Logger' in project 'GoogleUtilities'
        ➜ Explicit dependency on target 'GoogleUtilities-NSData' in project 'GoogleUtilities'
        ➜ Explicit dependency on target 'GoogleUtilities-Reachability' in project 'GoogleUtilities'
    Target 'GoogleUtilities_GoogleUtilities-Network' in project 'GoogleUtilities' (no dependencies)
    Target 'GoogleUtilities-Reachability' in project 'GoogleUtilities'
        ➜ Explicit dependency on target 'GoogleUtilities_GoogleUtilities-Reachability' in project 'GoogleUtilities'
        ➜ Explicit dependency on target 'third-party-IsAppEncrypted' in project 'GoogleUtilities'
        ➜ Explicit dependency on target 'GoogleUtilities-Environment' in project 'GoogleUtilities'
        ➜ Explicit dependency on target 'GoogleUtilities-Logger' in project 'GoogleUtilities'
    Target 'GoogleUtilities_GoogleUtilities-Reachability' in project 'GoogleUtilities' (no dependencies)
    Target 'GoogleUtilities_GoogleUtilities-AppDelegateSwizzler' in project 'GoogleUtilities' (no dependencies)
    Target 'FirebaseCoreExtension' in project 'Firebase'
        ➜ Explicit dependency on target 'Firebase_FirebaseCoreExtension' in project 'Firebase'
    Target 'Firebase_FirebaseCoreExtension' in project 'Firebase' (no dependencies)
    Target 'FirebaseCore' in project 'Firebase'
        ➜ Explicit dependency on target 'Firebase_FirebaseCore' in project 'Firebase'
        ➜ Explicit dependency on target 'Firebase' in project 'Firebase'
        ➜ Explicit dependency on target 'FirebaseCoreInternal' in project 'Firebase'
        ➜ Explicit dependency on target 'GULNSData' in project 'GoogleUtilities'
        ➜ Explicit dependency on target 'GULEnvironment' in project 'GoogleUtilities'
        ➜ Explicit dependency on target 'GULLogger' in project 'GoogleUtilities'
    Target 'GULLogger' in project 'GoogleUtilities'
        ➜ Explicit dependency on target 'GoogleUtilities-Logger' in project 'GoogleUtilities'
        ➜ Explicit dependency on target 'GoogleUtilities_GoogleUtilities-Logger' in project 'GoogleUtilities'
        ➜ Explicit dependency on target 'third-party-IsAppEncrypted' in project 'GoogleUtilities'
        ➜ Explicit dependency on target 'GoogleUtilities-Environment' in project 'GoogleUtilities'
    Target 'GoogleUtilities-Logger' in project 'GoogleUtilities'
        ➜ Explicit dependency on target 'GoogleUtilities_GoogleUtilities-Logger' in project 'GoogleUtilities'
        ➜ Explicit dependency on target 'third-party-IsAppEncrypted' in project 'GoogleUtilities'
        ➜ Explicit dependency on target 'GoogleUtilities-Environment' in project 'GoogleUtilities'
    Target 'GoogleUtilities_GoogleUtilities-Logger' in project 'GoogleUtilities' (no dependencies)
    Target 'GULEnvironment' in project 'GoogleUtilities'
        ➜ Explicit dependency on target 'GoogleUtilities-Environment' in project 'GoogleUtilities'
        ➜ Explicit dependency on target 'GoogleUtilities_GoogleUtilities-Environment' in project 'GoogleUtilities'
        ➜ Explicit dependency on target 'third-party-IsAppEncrypted' in project 'GoogleUtilities'
    Target 'GoogleUtilities-Environment' in project 'GoogleUtilities'
        ➜ Explicit dependency on target 'GoogleUtilities_GoogleUtilities-Environment' in project 'GoogleUtilities'
        ➜ Explicit dependency on target 'third-party-IsAppEncrypted' in project 'GoogleUtilities'
    Target 'third-party-IsAppEncrypted' in project 'GoogleUtilities' (no dependencies)
    Target 'GoogleUtilities_GoogleUtilities-Environment' in project 'GoogleUtilities' (no dependencies)
    Target 'Firebase_FirebaseCore' in project 'Firebase' (no dependencies)
    Target 'FirebaseCoreInternal' in project 'Firebase'
        ➜ Explicit dependency on target 'Firebase_FirebaseCoreInternal' in project 'Firebase'
        ➜ Explicit dependency on target 'GULNSData' in project 'GoogleUtilities'
    Target 'GULNSData' in project 'GoogleUtilities'
        ➜ Explicit dependency on target 'GoogleUtilities-NSData' in project 'GoogleUtilities'
        ➜ Explicit dependency on target 'GoogleUtilities_GoogleUtilities-NSData' in project 'GoogleUtilities'
    Target 'GoogleUtilities-NSData' in project 'GoogleUtilities'
        ➜ Explicit dependency on target 'GoogleUtilities_GoogleUtilities-NSData' in project 'GoogleUtilities'
    Target 'GoogleUtilities_GoogleUtilities-NSData' in project 'GoogleUtilities' (no dependencies)
    Target 'Firebase_FirebaseCoreInternal' in project 'Firebase' (no dependencies)
    Target 'Firebase' in project 'Firebase' (no dependencies)
    Target 'FirebaseAuthInternal' in project 'Firebase'
        ➜ Explicit dependency on target 'RecaptchaInterop' in project 'InteropForGoogle'
    Target 'RecaptchaInterop' in project 'InteropForGoogle'
        ➜ Explicit dependency on target 'RecaptchaInterop' in project 'InteropForGoogle'
    Target 'RecaptchaInterop' in project 'InteropForGoogle' (no dependencies)
    Target 'FirebaseAuthInterop' in project 'Firebase' (no dependencies)
    Target 'FirebaseAppCheckInterop' in project 'Firebase' (no dependencies)
    Target 'Firebase_FirebaseAuth' in project 'Firebase' (no dependencies)
    Target 'Pow' in project 'Pow'
        ➜ Explicit dependency on target 'Pow' in project 'Pow'
        ➜ Explicit dependency on target 'Pow_Pow' in project 'Pow'
    Target 'Pow' in project 'Pow'
        ➜ Explicit dependency on target 'Pow_Pow' in project 'Pow'
    Target 'Pow_Pow' in project 'Pow' (no dependencies)

GatherProvisioningInputs

CreateBuildDescription

ExecuteExternalTool /Applications/Xcode.app/Contents/Developer/usr/bin/actool --version --output-format xml1

ExecuteExternalTool /Applications/Xcode.app/Contents/Developer/Toolchains/XcodeDefault.xctoolchain/usr/bin/clang -v -E -dM -arch arm64 -isysroot /Applications/Xcode.app/Contents/Developer/Platforms/iPhoneSimulator.platform/Developer/SDKs/iPhoneSimulator26.2.sdk -x objective-c -c /dev/null

ExecuteExternalTool /Applications/Xcode.app/Contents/Developer/Toolchains/XcodeDefault.xctoolchain/usr/bin/swiftc --version

ExecuteExternalTool /Applications/Xcode.app/Contents/Developer/Toolchains/XcodeDefault.xctoolchain/usr/bin/clang -v -E -dM -isysroot /Applications/Xcode.app/Contents/Developer/Platforms/iPhoneSimulator.platform/Developer/SDKs/iPhoneSimulator26.2.sdk -x c -c /dev/null

ExecuteExternalTool /Applications/Xcode.app/Contents/Developer/usr/bin/momc --dry-run --action generate --swift-version 5.0 --sdkroot /Applications/Xcode.app/Contents/Developer/Platforms/iPhoneSimulator.platform/Developer/SDKs/iPhoneSimulator26.2.sdk --iphonesimulator-deployment-target 17.0 --module BestBefore_Prototype_IOS /Users/aryazaeri/Desktop/BestBefore/BestBefore_V2/ios/BestBefore_Prototype_IOS/BestBefore_Prototype_IOS/BestBefore_Prototype_IOS.xcdatamodeld /Users/aryazaeri/Library/Developer/Xcode/DerivedData/BestBefore_Prototype_IOS-gbnddpnjsvathjdutdcktjqecxgh/Build/Intermediates.noindex/BestBefore_Prototype_IOS.build/Debug-iphonesimulator/BestBefore_Prototype_IOS.build/DerivedSources/CoreDataGenerated/BestBefore_Prototype_IOS

ExecuteExternalTool /Applications/Xcode.app/Contents/Developer/usr/bin/actool --print-asset-tag-combinations --output-format xml1 /Users/aryazaeri/Desktop/BestBefore/BestBefore_V2/ios/BestBefore_Prototype_IOS/BestBefore_Prototype_IOS/Assets.xcassets

ExecuteExternalTool /Applications/Xcode.app/Contents/Developer/Toolchains/XcodeDefault.xctoolchain/usr/bin/clang -v -E -dM -arch arm64 -isysroot /Applications/Xcode.app/Contents/Developer/Platforms/iPhoneSimulator.platform/Developer/SDKs/iPhoneSimulator26.2.sdk -x c -c /dev/null

ExecuteExternalTool /Applications/Xcode.app/Contents/Developer/Toolchains/XcodeDefault.xctoolchain/usr/bin/ld -version_details

ExecuteExternalTool /Applications/Xcode.app/Contents/Developer/Toolchains/XcodeDefault.xctoolchain/usr/bin/clang -v -E -dM -arch x86_64 -isysroot /Applications/Xcode.app/Contents/Developer/Platforms/iPhoneSimulator.platform/Developer/SDKs/iPhoneSimulator26.2.sdk -x objective-c -c /dev/null

ExecuteExternalTool /Applications/Xcode.app/Contents/Developer/Toolchains/XcodeDefault.xctoolchain/usr/bin/clang -v -E -dM -arch x86_64 -isysroot /Applications/Xcode.app/Contents/Developer/Platforms/iPhoneSimulator.platform/Developer/SDKs/iPhoneSimulator26.2.sdk -x c -c /dev/null

Build description signature: e2c9c582b58f94dceb138050ec57e853
Build description path: /Users/aryazaeri/Library/Developer/Xcode/DerivedData/BestBefore_Prototype_IOS-gbnddpnjsvathjdutdcktjqecxgh/Build/Intermediates.noindex/XCBuildData/e2c9c582b58f94dceb138050ec57e853.xcbuilddata
ClangStatCache /Applications/Xcode.app/Contents/Developer/Toolchains/XcodeDefault.xctoolchain/usr/bin/clang-stat-cache /Applications/Xcode.app/Contents/Developer/Platforms/iPhoneSimulator.platform/Developer/SDKs/iPhoneSimulator26.2.sdk /Users/aryazaeri/Library/Developer/Xcode/DerivedData/SDKStatCaches.noindex/iphonesimulator26.2-23C53-7d00a8b37fbd7999ea79df8ebc024bf0.sdkstatcache
    cd /Users/aryazaeri/Desktop/BestBefore/BestBefore_V2/ios/BestBefore_Prototype_IOS/BestBefore_Prototype_IOS.xcodeproj
    /Applications/Xcode.app/Contents/Developer/Toolchains/XcodeDefault.xctoolchain/usr/bin/clang-stat-cache /Applications/Xcode.app/Contents/Developer/Platforms/iPhoneSimulator.platform/Developer/SDKs/iPhoneSimulator26.2.sdk -o /Users/aryazaeri/Library/Developer/Xcode/DerivedData/SDKStatCaches.noindex/iphonesimulator26.2-23C53-7d00a8b37fbd7999ea79df8ebc024bf0.sdkstatcache

ProcessInfoPlistFile /Users/aryazaeri/Library/Developer/Xcode/DerivedData/BestBefore_Prototype_IOS-gbnddpnjsvathjdutdcktjqecxgh/Build/Products/Debug-iphonesimulator/GoogleUtilities_GoogleUtilities-NSData.bundle/Info.plist /Users/aryazaeri/Library/Developer/Xcode/DerivedData/BestBefore_Prototype_IOS-gbnddpnjsvathjdutdcktjqecxgh/Build/Intermediates.noindex/GoogleUtilities.build/Debug-iphonesimulator/GoogleUtilities_GoogleUtilities-NSData.build/empty-GoogleUtilities_GoogleUtilities-NSData.plist (in target 'GoogleUtilities_GoogleUtilities-NSData' from project 'GoogleUtilities')
    cd /Users/aryazaeri/Library/Developer/Xcode/DerivedData/BestBefore_Prototype_IOS-gbnddpnjsvathjdutdcktjqecxgh/SourcePackages/checkouts/GoogleUtilities
    builtin-infoPlistUtility /Users/aryazaeri/Library/Developer/Xcode/DerivedData/BestBefore_Prototype_IOS-gbnddpnjsvathjdutdcktjqecxgh/Build/Intermediates.noindex/GoogleUtilities.build/Debug-iphonesimulator/GoogleUtilities_GoogleUtilities-NSData.build/empty-GoogleUtilities_GoogleUtilities-NSData.plist -producttype com.apple.product-type.bundle -expandbuildsettings -format binary -platform iphonesimulator -o /Users/aryazaeri/Library/Developer/Xcode/DerivedData/BestBefore_Prototype_IOS-gbnddpnjsvathjdutdcktjqecxgh/Build/Products/Debug-iphonesimulator/GoogleUtilities_GoogleUtilities-NSData.bundle/Info.plist

ProcessInfoPlistFile /Users/aryazaeri/Library/Developer/Xcode/DerivedData/BestBefore_Prototype_IOS-gbnddpnjsvathjdutdcktjqecxgh/Build/Products/Debug-iphonesimulator/GoogleUtilities_GoogleUtilities-Logger.bundle/Info.plist /Users/aryazaeri/Library/Developer/Xcode/DerivedData/BestBefore_Prototype_IOS-gbnddpnjsvathjdutdcktjqecxgh/Build/Intermediates.noindex/GoogleUtilities.build/Debug-iphonesimulator/GoogleUtilities_GoogleUtilities-Logger.build/empty-GoogleUtilities_GoogleUtilities-Logger.plist (in target 'GoogleUtilities_GoogleUtilities-Logger' from project 'GoogleUtilities')
    cd /Users/aryazaeri/Library/Developer/Xcode/DerivedData/BestBefore_Prototype_IOS-gbnddpnjsvathjdutdcktjqecxgh/SourcePackages/checkouts/GoogleUtilities
    builtin-infoPlistUtility /Users/aryazaeri/Library/Developer/Xcode/DerivedData/BestBefore_Prototype_IOS-gbnddpnjsvathjdutdcktjqecxgh/Build/Intermediates.noindex/GoogleUtilities.build/Debug-iphonesimulator/GoogleUtilities_GoogleUtilities-Logger.build/empty-GoogleUtilities_GoogleUtilities-Logger.plist -producttype com.apple.product-type.bundle -expandbuildsettings -format binary -platform iphonesimulator -o /Users/aryazaeri/Library/Developer/Xcode/DerivedData/BestBefore_Prototype_IOS-gbnddpnjsvathjdutdcktjqecxgh/Build/Products/Debug-iphonesimulator/GoogleUtilities_GoogleUtilities-Logger.bundle/Info.plist

ProcessInfoPlistFile /Users/aryazaeri/Library/Developer/Xcode/DerivedData/BestBefore_Prototype_IOS-gbnddpnjsvathjdutdcktjqecxgh/Build/Products/Debug-iphonesimulator/GoogleUtilities_GoogleUtilities-Reachability.bundle/Info.plist /Users/aryazaeri/Library/Developer/Xcode/DerivedData/BestBefore_Prototype_IOS-gbnddpnjsvathjdutdcktjqecxgh/Build/Intermediates.noindex/GoogleUtilities.build/Debug-iphonesimulator/GoogleUtilities_GoogleUtilities-Reachability.build/empty-GoogleUtilities_GoogleUtilities-Reachability.plist (in target 'GoogleUtilities_GoogleUtilities-Reachability' from project 'GoogleUtilities')
    cd /Users/aryazaeri/Library/Developer/Xcode/DerivedData/BestBefore_Prototype_IOS-gbnddpnjsvathjdutdcktjqecxgh/SourcePackages/checkouts/GoogleUtilities
    builtin-infoPlistUtility /Users/aryazaeri/Library/Developer/Xcode/DerivedData/BestBefore_Prototype_IOS-gbnddpnjsvathjdutdcktjqecxgh/Build/Intermediates.noindex/GoogleUtilities.build/Debug-iphonesimulator/GoogleUtilities_GoogleUtilities-Reachability.build/empty-GoogleUtilities_GoogleUtilities-Reachability.plist -producttype com.apple.product-type.bundle -expandbuildsettings -format binary -platform iphonesimulator -o /Users/aryazaeri/Library/Developer/Xcode/DerivedData/BestBefore_Prototype_IOS-gbnddpnjsvathjdutdcktjqecxgh/Build/Products/Debug-iphonesimulator/GoogleUtilities_GoogleUtilities-Reachability.bundle/Info.plist

ProcessInfoPlistFile /Users/aryazaeri/Library/Developer/Xcode/DerivedData/BestBefore_Prototype_IOS-gbnddpnjsvathjdutdcktjqecxgh/Build/Products/Debug-iphonesimulator/GoogleUtilities_GoogleUtilities-Environment.bundle/Info.plist /Users/aryazaeri/Library/Developer/Xcode/DerivedData/BestBefore_Prototype_IOS-gbnddpnjsvathjdutdcktjqecxgh/Build/Intermediates.noindex/GoogleUtilities.build/Debug-iphonesimulator/GoogleUtilities_GoogleUtilities-Environment.build/empty-GoogleUtilities_GoogleUtilities-Environment.plist (in target 'GoogleUtilities_GoogleUtilities-Environment' from project 'GoogleUtilities')
    cd /Users/aryazaeri/Library/Developer/Xcode/DerivedData/BestBefore_Prototype_IOS-gbnddpnjsvathjdutdcktjqecxgh/SourcePackages/checkouts/GoogleUtilities
    builtin-infoPlistUtility /Users/aryazaeri/Library/Developer/Xcode/DerivedData/BestBefore_Prototype_IOS-gbnddpnjsvathjdutdcktjqecxgh/Build/Intermediates.noindex/GoogleUtilities.build/Debug-iphonesimulator/GoogleUtilities_GoogleUtilities-Environment.build/empty-GoogleUtilities_GoogleUtilities-Environment.plist -producttype com.apple.product-type.bundle -expandbuildsettings -format binary -platform iphonesimulator -o /Users/aryazaeri/Library/Developer/Xcode/DerivedData/BestBefore_Prototype_IOS-gbnddpnjsvathjdutdcktjqecxgh/Build/Products/Debug-iphonesimulator/GoogleUtilities_GoogleUtilities-Environment.bundle/Info.plist

ProcessInfoPlistFile /Users/aryazaeri/Library/Developer/Xcode/DerivedData/BestBefore_Prototype_IOS-gbnddpnjsvathjdutdcktjqecxgh/Build/Products/Debug-iphonesimulator/GTMSessionFetcher_GTMSessionFetcherCore.bundle/Info.plist /Users/aryazaeri/Library/Developer/Xcode/DerivedData/BestBefore_Prototype_IOS-gbnddpnjsvathjdutdcktjqecxgh/Build/Intermediates.noindex/GTMSessionFetcher.build/Debug-iphonesimulator/GTMSessionFetcher_GTMSessionFetcherCore.build/empty-GTMSessionFetcher_GTMSessionFetcherCore.plist (in target 'GTMSessionFetcher_GTMSessionFetcherCore' from project 'GTMSessionFetcher')
    cd /Users/aryazaeri/Library/Developer/Xcode/DerivedData/BestBefore_Prototype_IOS-gbnddpnjsvathjdutdcktjqecxgh/SourcePackages/checkouts/gtm-session-fetcher
    builtin-infoPlistUtility /Users/aryazaeri/Library/Developer/Xcode/DerivedData/BestBefore_Prototype_IOS-gbnddpnjsvathjdutdcktjqecxgh/Build/Intermediates.noindex/GTMSessionFetcher.build/Debug-iphonesimulator/GTMSessionFetcher_GTMSessionFetcherCore.build/empty-GTMSessionFetcher_GTMSessionFetcherCore.plist -producttype com.apple.product-type.bundle -expandbuildsettings -format binary -platform iphonesimulator -o /Users/aryazaeri/Library/Developer/Xcode/DerivedData/BestBefore_Prototype_IOS-gbnddpnjsvathjdutdcktjqecxgh/Build/Products/Debug-iphonesimulator/GTMSessionFetcher_GTMSessionFetcherCore.bundle/Info.plist

ProcessInfoPlistFile /Users/aryazaeri/Library/Developer/Xcode/DerivedData/BestBefore_Prototype_IOS-gbnddpnjsvathjdutdcktjqecxgh/Build/Products/Debug-iphonesimulator/GoogleUtilities_GoogleUtilities-AppDelegateSwizzler.bundle/Info.plist /Users/aryazaeri/Library/Developer/Xcode/DerivedData/BestBefore_Prototype_IOS-gbnddpnjsvathjdutdcktjqecxgh/Build/Intermediates.noindex/GoogleUtilities.build/Debug-iphonesimulator/GoogleUtilities_GoogleUtilities-AppDelegateSwizzler.build/empty-GoogleUtilities_GoogleUtilities-AppDelegateSwizzler.plist (in target 'GoogleUtilities_GoogleUtilities-AppDelegateSwizzler' from project 'GoogleUtilities')
    cd /Users/aryazaeri/Library/Developer/Xcode/DerivedData/BestBefore_Prototype_IOS-gbnddpnjsvathjdutdcktjqecxgh/SourcePackages/checkouts/GoogleUtilities
    builtin-infoPlistUtility /Users/aryazaeri/Library/Developer/Xcode/DerivedData/BestBefore_Prototype_IOS-gbnddpnjsvathjdutdcktjqecxgh/Build/Intermediates.noindex/GoogleUtilities.build/Debug-iphonesimulator/GoogleUtilities_GoogleUtilities-AppDelegateSwizzler.build/empty-GoogleUtilities_GoogleUtilities-AppDelegateSwizzler.plist -producttype com.apple.product-type.bundle -expandbuildsettings -format binary -platform iphonesimulator -o /Users/aryazaeri/Library/Developer/Xcode/DerivedData/BestBefore_Prototype_IOS-gbnddpnjsvathjdutdcktjqecxgh/Build/Products/Debug-iphonesimulator/GoogleUtilities_GoogleUtilities-AppDelegateSwizzler.bundle/Info.plist

ProcessInfoPlistFile /Users/aryazaeri/Library/Developer/Xcode/DerivedData/BestBefore_Prototype_IOS-gbnddpnjsvathjdutdcktjqecxgh/Build/Products/Debug-iphonesimulator/GoogleUtilities_GoogleUtilities-Network.bundle/Info.plist /Users/aryazaeri/Library/Developer/Xcode/DerivedData/BestBefore_Prototype_IOS-gbnddpnjsvathjdutdcktjqecxgh/Build/Intermediates.noindex/GoogleUtilities.build/Debug-iphonesimulator/GoogleUtilities_GoogleUtilities-Network.build/empty-GoogleUtilities_GoogleUtilities-Network.plist (in target 'GoogleUtilities_GoogleUtilities-Network' from project 'GoogleUtilities')
    cd /Users/aryazaeri/Library/Developer/Xcode/DerivedData/BestBefore_Prototype_IOS-gbnddpnjsvathjdutdcktjqecxgh/SourcePackages/checkouts/GoogleUtilities
    builtin-infoPlistUtility /Users/aryazaeri/Library/Developer/Xcode/DerivedData/BestBefore_Prototype_IOS-gbnddpnjsvathjdutdcktjqecxgh/Build/Intermediates.noindex/GoogleUtilities.build/Debug-iphonesimulator/GoogleUtilities_GoogleUtilities-Network.build/empty-GoogleUtilities_GoogleUtilities-Network.plist -producttype com.apple.product-type.bundle -expandbuildsettings -format binary -platform iphonesimulator -o /Users/aryazaeri/Library/Developer/Xcode/DerivedData/BestBefore_Prototype_IOS-gbnddpnjsvathjdutdcktjqecxgh/Build/Products/Debug-iphonesimulator/GoogleUtilities_GoogleUtilities-Network.bundle/Info.plist

CompileAssetCatalogVariant thinned /Users/aryazaeri/Library/Developer/Xcode/DerivedData/BestBefore_Prototype_IOS-gbnddpnjsvathjdutdcktjqecxgh/Build/Products/Debug-iphonesimulator/Pow_Pow.bundle /Users/aryazaeri/Library/Developer/Xcode/DerivedData/BestBefore_Prototype_IOS-gbnddpnjsvathjdutdcktjqecxgh/SourcePackages/checkouts/Pow/Sources/Pow/Assets.xcassets (in target 'Pow_Pow' from project 'Pow')
    cd /Users/aryazaeri/Library/Developer/Xcode/DerivedData/BestBefore_Prototype_IOS-gbnddpnjsvathjdutdcktjqecxgh/SourcePackages/checkouts/Pow
    /Applications/Xcode.app/Contents/Developer/usr/bin/actool /Users/aryazaeri/Library/Developer/Xcode/DerivedData/BestBefore_Prototype_IOS-gbnddpnjsvathjdutdcktjqecxgh/SourcePackages/checkouts/Pow/Sources/Pow/Assets.xcassets --compile /Users/aryazaeri/Library/Developer/Xcode/DerivedData/BestBefore_Prototype_IOS-gbnddpnjsvathjdutdcktjqecxgh/Build/Intermediates.noindex/Pow.build/Debug-iphonesimulator/Pow_Pow.build/assetcatalog_output/thinned --output-format human-readable-text --notices --warnings --export-dependency-info /Users/aryazaeri/Library/Developer/Xcode/DerivedData/BestBefore_Prototype_IOS-gbnddpnjsvathjdutdcktjqecxgh/Build/Intermediates.noindex/Pow.build/Debug-iphonesimulator/Pow_Pow.build/assetcatalog_dependencies_thinned --output-partial-info-plist /Users/aryazaeri/Library/Developer/Xcode/DerivedData/BestBefore_Prototype_IOS-gbnddpnjsvathjdutdcktjqecxgh/Build/Intermediates.noindex/Pow.build/Debug-iphonesimulator/Pow_Pow.build/assetcatalog_generated_info.plist_thinned --compress-pngs --enable-on-demand-resources NO --development-region en --target-device iphone --target-device ipad --minimum-deployment-target 15.0 --platform iphonesimulator
/* com.apple.actool.compilation-results */
/Users/aryazaeri/Library/Developer/Xcode/DerivedData/BestBefore_Prototype_IOS-gbnddpnjsvathjdutdcktjqecxgh/Build/Intermediates.noindex/Pow.build/Debug-iphonesimulator/Pow_Pow.build/assetcatalog_generated_info.plist_thinned
/Users/aryazaeri/Library/Developer/Xcode/DerivedData/BestBefore_Prototype_IOS-gbnddpnjsvathjdutdcktjqecxgh/Build/Intermediates.noindex/Pow.build/Debug-iphonesimulator/Pow_Pow.build/assetcatalog_output/thinned/Assets.car


ProcessInfoPlistFile /Users/aryazaeri/Library/Developer/Xcode/DerivedData/BestBefore_Prototype_IOS-gbnddpnjsvathjdutdcktjqecxgh/Build/Products/Debug-iphonesimulator/Firebase_FirebaseCoreInternal.bundle/Info.plist /Users/aryazaeri/Library/Developer/Xcode/DerivedData/BestBefore_Prototype_IOS-gbnddpnjsvathjdutdcktjqecxgh/Build/Intermediates.noindex/Firebase.build/Debug-iphonesimulator/Firebase_FirebaseCoreInternal.build/empty-Firebase_FirebaseCoreInternal.plist (in target 'Firebase_FirebaseCoreInternal' from project 'Firebase')
    cd /Users/aryazaeri/Library/Developer/Xcode/DerivedData/BestBefore_Prototype_IOS-gbnddpnjsvathjdutdcktjqecxgh/SourcePackages/checkouts/firebase-ios-sdk
    builtin-infoPlistUtility /Users/aryazaeri/Library/Developer/Xcode/DerivedData/BestBefore_Prototype_IOS-gbnddpnjsvathjdutdcktjqecxgh/Build/Intermediates.noindex/Firebase.build/Debug-iphonesimulator/Firebase_FirebaseCoreInternal.build/empty-Firebase_FirebaseCoreInternal.plist -producttype com.apple.product-type.bundle -expandbuildsettings -format binary -platform iphonesimulator -o /Users/aryazaeri/Library/Developer/Xcode/DerivedData/BestBefore_Prototype_IOS-gbnddpnjsvathjdutdcktjqecxgh/Build/Products/Debug-iphonesimulator/Firebase_FirebaseCoreInternal.bundle/Info.plist

ProcessInfoPlistFile /Users/aryazaeri/Library/Developer/Xcode/DerivedData/BestBefore_Prototype_IOS-gbnddpnjsvathjdutdcktjqecxgh/Build/Products/Debug-iphonesimulator/Firebase_FirebaseCoreExtension.bundle/Info.plist /Users/aryazaeri/Library/Developer/Xcode/DerivedData/BestBefore_Prototype_IOS-gbnddpnjsvathjdutdcktjqecxgh/Build/Intermediates.noindex/Firebase.build/Debug-iphonesimulator/Firebase_FirebaseCoreExtension.build/empty-Firebase_FirebaseCoreExtension.plist (in target 'Firebase_FirebaseCoreExtension' from project 'Firebase')
    cd /Users/aryazaeri/Library/Developer/Xcode/DerivedData/BestBefore_Prototype_IOS-gbnddpnjsvathjdutdcktjqecxgh/SourcePackages/checkouts/firebase-ios-sdk
    builtin-infoPlistUtility /Users/aryazaeri/Library/Developer/Xcode/DerivedData/BestBefore_Prototype_IOS-gbnddpnjsvathjdutdcktjqecxgh/Build/Intermediates.noindex/Firebase.build/Debug-iphonesimulator/Firebase_FirebaseCoreExtension.build/empty-Firebase_FirebaseCoreExtension.plist -producttype com.apple.product-type.bundle -expandbuildsettings -format binary -platform iphonesimulator -o /Users/aryazaeri/Library/Developer/Xcode/DerivedData/BestBefore_Prototype_IOS-gbnddpnjsvathjdutdcktjqecxgh/Build/Products/Debug-iphonesimulator/Firebase_FirebaseCoreExtension.bundle/Info.plist

ProcessInfoPlistFile /Users/aryazaeri/Library/Developer/Xcode/DerivedData/BestBefore_Prototype_IOS-gbnddpnjsvathjdutdcktjqecxgh/Build/Products/Debug-iphonesimulator/Firebase_FirebaseCore.bundle/Info.plist /Users/aryazaeri/Library/Developer/Xcode/DerivedData/BestBefore_Prototype_IOS-gbnddpnjsvathjdutdcktjqecxgh/Build/Intermediates.noindex/Firebase.build/Debug-iphonesimulator/Firebase_FirebaseCore.build/empty-Firebase_FirebaseCore.plist (in target 'Firebase_FirebaseCore' from project 'Firebase')
    cd /Users/aryazaeri/Library/Developer/Xcode/DerivedData/BestBefore_Prototype_IOS-gbnddpnjsvathjdutdcktjqecxgh/SourcePackages/checkouts/firebase-ios-sdk
    builtin-infoPlistUtility /Users/aryazaeri/Library/Developer/Xcode/DerivedData/BestBefore_Prototype_IOS-gbnddpnjsvathjdutdcktjqecxgh/Build/Intermediates.noindex/Firebase.build/Debug-iphonesimulator/Firebase_FirebaseCore.build/empty-Firebase_FirebaseCore.plist -producttype com.apple.product-type.bundle -expandbuildsettings -format binary -platform iphonesimulator -o /Users/aryazaeri/Library/Developer/Xcode/DerivedData/BestBefore_Prototype_IOS-gbnddpnjsvathjdutdcktjqecxgh/Build/Products/Debug-iphonesimulator/Firebase_FirebaseCore.bundle/Info.plist

ProcessInfoPlistFile /Users/aryazaeri/Library/Developer/Xcode/DerivedData/BestBefore_Prototype_IOS-gbnddpnjsvathjdutdcktjqecxgh/Build/Products/Debug-iphonesimulator/Firebase_FirebaseAuth.bundle/Info.plist /Users/aryazaeri/Library/Developer/Xcode/DerivedData/BestBefore_Prototype_IOS-gbnddpnjsvathjdutdcktjqecxgh/Build/Intermediates.noindex/Firebase.build/Debug-iphonesimulator/Firebase_FirebaseAuth.build/empty-Firebase_FirebaseAuth.plist (in target 'Firebase_FirebaseAuth' from project 'Firebase')
    cd /Users/aryazaeri/Library/Developer/Xcode/DerivedData/BestBefore_Prototype_IOS-gbnddpnjsvathjdutdcktjqecxgh/SourcePackages/checkouts/firebase-ios-sdk
    builtin-infoPlistUtility /Users/aryazaeri/Library/Developer/Xcode/DerivedData/BestBefore_Prototype_IOS-gbnddpnjsvathjdutdcktjqecxgh/Build/Intermediates.noindex/Firebase.build/Debug-iphonesimulator/Firebase_FirebaseAuth.build/empty-Firebase_FirebaseAuth.plist -producttype com.apple.product-type.bundle -expandbuildsettings -format binary -platform iphonesimulator -o /Users/aryazaeri/Library/Developer/Xcode/DerivedData/BestBefore_Prototype_IOS-gbnddpnjsvathjdutdcktjqecxgh/Build/Products/Debug-iphonesimulator/Firebase_FirebaseAuth.bundle/Info.plist

ProcessProductPackaging "" /Users/aryazaeri/Library/Developer/Xcode/DerivedData/BestBefore_Prototype_IOS-gbnddpnjsvathjdutdcktjqecxgh/Build/Intermediates.noindex/BestBefore_Prototype_IOS.build/Debug-iphonesimulator/BestBefore_Prototype_IOS.build/BestBefore_Prototype_IOS.app-Simulated.xcent (in target 'BestBefore_Prototype_IOS' from project 'BestBefore_Prototype_IOS')
    cd /Users/aryazaeri/Desktop/BestBefore/BestBefore_V2/ios/BestBefore_Prototype_IOS
    
    Entitlements:
    
    {
    "application-identifier" = "FPW9B33CDU.com.ctis480.BestBefore-Prototype-IOS";
}
    
    builtin-productPackagingUtility -entitlements -format xml -o /Users/aryazaeri/Library/Developer/Xcode/DerivedData/BestBefore_Prototype_IOS-gbnddpnjsvathjdutdcktjqecxgh/Build/Intermediates.noindex/BestBefore_Prototype_IOS.build/Debug-iphonesimulator/BestBefore_Prototype_IOS.build/BestBefore_Prototype_IOS.app-Simulated.xcent

ProcessProductPackagingDER /Users/aryazaeri/Library/Developer/Xcode/DerivedData/BestBefore_Prototype_IOS-gbnddpnjsvathjdutdcktjqecxgh/Build/Intermediates.noindex/BestBefore_Prototype_IOS.build/Debug-iphonesimulator/BestBefore_Prototype_IOS.build/BestBefore_Prototype_IOS.app-Simulated.xcent /Users/aryazaeri/Library/Developer/Xcode/DerivedData/BestBefore_Prototype_IOS-gbnddpnjsvathjdutdcktjqecxgh/Build/Intermediates.noindex/BestBefore_Prototype_IOS.build/Debug-iphonesimulator/BestBefore_Prototype_IOS.build/BestBefore_Prototype_IOS.app-Simulated.xcent.der (in target 'BestBefore_Prototype_IOS' from project 'BestBefore_Prototype_IOS')
    cd /Users/aryazaeri/Desktop/BestBefore/BestBefore_V2/ios/BestBefore_Prototype_IOS
    /usr/bin/derq query -f xml -i /Users/aryazaeri/Library/Developer/Xcode/DerivedData/BestBefore_Prototype_IOS-gbnddpnjsvathjdutdcktjqecxgh/Build/Intermediates.noindex/BestBefore_Prototype_IOS.build/Debug-iphonesimulator/BestBefore_Prototype_IOS.build/BestBefore_Prototype_IOS.app-Simulated.xcent -o /Users/aryazaeri/Library/Developer/Xcode/DerivedData/BestBefore_Prototype_IOS-gbnddpnjsvathjdutdcktjqecxgh/Build/Intermediates.noindex/BestBefore_Prototype_IOS.build/Debug-iphonesimulator/BestBefore_Prototype_IOS.build/BestBefore_Prototype_IOS.app-Simulated.xcent.der --raw

ExtractAppIntentsMetadata (in target 'FirebaseAuth' from project 'Firebase')
    cd /Users/aryazaeri/Library/Developer/Xcode/DerivedData/BestBefore_Prototype_IOS-gbnddpnjsvathjdutdcktjqecxgh/SourcePackages/checkouts/firebase-ios-sdk
    /Applications/Xcode.app/Contents/Developer/Toolchains/XcodeDefault.xctoolchain/usr/bin/appintentsmetadataprocessor --toolchain-dir /Applications/Xcode.app/Contents/Developer/Toolchains/XcodeDefault.xctoolchain --module-name FirebaseAuth --sdk-root /Applications/Xcode.app/Contents/Developer/Platforms/iPhoneSimulator.platform/Developer/SDKs/iPhoneSimulator26.2.sdk --xcode-version 17C52 --platform-family iOS --deployment-target 15.0 --bundle-identifier firebase-ios-sdk.FirebaseAuth --output /Users/aryazaeri/Library/Developer/Xcode/DerivedData/BestBefore_Prototype_IOS-gbnddpnjsvathjdutdcktjqecxgh/Build/Products/Debug-iphonesimulator/FirebaseAuth.appintents --target-triple arm64-apple-ios15.0-simulator --target-triple x86_64-apple-ios15.0-simulator --binary-file /Users/aryazaeri/Library/Developer/Xcode/DerivedData/BestBefore_Prototype_IOS-gbnddpnjsvathjdutdcktjqecxgh/Build/Products/Debug-iphonesimulator/FirebaseAuth.o --dependency-file /Users/aryazaeri/Library/Developer/Xcode/DerivedData/BestBefore_Prototype_IOS-gbnddpnjsvathjdutdcktjqecxgh/Build/Intermediates.noindex/Firebase.build/Debug-iphonesimulator/FirebaseAuth.build/Objects-normal/arm64/FirebaseAuth_dependency_info.dat --dependency-file /Users/aryazaeri/Library/Developer/Xcode/DerivedData/BestBefore_Prototype_IOS-gbnddpnjsvathjdutdcktjqecxgh/Build/Intermediates.noindex/Firebase.build/Debug-iphonesimulator/FirebaseAuth.build/Objects-normal/x86_64/FirebaseAuth_dependency_info.dat --stringsdata-file /Users/aryazaeri/Library/Developer/Xcode/DerivedData/BestBefore_Prototype_IOS-gbnddpnjsvathjdutdcktjqecxgh/Build/Intermediates.noindex/Firebase.build/Debug-iphonesimulator/FirebaseAuth.build/Objects-normal/arm64/ExtractedAppShortcutsMetadata.stringsdata --stringsdata-file /Users/aryazaeri/Library/Developer/Xcode/DerivedData/BestBefore_Prototype_IOS-gbnddpnjsvathjdutdcktjqecxgh/Build/Intermediates.noindex/Firebase.build/Debug-iphonesimulator/FirebaseAuth.build/Objects-normal/x86_64/ExtractedAppShortcutsMetadata.stringsdata --source-file-list /Users/aryazaeri/Library/Developer/Xcode/DerivedData/BestBefore_Prototype_IOS-gbnddpnjsvathjdutdcktjqecxgh/Build/Intermediates.noindex/Firebase.build/Debug-iphonesimulator/FirebaseAuth.build/Objects-normal/arm64/FirebaseAuth.SwiftFileList --source-file-list /Users/aryazaeri/Library/Developer/Xcode/DerivedData/BestBefore_Prototype_IOS-gbnddpnjsvathjdutdcktjqecxgh/Build/Intermediates.noindex/Firebase.build/Debug-iphonesimulator/FirebaseAuth.build/Objects-normal/x86_64/FirebaseAuth.SwiftFileList --metadata-file-list /Users/aryazaeri/Library/Developer/Xcode/DerivedData/BestBefore_Prototype_IOS-gbnddpnjsvathjdutdcktjqecxgh/Build/Intermediates.noindex/Firebase.build/Debug-iphonesimulator/FirebaseAuth.build/FirebaseAuth.DependencyMetadataFileList --static-metadata-file-list /Users/aryazaeri/Library/Developer/Xcode/DerivedData/BestBefore_Prototype_IOS-gbnddpnjsvathjdutdcktjqecxgh/Build/Intermediates.noindex/Firebase.build/Debug-iphonesimulator/FirebaseAuth.build/FirebaseAuth.DependencyStaticMetadataFileList --swift-const-vals-list /Users/aryazaeri/Library/Developer/Xcode/DerivedData/BestBefore_Prototype_IOS-gbnddpnjsvathjdutdcktjqecxgh/Build/Intermediates.noindex/Firebase.build/Debug-iphonesimulator/FirebaseAuth.build/Objects-normal/arm64/FirebaseAuth.SwiftConstValuesFileList --swift-const-vals-list /Users/aryazaeri/Library/Developer/Xcode/DerivedData/BestBefore_Prototype_IOS-gbnddpnjsvathjdutdcktjqecxgh/Build/Intermediates.noindex/Firebase.build/Debug-iphonesimulator/FirebaseAuth.build/Objects-normal/x86_64/FirebaseAuth.SwiftConstValuesFileList --force --compile-time-extraction --deployment-aware-processing --validate-assistant-intents --no-app-shortcuts-localization
2026-02-26 19:53:11.274 appintentsmetadataprocessor[47921:675364] Starting appintentsmetadataprocessor export
2026-02-26 19:53:11.393 appintentsmetadataprocessor[47921:675364] Extracted no relevant App Intents symbols, skipping writing output

SwiftDriver BestBefore_Prototype_IOS normal x86_64 com.apple.xcode.tools.swift.compiler (in target 'BestBefore_Prototype_IOS' from project 'BestBefore_Prototype_IOS')
    cd /Users/aryazaeri/Desktop/BestBefore/BestBefore_V2/ios/BestBefore_Prototype_IOS
    builtin-SwiftDriver -- /Applications/Xcode.app/Contents/Developer/Toolchains/XcodeDefault.xctoolchain/usr/bin/swiftc -module-name BestBefore_Prototype_IOS -Onone -enforce-exclusivity\=checked @/Users/aryazaeri/Library/Developer/Xcode/DerivedData/BestBefore_Prototype_IOS-gbnddpnjsvathjdutdcktjqecxgh/Build/Intermediates.noindex/BestBefore_Prototype_IOS.build/Debug-iphonesimulator/BestBefore_Prototype_IOS.build/Objects-normal/x86_64/BestBefore_Prototype_IOS.SwiftFileList -DDEBUG -Xcc -fmodule-map-file\=/Users/aryazaeri/Library/Developer/Xcode/DerivedData/BestBefore_Prototype_IOS-gbnddpnjsvathjdutdcktjqecxgh/Build/Intermediates.noindex/GeneratedModuleMaps-iphonesimulator/RecaptchaInterop.modulemap -Xcc -fmodule-map-file\=/Users/aryazaeri/Library/Developer/Xcode/DerivedData/BestBefore_Prototype_IOS-gbnddpnjsvathjdutdcktjqecxgh/Build/Intermediates.noindex/GeneratedModuleMaps-iphonesimulator/GoogleUtilities-Network.modulemap -Xcc -fmodule-map-file\=/Users/aryazaeri/Library/Developer/Xcode/DerivedData/BestBefore_Prototype_IOS-gbnddpnjsvathjdutdcktjqecxgh/Build/Intermediates.noindex/GeneratedModuleMaps-iphonesimulator/GoogleUtilities-Reachability.modulemap -Xcc -fmodule-map-file\=/Users/aryazaeri/Library/Developer/Xcode/DerivedData/BestBefore_Prototype_IOS-gbnddpnjsvathjdutdcktjqecxgh/Build/Intermediates.noindex/GeneratedModuleMaps-iphonesimulator/GoogleUtilities-NSData.modulemap -Xcc -fmodule-map-file\=/Users/aryazaeri/Library/Developer/Xcode/DerivedData/BestBefore_Prototype_IOS-gbnddpnjsvathjdutdcktjqecxgh/Build/Intermediates.noindex/GeneratedModuleMaps-iphonesimulator/GoogleUtilities-Logger.modulemap -Xcc -fmodule-map-file\=/Users/aryazaeri/Library/Developer/Xcode/DerivedData/BestBefore_Prototype_IOS-gbnddpnjsvathjdutdcktjqecxgh/Build/Intermediates.noindex/GeneratedModuleMaps-iphonesimulator/GoogleUtilities-Environment.modulemap -Xcc -fmodule-map-file\=/Users/aryazaeri/Library/Developer/Xcode/DerivedData/BestBefore_Prototype_IOS-gbnddpnjsvathjdutdcktjqecxgh/Build/Intermediates.noindex/GeneratedModuleMaps-iphonesimulator/third-party-IsAppEncrypted.modulemap -Xcc -fmodule-map-file\=/Users/aryazaeri/Library/Developer/Xcode/DerivedData/BestBefore_Prototype_IOS-gbnddpnjsvathjdutdcktjqecxgh/Build/Intermediates.noindex/GeneratedModuleMaps-iphonesimulator/GoogleUtilities-AppDelegateSwizzler.modulemap -Xcc -fmodule-map-file\=/Users/aryazaeri/Library/Developer/Xcode/DerivedData/BestBefore_Prototype_IOS-gbnddpnjsvathjdutdcktjqecxgh/Build/Intermediates.noindex/GeneratedModuleMaps-iphonesimulator/GTMSessionFetcherCore.modulemap -Xcc -fmodule-map-file\=/Users/aryazaeri/Library/Developer/Xcode/DerivedData/BestBefore_Prototype_IOS-gbnddpnjsvathjdutdcktjqecxgh/Build/Intermediates.noindex/GeneratedModuleMaps-iphonesimulator/FirebaseCoreExtension.modulemap -Xcc -fmodule-map-file\=/Users/aryazaeri/Library/Developer/Xcode/DerivedData/BestBefore_Prototype_IOS-gbnddpnjsvathjdutdcktjqecxgh/Build/Intermediates.noindex/GeneratedModuleMaps-iphonesimulator/FirebaseCore.modulemap -Xcc -fmodule-map-file\=/Users/aryazaeri/Library/Developer/Xcode/DerivedData/BestBefore_Prototype_IOS-gbnddpnjsvathjdutdcktjqecxgh/Build/Intermediates.noindex/GeneratedModuleMaps-iphonesimulator/FirebaseAuthInternal.modulemap -Xcc -fmodule-map-file\=/Users/aryazaeri/Library/Developer/Xcode/DerivedData/BestBefore_Prototype_IOS-gbnddpnjsvathjdutdcktjqecxgh/Build/Intermediates.noindex/GeneratedModuleMaps-iphonesimulator/FirebaseAuthInterop.modulemap -Xcc -fmodule-map-file\=/Users/aryazaeri/Library/Developer/Xcode/DerivedData/BestBefore_Prototype_IOS-gbnddpnjsvathjdutdcktjqecxgh/Build/Intermediates.noindex/GeneratedModuleMaps-iphonesimulator/FirebaseAppCheckInterop.modulemap -default-isolation\=MainActor -enable-bare-slash-regex -enable-upcoming-feature DisableOutwardActorInference -enable-upcoming-feature InferSendableFromCaptures -enable-upcoming-feature GlobalActorIsolatedTypesUsability -enable-upcoming-feature MemberImportVisibility -enable-upcoming-feature InferIsolatedConformances -enable-upcoming-feature NonisolatedNonsendingByDefault -enable-experimental-feature DebugDescriptionMacro -sdk /Applications/Xcode.app/Contents/Developer/Platforms/iPhoneSimulator.platform/Developer/SDKs/iPhoneSimulator26.2.sdk -target x86_64-apple-ios17.0-simulator -g -module-cache-path /Users/aryazaeri/Library/Developer/Xcode/DerivedData/ModuleCache.noindex -Xfrontend -serialize-debugging-options -enable-testing -index-store-path /Users/aryazaeri/Library/Developer/Xcode/DerivedData/BestBefore_Prototype_IOS-gbnddpnjsvathjdutdcktjqecxgh/Index.noindex/DataStore -Xcc -D_LIBCPP_HARDENING_MODE\=_LIBCPP_HARDENING_MODE_DEBUG -swift-version 5 -I /Users/aryazaeri/Library/Developer/Xcode/DerivedData/BestBefore_Prototype_IOS-gbnddpnjsvathjdutdcktjqecxgh/Build/Products/Debug-iphonesimulator -F /Users/aryazaeri/Library/Developer/Xcode/DerivedData/BestBefore_Prototype_IOS-gbnddpnjsvathjdutdcktjqecxgh/Build/Products/Debug-iphonesimulator/PackageFrameworks -F /Users/aryazaeri/Library/Developer/Xcode/DerivedData/BestBefore_Prototype_IOS-gbnddpnjsvathjdutdcktjqecxgh/Build/Products/Debug-iphonesimulator/PackageFrameworks -F /Users/aryazaeri/Library/Developer/Xcode/DerivedData/BestBefore_Prototype_IOS-gbnddpnjsvathjdutdcktjqecxgh/Build/Products/Debug-iphonesimulator/PackageFrameworks -F /Users/aryazaeri/Library/Developer/Xcode/DerivedData/BestBefore_Prototype_IOS-gbnddpnjsvathjdutdcktjqecxgh/Build/Products/Debug-iphonesimulator/PackageFrameworks -F /Users/aryazaeri/Library/Developer/Xcode/DerivedData/BestBefore_Prototype_IOS-gbnddpnjsvathjdutdcktjqecxgh/Build/Products/Debug-iphonesimulator/PackageFrameworks -F /Users/aryazaeri/Library/Developer/Xcode/DerivedData/BestBefore_Prototype_IOS-gbnddpnjsvathjdutdcktjqecxgh/Build/Products/Debug-iphonesimulator/PackageFrameworks -F /Users/aryazaeri/Library/Developer/Xcode/DerivedData/BestBefore_Prototype_IOS-gbnddpnjsvathjdutdcktjqecxgh/Build/Products/Debug-iphonesimulator/PackageFrameworks -F /Users/aryazaeri/Library/Developer/Xcode/DerivedData/BestBefore_Prototype_IOS-gbnddpnjsvathjdutdcktjqecxgh/Build/Products/Debug-iphonesimulator/PackageFrameworks -F /Users/aryazaeri/Library/Developer/Xcode/DerivedData/BestBefore_Prototype_IOS-gbnddpnjsvathjdutdcktjqecxgh/Build/Products/Debug-iphonesimulator/PackageFrameworks -F /Users/aryazaeri/Library/Developer/Xcode/DerivedData/BestBefore_Prototype_IOS-gbnddpnjsvathjdutdcktjqecxgh/Build/Products/Debug-iphonesimulator/PackageFrameworks -F /Users/aryazaeri/Library/Developer/Xcode/DerivedData/BestBefore_Prototype_IOS-gbnddpnjsvathjdutdcktjqecxgh/Build/Products/Debug-iphonesimulator/PackageFrameworks -F /Users/aryazaeri/Library/Developer/Xcode/DerivedData/BestBefore_Prototype_IOS-gbnddpnjsvathjdutdcktjqecxgh/Build/Products/Debug-iphonesimulator/PackageFrameworks -F /Users/aryazaeri/Library/Developer/Xcode/DerivedData/BestBefore_Prototype_IOS-gbnddpnjsvathjdutdcktjqecxgh/Build/Products/Debug-iphonesimulator/PackageFrameworks -F /Users/aryazaeri/Library/Developer/Xcode/DerivedData/BestBefore_Prototype_IOS-gbnddpnjsvathjdutdcktjqecxgh/Build/Products/Debug-iphonesimulator/PackageFrameworks -F /Users/aryazaeri/Library/Developer/Xcode/DerivedData/BestBefore_Prototype_IOS-gbnddpnjsvathjdutdcktjqecxgh/Build/Products/Debug-iphonesimulator/PackageFrameworks -F /Users/aryazaeri/Library/Developer/Xcode/DerivedData/BestBefore_Prototype_IOS-gbnddpnjsvathjdutdcktjqecxgh/Build/Products/Debug-iphonesimulator/PackageFrameworks -F /Users/aryazaeri/Library/Developer/Xcode/DerivedData/BestBefore_Prototype_IOS-gbnddpnjsvathjdutdcktjqecxgh/Build/Products/Debug-iphonesimulator/PackageFrameworks -F /Users/aryazaeri/Library/Developer/Xcode/DerivedData/BestBefore_Prototype_IOS-gbnddpnjsvathjdutdcktjqecxgh/Build/Products/Debug-iphonesimulator/PackageFrameworks -F /Users/aryazaeri/Library/Developer/Xcode/DerivedData/BestBefore_Prototype_IOS-gbnddpnjsvathjdutdcktjqecxgh/Build/Products/Debug-iphonesimulator -emit-localized-strings -emit-localized-strings-path /Users/aryazaeri/Library/Developer/Xcode/DerivedData/BestBefore_Prototype_IOS-gbnddpnjsvathjdutdcktjqecxgh/Build/Intermediates.noindex/BestBefore_Prototype_IOS.build/Debug-iphonesimulator/BestBefore_Prototype_IOS.build/Objects-normal/x86_64 -c -j8 -enable-batch-mode -incremental -Xcc -ivfsstatcache -Xcc /Users/aryazaeri/Library/Developer/Xcode/DerivedData/SDKStatCaches.noindex/iphonesimulator26.2-23C53-7d00a8b37fbd7999ea79df8ebc024bf0.sdkstatcache -output-file-map /Users/aryazaeri/Library/Developer/Xcode/DerivedData/BestBefore_Prototype_IOS-gbnddpnjsvathjdutdcktjqecxgh/Build/Intermediates.noindex/BestBefore_Prototype_IOS.build/Debug-iphonesimulator/BestBefore_Prototype_IOS.build/Objects-normal/x86_64/BestBefore_Prototype_IOS-OutputFileMap.json -use-frontend-parseable-output -save-temps -no-color-diagnostics -explicit-module-build -module-cache-path /Users/aryazaeri/Library/Developer/Xcode/DerivedData/BestBefore_Prototype_IOS-gbnddpnjsvathjdutdcktjqecxgh/Build/Intermediates.noindex/SwiftExplicitPrecompiledModules -clang-scanner-module-cache-path /Users/aryazaeri/Library/Developer/Xcode/DerivedData/ModuleCache.noindex -sdk-module-cache-path /Users/aryazaeri/Library/Developer/Xcode/DerivedData/ModuleCache.noindex -serialize-diagnostics -emit-dependencies -emit-module -emit-module-path /Users/aryazaeri/Library/Developer/Xcode/DerivedData/BestBefore_Prototype_IOS-gbnddpnjsvathjdutdcktjqecxgh/Build/Intermediates.noindex/BestBefore_Prototype_IOS.build/Debug-iphonesimulator/BestBefore_Prototype_IOS.build/Objects-normal/x86_64/BestBefore_Prototype_IOS.swiftmodule -validate-clang-modules-once -clang-build-session-file /Users/aryazaeri/Library/Developer/Xcode/DerivedData/ModuleCache.noindex/Session.modulevalidation -Xcc -I/Users/aryazaeri/Library/Developer/Xcode/DerivedData/BestBefore_Prototype_IOS-gbnddpnjsvathjdutdcktjqecxgh/Build/Intermediates.noindex/BestBefore_Prototype_IOS.build/Debug-iphonesimulator/BestBefore_Prototype_IOS.build/swift-overrides.hmap -emit-const-values -Xfrontend -const-gather-protocols-file -Xfrontend /Users/aryazaeri/Library/Developer/Xcode/DerivedData/BestBefore_Prototype_IOS-gbnddpnjsvathjdutdcktjqecxgh/Build/Intermediates.noindex/BestBefore_Prototype_IOS.build/Debug-iphonesimulator/BestBefore_Prototype_IOS.build/Objects-normal/x86_64/BestBefore_Prototype_IOS_const_extract_protocols.json -Xcc -iquote -Xcc /Users/aryazaeri/Library/Developer/Xcode/DerivedData/BestBefore_Prototype_IOS-gbnddpnjsvathjdutdcktjqecxgh/Build/Intermediates.noindex/BestBefore_Prototype_IOS.build/Debug-iphonesimulator/BestBefore_Prototype_IOS.build/BestBefore_Prototype_IOS-generated-files.hmap -Xcc -I/Users/aryazaeri/Library/Developer/Xcode/DerivedData/BestBefore_Prototype_IOS-gbnddpnjsvathjdutdcktjqecxgh/Build/Intermediates.noindex/BestBefore_Prototype_IOS.build/Debug-iphonesimulator/BestBefore_Prototype_IOS.build/BestBefore_Prototype_IOS-own-target-headers.hmap -Xcc -I/Users/aryazaeri/Library/Developer/Xcode/DerivedData/BestBefore_Prototype_IOS-gbnddpnjsvathjdutdcktjqecxgh/Build/Intermediates.noindex/BestBefore_Prototype_IOS.build/Debug-iphonesimulator/BestBefore_Prototype_IOS.build/BestBefore_Prototype_IOS-all-non-framework-target-headers.hmap -Xcc -ivfsoverlay -Xcc /Users/aryazaeri/Library/Developer/Xcode/DerivedData/BestBefore_Prototype_IOS-gbnddpnjsvathjdutdcktjqecxgh/Build/Intermediates.noindex/BestBefore_Prototype_IOS.build/Debug-iphonesimulator/BestBefore_Prototype_IOS-0d148ab7edcafde1a52dd57ef23ecfde-VFS-iphonesimulator/all-product-headers.yaml -Xcc -iquote -Xcc /Users/aryazaeri/Library/Developer/Xcode/DerivedData/BestBefore_Prototype_IOS-gbnddpnjsvathjdutdcktjqecxgh/Build/Intermediates.noindex/BestBefore_Prototype_IOS.build/Debug-iphonesimulator/BestBefore_Prototype_IOS.build/BestBefore_Prototype_IOS-project-headers.hmap -Xcc -I/Users/aryazaeri/Library/Developer/Xcode/DerivedData/BestBefore_Prototype_IOS-gbnddpnjsvathjdutdcktjqecxgh/SourcePackages/checkouts/interop-ios-for-google-sdks/RecaptchaEnterprise/RecaptchaInterop/Public -Xcc -I/Users/aryazaeri/Library/Developer/Xcode/DerivedData/BestBefore_Prototype_IOS-gbnddpnjsvathjdutdcktjqecxgh/SourcePackages/checkouts/GoogleUtilities/GoogleUtilities/Network/Public -Xcc -I/Users/aryazaeri/Library/Developer/Xcode/DerivedData/BestBefore_Prototype_IOS-gbnddpnjsvathjdutdcktjqecxgh/SourcePackages/checkouts/GoogleUtilities/GoogleUtilities/Reachability/Public -Xcc -I/Users/aryazaeri/Library/Developer/Xcode/DerivedData/BestBefore_Prototype_IOS-gbnddpnjsvathjdutdcktjqecxgh/SourcePackages/checkouts/GoogleUtilities/GoogleUtilities/NSData+zlib/Public -Xcc -I/Users/aryazaeri/Library/Developer/Xcode/DerivedData/BestBefore_Prototype_IOS-gbnddpnjsvathjdutdcktjqecxgh/SourcePackages/checkouts/GoogleUtilities/GoogleUtilities/Logger/Public -Xcc -I/Users/aryazaeri/Library/Developer/Xcode/DerivedData/BestBefore_Prototype_IOS-gbnddpnjsvathjdutdcktjqecxgh/SourcePackages/checkouts/GoogleUtilities/GoogleUtilities/Environment/Public -Xcc -I/Users/aryazaeri/Library/Developer/Xcode/DerivedData/BestBefore_Prototype_IOS-gbnddpnjsvathjdutdcktjqecxgh/SourcePackages/checkouts/GoogleUtilities/third_party/IsAppEncrypted/Public -Xcc -I/Users/aryazaeri/Library/Developer/Xcode/DerivedData/BestBefore_Prototype_IOS-gbnddpnjsvathjdutdcktjqecxgh/SourcePackages/checkouts/GoogleUtilities/GoogleUtilities/AppDelegateSwizzler/Public -Xcc -I/Users/aryazaeri/Library/Developer/Xcode/DerivedData/BestBefore_Prototype_IOS-gbnddpnjsvathjdutdcktjqecxgh/SourcePackages/checkouts/gtm-session-fetcher/Sources/Core/Public -Xcc -I/Users/aryazaeri/Library/Developer/Xcode/DerivedData/BestBefore_Prototype_IOS-gbnddpnjsvathjdutdcktjqecxgh/SourcePackages/checkouts/firebase-ios-sdk/FirebaseCore/Extension -Xcc -I/Users/aryazaeri/Library/Developer/Xcode/DerivedData/BestBefore_Prototype_IOS-gbnddpnjsvathjdutdcktjqecxgh/SourcePackages/checkouts/firebase-ios-sdk/FirebaseCore/Sources/Public -Xcc -I/Users/aryazaeri/Library/Developer/Xcode/DerivedData/BestBefore_Prototype_IOS-gbnddpnjsvathjdutdcktjqecxgh/SourcePackages/checkouts/firebase-ios-sdk/CoreOnly/Sources -Xcc -I/Users/aryazaeri/Library/Developer/Xcode/DerivedData/BestBefore_Prototype_IOS-gbnddpnjsvathjdutdcktjqecxgh/SourcePackages/checkouts/firebase-ios-sdk/FirebaseAuth/Sources/Public -Xcc -I/Users/aryazaeri/Library/Developer/Xcode/DerivedData/BestBefore_Prototype_IOS-gbnddpnjsvathjdutdcktjqecxgh/SourcePackages/checkouts/firebase-ios-sdk/FirebaseAuth/Interop/Public -Xcc -I/Users/aryazaeri/Library/Developer/Xcode/DerivedData/BestBefore_Prototype_IOS-gbnddpnjsvathjdutdcktjqecxgh/SourcePackages/checkouts/firebase-ios-sdk/FirebaseAppCheck/Interop/Public -Xcc -I/Users/aryazaeri/Library/Developer/Xcode/DerivedData/BestBefore_Prototype_IOS-gbnddpnjsvathjdutdcktjqecxgh/Build/Products/Debug-iphonesimulator/include -Xcc -I/Users/aryazaeri/Library/Developer/Xcode/DerivedData/BestBefore_Prototype_IOS-gbnddpnjsvathjdutdcktjqecxgh/Build/Intermediates.noindex/BestBefore_Prototype_IOS.build/Debug-iphonesimulator/BestBefore_Prototype_IOS.build/DerivedSources-normal/x86_64 -Xcc -I/Users/aryazaeri/Library/Developer/Xcode/DerivedData/BestBefore_Prototype_IOS-gbnddpnjsvathjdutdcktjqecxgh/Build/Intermediates.noindex/BestBefore_Prototype_IOS.build/Debug-iphonesimulator/BestBefore_Prototype_IOS.build/DerivedSources/x86_64 -Xcc -I/Users/aryazaeri/Library/Developer/Xcode/DerivedData/BestBefore_Prototype_IOS-gbnddpnjsvathjdutdcktjqecxgh/Build/Intermediates.noindex/BestBefore_Prototype_IOS.build/Debug-iphonesimulator/BestBefore_Prototype_IOS.build/DerivedSources -Xcc -DDEBUG\=1 -emit-objc-header -emit-objc-header-path /Users/aryazaeri/Library/Developer/Xcode/DerivedData/BestBefore_Prototype_IOS-gbnddpnjsvathjdutdcktjqecxgh/Build/Intermediates.noindex/BestBefore_Prototype_IOS.build/Debug-iphonesimulator/BestBefore_Prototype_IOS.build/Objects-normal/x86_64/BestBefore_Prototype_IOS-Swift.h -working-directory /Users/aryazaeri/Desktop/BestBefore/BestBefore_V2/ios/BestBefore_Prototype_IOS -experimental-emit-module-separately -disable-cmo

SwiftDriver BestBefore_Prototype_IOS normal arm64 com.apple.xcode.tools.swift.compiler (in target 'BestBefore_Prototype_IOS' from project 'BestBefore_Prototype_IOS')
    cd /Users/aryazaeri/Desktop/BestBefore/BestBefore_V2/ios/BestBefore_Prototype_IOS
    builtin-SwiftDriver -- /Applications/Xcode.app/Contents/Developer/Toolchains/XcodeDefault.xctoolchain/usr/bin/swiftc -module-name BestBefore_Prototype_IOS -Onone -enforce-exclusivity\=checked @/Users/aryazaeri/Library/Developer/Xcode/DerivedData/BestBefore_Prototype_IOS-gbnddpnjsvathjdutdcktjqecxgh/Build/Intermediates.noindex/BestBefore_Prototype_IOS.build/Debug-iphonesimulator/BestBefore_Prototype_IOS.build/Objects-normal/arm64/BestBefore_Prototype_IOS.SwiftFileList -DDEBUG -Xcc -fmodule-map-file\=/Users/aryazaeri/Library/Developer/Xcode/DerivedData/BestBefore_Prototype_IOS-gbnddpnjsvathjdutdcktjqecxgh/Build/Intermediates.noindex/GeneratedModuleMaps-iphonesimulator/RecaptchaInterop.modulemap -Xcc -fmodule-map-file\=/Users/aryazaeri/Library/Developer/Xcode/DerivedData/BestBefore_Prototype_IOS-gbnddpnjsvathjdutdcktjqecxgh/Build/Intermediates.noindex/GeneratedModuleMaps-iphonesimulator/GoogleUtilities-Network.modulemap -Xcc -fmodule-map-file\=/Users/aryazaeri/Library/Developer/Xcode/DerivedData/BestBefore_Prototype_IOS-gbnddpnjsvathjdutdcktjqecxgh/Build/Intermediates.noindex/GeneratedModuleMaps-iphonesimulator/GoogleUtilities-Reachability.modulemap -Xcc -fmodule-map-file\=/Users/aryazaeri/Library/Developer/Xcode/DerivedData/BestBefore_Prototype_IOS-gbnddpnjsvathjdutdcktjqecxgh/Build/Intermediates.noindex/GeneratedModuleMaps-iphonesimulator/GoogleUtilities-NSData.modulemap -Xcc -fmodule-map-file\=/Users/aryazaeri/Library/Developer/Xcode/DerivedData/BestBefore_Prototype_IOS-gbnddpnjsvathjdutdcktjqecxgh/Build/Intermediates.noindex/GeneratedModuleMaps-iphonesimulator/GoogleUtilities-Logger.modulemap -Xcc -fmodule-map-file\=/Users/aryazaeri/Library/Developer/Xcode/DerivedData/BestBefore_Prototype_IOS-gbnddpnjsvathjdutdcktjqecxgh/Build/Intermediates.noindex/GeneratedModuleMaps-iphonesimulator/GoogleUtilities-Environment.modulemap -Xcc -fmodule-map-file\=/Users/aryazaeri/Library/Developer/Xcode/DerivedData/BestBefore_Prototype_IOS-gbnddpnjsvathjdutdcktjqecxgh/Build/Intermediates.noindex/GeneratedModuleMaps-iphonesimulator/third-party-IsAppEncrypted.modulemap -Xcc -fmodule-map-file\=/Users/aryazaeri/Library/Developer/Xcode/DerivedData/BestBefore_Prototype_IOS-gbnddpnjsvathjdutdcktjqecxgh/Build/Intermediates.noindex/GeneratedModuleMaps-iphonesimulator/GoogleUtilities-AppDelegateSwizzler.modulemap -Xcc -fmodule-map-file\=/Users/aryazaeri/Library/Developer/Xcode/DerivedData/BestBefore_Prototype_IOS-gbnddpnjsvathjdutdcktjqecxgh/Build/Intermediates.noindex/GeneratedModuleMaps-iphonesimulator/GTMSessionFetcherCore.modulemap -Xcc -fmodule-map-file\=/Users/aryazaeri/Library/Developer/Xcode/DerivedData/BestBefore_Prototype_IOS-gbnddpnjsvathjdutdcktjqecxgh/Build/Intermediates.noindex/GeneratedModuleMaps-iphonesimulator/FirebaseCoreExtension.modulemap -Xcc -fmodule-map-file\=/Users/aryazaeri/Library/Developer/Xcode/DerivedData/BestBefore_Prototype_IOS-gbnddpnjsvathjdutdcktjqecxgh/Build/Intermediates.noindex/GeneratedModuleMaps-iphonesimulator/FirebaseCore.modulemap -Xcc -fmodule-map-file\=/Users/aryazaeri/Library/Developer/Xcode/DerivedData/BestBefore_Prototype_IOS-gbnddpnjsvathjdutdcktjqecxgh/Build/Intermediates.noindex/GeneratedModuleMaps-iphonesimulator/FirebaseAuthInternal.modulemap -Xcc -fmodule-map-file\=/Users/aryazaeri/Library/Developer/Xcode/DerivedData/BestBefore_Prototype_IOS-gbnddpnjsvathjdutdcktjqecxgh/Build/Intermediates.noindex/GeneratedModuleMaps-iphonesimulator/FirebaseAuthInterop.modulemap -Xcc -fmodule-map-file\=/Users/aryazaeri/Library/Developer/Xcode/DerivedData/BestBefore_Prototype_IOS-gbnddpnjsvathjdutdcktjqecxgh/Build/Intermediates.noindex/GeneratedModuleMaps-iphonesimulator/FirebaseAppCheckInterop.modulemap -default-isolation\=MainActor -enable-bare-slash-regex -enable-upcoming-feature DisableOutwardActorInference -enable-upcoming-feature InferSendableFromCaptures -enable-upcoming-feature GlobalActorIsolatedTypesUsability -enable-upcoming-feature MemberImportVisibility -enable-upcoming-feature InferIsolatedConformances -enable-upcoming-feature NonisolatedNonsendingByDefault -enable-experimental-feature DebugDescriptionMacro -sdk /Applications/Xcode.app/Contents/Developer/Platforms/iPhoneSimulator.platform/Developer/SDKs/iPhoneSimulator26.2.sdk -target arm64-apple-ios17.0-simulator -g -module-cache-path /Users/aryazaeri/Library/Developer/Xcode/DerivedData/ModuleCache.noindex -Xfrontend -serialize-debugging-options -enable-testing -index-store-path /Users/aryazaeri/Library/Developer/Xcode/DerivedData/BestBefore_Prototype_IOS-gbnddpnjsvathjdutdcktjqecxgh/Index.noindex/DataStore -Xcc -D_LIBCPP_HARDENING_MODE\=_LIBCPP_HARDENING_MODE_DEBUG -swift-version 5 -I /Users/aryazaeri/Library/Developer/Xcode/DerivedData/BestBefore_Prototype_IOS-gbnddpnjsvathjdutdcktjqecxgh/Build/Products/Debug-iphonesimulator -F /Users/aryazaeri/Library/Developer/Xcode/DerivedData/BestBefore_Prototype_IOS-gbnddpnjsvathjdutdcktjqecxgh/Build/Products/Debug-iphonesimulator/PackageFrameworks -F /Users/aryazaeri/Library/Developer/Xcode/DerivedData/BestBefore_Prototype_IOS-gbnddpnjsvathjdutdcktjqecxgh/Build/Products/Debug-iphonesimulator/PackageFrameworks -F /Users/aryazaeri/Library/Developer/Xcode/DerivedData/BestBefore_Prototype_IOS-gbnddpnjsvathjdutdcktjqecxgh/Build/Products/Debug-iphonesimulator/PackageFrameworks -F /Users/aryazaeri/Library/Developer/Xcode/DerivedData/BestBefore_Prototype_IOS-gbnddpnjsvathjdutdcktjqecxgh/Build/Products/Debug-iphonesimulator/PackageFrameworks -F /Users/aryazaeri/Library/Developer/Xcode/DerivedData/BestBefore_Prototype_IOS-gbnddpnjsvathjdutdcktjqecxgh/Build/Products/Debug-iphonesimulator/PackageFrameworks -F /Users/aryazaeri/Library/Developer/Xcode/DerivedData/BestBefore_Prototype_IOS-gbnddpnjsvathjdutdcktjqecxgh/Build/Products/Debug-iphonesimulator/PackageFrameworks -F /Users/aryazaeri/Library/Developer/Xcode/DerivedData/BestBefore_Prototype_IOS-gbnddpnjsvathjdutdcktjqecxgh/Build/Products/Debug-iphonesimulator/PackageFrameworks -F /Users/aryazaeri/Library/Developer/Xcode/DerivedData/BestBefore_Prototype_IOS-gbnddpnjsvathjdutdcktjqecxgh/Build/Products/Debug-iphonesimulator/PackageFrameworks -F /Users/aryazaeri/Library/Developer/Xcode/DerivedData/BestBefore_Prototype_IOS-gbnddpnjsvathjdutdcktjqecxgh/Build/Products/Debug-iphonesimulator/PackageFrameworks -F /Users/aryazaeri/Library/Developer/Xcode/DerivedData/BestBefore_Prototype_IOS-gbnddpnjsvathjdutdcktjqecxgh/Build/Products/Debug-iphonesimulator/PackageFrameworks -F /Users/aryazaeri/Library/Developer/Xcode/DerivedData/BestBefore_Prototype_IOS-gbnddpnjsvathjdutdcktjqecxgh/Build/Products/Debug-iphonesimulator/PackageFrameworks -F /Users/aryazaeri/Library/Developer/Xcode/DerivedData/BestBefore_Prototype_IOS-gbnddpnjsvathjdutdcktjqecxgh/Build/Products/Debug-iphonesimulator/PackageFrameworks -F /Users/aryazaeri/Library/Developer/Xcode/DerivedData/BestBefore_Prototype_IOS-gbnddpnjsvathjdutdcktjqecxgh/Build/Products/Debug-iphonesimulator/PackageFrameworks -F /Users/aryazaeri/Library/Developer/Xcode/DerivedData/BestBefore_Prototype_IOS-gbnddpnjsvathjdutdcktjqecxgh/Build/Products/Debug-iphonesimulator/PackageFrameworks -F /Users/aryazaeri/Library/Developer/Xcode/DerivedData/BestBefore_Prototype_IOS-gbnddpnjsvathjdutdcktjqecxgh/Build/Products/Debug-iphonesimulator/PackageFrameworks -F /Users/aryazaeri/Library/Developer/Xcode/DerivedData/BestBefore_Prototype_IOS-gbnddpnjsvathjdutdcktjqecxgh/Build/Products/Debug-iphonesimulator/PackageFrameworks -F /Users/aryazaeri/Library/Developer/Xcode/DerivedData/BestBefore_Prototype_IOS-gbnddpnjsvathjdutdcktjqecxgh/Build/Products/Debug-iphonesimulator/PackageFrameworks -F /Users/aryazaeri/Library/Developer/Xcode/DerivedData/BestBefore_Prototype_IOS-gbnddpnjsvathjdutdcktjqecxgh/Build/Products/Debug-iphonesimulator/PackageFrameworks -F /Users/aryazaeri/Library/Developer/Xcode/DerivedData/BestBefore_Prototype_IOS-gbnddpnjsvathjdutdcktjqecxgh/Build/Products/Debug-iphonesimulator -emit-localized-strings -emit-localized-strings-path /Users/aryazaeri/Library/Developer/Xcode/DerivedData/BestBefore_Prototype_IOS-gbnddpnjsvathjdutdcktjqecxgh/Build/Intermediates.noindex/BestBefore_Prototype_IOS.build/Debug-iphonesimulator/BestBefore_Prototype_IOS.build/Objects-normal/arm64 -c -j8 -enable-batch-mode -incremental -Xcc -ivfsstatcache -Xcc /Users/aryazaeri/Library/Developer/Xcode/DerivedData/SDKStatCaches.noindex/iphonesimulator26.2-23C53-7d00a8b37fbd7999ea79df8ebc024bf0.sdkstatcache -output-file-map /Users/aryazaeri/Library/Developer/Xcode/DerivedData/BestBefore_Prototype_IOS-gbnddpnjsvathjdutdcktjqecxgh/Build/Intermediates.noindex/BestBefore_Prototype_IOS.build/Debug-iphonesimulator/BestBefore_Prototype_IOS.build/Objects-normal/arm64/BestBefore_Prototype_IOS-OutputFileMap.json -use-frontend-parseable-output -save-temps -no-color-diagnostics -explicit-module-build -module-cache-path /Users/aryazaeri/Library/Developer/Xcode/DerivedData/BestBefore_Prototype_IOS-gbnddpnjsvathjdutdcktjqecxgh/Build/Intermediates.noindex/SwiftExplicitPrecompiledModules -clang-scanner-module-cache-path /Users/aryazaeri/Library/Developer/Xcode/DerivedData/ModuleCache.noindex -sdk-module-cache-path /Users/aryazaeri/Library/Developer/Xcode/DerivedData/ModuleCache.noindex -serialize-diagnostics -emit-dependencies -emit-module -emit-module-path /Users/aryazaeri/Library/Developer/Xcode/DerivedData/BestBefore_Prototype_IOS-gbnddpnjsvathjdutdcktjqecxgh/Build/Intermediates.noindex/BestBefore_Prototype_IOS.build/Debug-iphonesimulator/BestBefore_Prototype_IOS.build/Objects-normal/arm64/BestBefore_Prototype_IOS.swiftmodule -validate-clang-modules-once -clang-build-session-file /Users/aryazaeri/Library/Developer/Xcode/DerivedData/ModuleCache.noindex/Session.modulevalidation -Xcc -I/Users/aryazaeri/Library/Developer/Xcode/DerivedData/BestBefore_Prototype_IOS-gbnddpnjsvathjdutdcktjqecxgh/Build/Intermediates.noindex/BestBefore_Prototype_IOS.build/Debug-iphonesimulator/BestBefore_Prototype_IOS.build/swift-overrides.hmap -emit-const-values -Xfrontend -const-gather-protocols-file -Xfrontend /Users/aryazaeri/Library/Developer/Xcode/DerivedData/BestBefore_Prototype_IOS-gbnddpnjsvathjdutdcktjqecxgh/Build/Intermediates.noindex/BestBefore_Prototype_IOS.build/Debug-iphonesimulator/BestBefore_Prototype_IOS.build/Objects-normal/arm64/BestBefore_Prototype_IOS_const_extract_protocols.json -Xcc -iquote -Xcc /Users/aryazaeri/Library/Developer/Xcode/DerivedData/BestBefore_Prototype_IOS-gbnddpnjsvathjdutdcktjqecxgh/Build/Intermediates.noindex/BestBefore_Prototype_IOS.build/Debug-iphonesimulator/BestBefore_Prototype_IOS.build/BestBefore_Prototype_IOS-generated-files.hmap -Xcc -I/Users/aryazaeri/Library/Developer/Xcode/DerivedData/BestBefore_Prototype_IOS-gbnddpnjsvathjdutdcktjqecxgh/Build/Intermediates.noindex/BestBefore_Prototype_IOS.build/Debug-iphonesimulator/BestBefore_Prototype_IOS.build/BestBefore_Prototype_IOS-own-target-headers.hmap -Xcc -I/Users/aryazaeri/Library/Developer/Xcode/DerivedData/BestBefore_Prototype_IOS-gbnddpnjsvathjdutdcktjqecxgh/Build/Intermediates.noindex/BestBefore_Prototype_IOS.build/Debug-iphonesimulator/BestBefore_Prototype_IOS.build/BestBefore_Prototype_IOS-all-non-framework-target-headers.hmap -Xcc -ivfsoverlay -Xcc /Users/aryazaeri/Library/Developer/Xcode/DerivedData/BestBefore_Prototype_IOS-gbnddpnjsvathjdutdcktjqecxgh/Build/Intermediates.noindex/BestBefore_Prototype_IOS.build/Debug-iphonesimulator/BestBefore_Prototype_IOS-0d148ab7edcafde1a52dd57ef23ecfde-VFS-iphonesimulator/all-product-headers.yaml -Xcc -iquote -Xcc /Users/aryazaeri/Library/Developer/Xcode/DerivedData/BestBefore_Prototype_IOS-gbnddpnjsvathjdutdcktjqecxgh/Build/Intermediates.noindex/BestBefore_Prototype_IOS.build/Debug-iphonesimulator/BestBefore_Prototype_IOS.build/BestBefore_Prototype_IOS-project-headers.hmap -Xcc -I/Users/aryazaeri/Library/Developer/Xcode/DerivedData/BestBefore_Prototype_IOS-gbnddpnjsvathjdutdcktjqecxgh/SourcePackages/checkouts/interop-ios-for-google-sdks/RecaptchaEnterprise/RecaptchaInterop/Public -Xcc -I/Users/aryazaeri/Library/Developer/Xcode/DerivedData/BestBefore_Prototype_IOS-gbnddpnjsvathjdutdcktjqecxgh/SourcePackages/checkouts/GoogleUtilities/GoogleUtilities/Network/Public -Xcc -I/Users/aryazaeri/Library/Developer/Xcode/DerivedData/BestBefore_Prototype_IOS-gbnddpnjsvathjdutdcktjqecxgh/SourcePackages/checkouts/GoogleUtilities/GoogleUtilities/Reachability/Public -Xcc -I/Users/aryazaeri/Library/Developer/Xcode/DerivedData/BestBefore_Prototype_IOS-gbnddpnjsvathjdutdcktjqecxgh/SourcePackages/checkouts/GoogleUtilities/GoogleUtilities/NSData+zlib/Public -Xcc -I/Users/aryazaeri/Library/Developer/Xcode/DerivedData/BestBefore_Prototype_IOS-gbnddpnjsvathjdutdcktjqecxgh/SourcePackages/checkouts/GoogleUtilities/GoogleUtilities/Logger/Public -Xcc -I/Users/aryazaeri/Library/Developer/Xcode/DerivedData/BestBefore_Prototype_IOS-gbnddpnjsvathjdutdcktjqecxgh/SourcePackages/checkouts/GoogleUtilities/GoogleUtilities/Environment/Public -Xcc -I/Users/aryazaeri/Library/Developer/Xcode/DerivedData/BestBefore_Prototype_IOS-gbnddpnjsvathjdutdcktjqecxgh/SourcePackages/checkouts/GoogleUtilities/third_party/IsAppEncrypted/Public -Xcc -I/Users/aryazaeri/Library/Developer/Xcode/DerivedData/BestBefore_Prototype_IOS-gbnddpnjsvathjdutdcktjqecxgh/SourcePackages/checkouts/GoogleUtilities/GoogleUtilities/AppDelegateSwizzler/Public -Xcc -I/Users/aryazaeri/Library/Developer/Xcode/DerivedData/BestBefore_Prototype_IOS-gbnddpnjsvathjdutdcktjqecxgh/SourcePackages/checkouts/gtm-session-fetcher/Sources/Core/Public -Xcc -I/Users/aryazaeri/Library/Developer/Xcode/DerivedData/BestBefore_Prototype_IOS-gbnddpnjsvathjdutdcktjqecxgh/SourcePackages/checkouts/firebase-ios-sdk/FirebaseCore/Extension -Xcc -I/Users/aryazaeri/Library/Developer/Xcode/DerivedData/BestBefore_Prototype_IOS-gbnddpnjsvathjdutdcktjqecxgh/SourcePackages/checkouts/firebase-ios-sdk/FirebaseCore/Sources/Public -Xcc -I/Users/aryazaeri/Library/Developer/Xcode/DerivedData/BestBefore_Prototype_IOS-gbnddpnjsvathjdutdcktjqecxgh/SourcePackages/checkouts/firebase-ios-sdk/CoreOnly/Sources -Xcc -I/Users/aryazaeri/Library/Developer/Xcode/DerivedData/BestBefore_Prototype_IOS-gbnddpnjsvathjdutdcktjqecxgh/SourcePackages/checkouts/firebase-ios-sdk/FirebaseAuth/Sources/Public -Xcc -I/Users/aryazaeri/Library/Developer/Xcode/DerivedData/BestBefore_Prototype_IOS-gbnddpnjsvathjdutdcktjqecxgh/SourcePackages/checkouts/firebase-ios-sdk/FirebaseAuth/Interop/Public -Xcc -I/Users/aryazaeri/Library/Developer/Xcode/DerivedData/BestBefore_Prototype_IOS-gbnddpnjsvathjdutdcktjqecxgh/SourcePackages/checkouts/firebase-ios-sdk/FirebaseAppCheck/Interop/Public -Xcc -I/Users/aryazaeri/Library/Developer/Xcode/DerivedData/BestBefore_Prototype_IOS-gbnddpnjsvathjdutdcktjqecxgh/Build/Products/Debug-iphonesimulator/include -Xcc -I/Users/aryazaeri/Library/Developer/Xcode/DerivedData/BestBefore_Prototype_IOS-gbnddpnjsvathjdutdcktjqecxgh/Build/Intermediates.noindex/BestBefore_Prototype_IOS.build/Debug-iphonesimulator/BestBefore_Prototype_IOS.build/DerivedSources-normal/arm64 -Xcc -I/Users/aryazaeri/Library/Developer/Xcode/DerivedData/BestBefore_Prototype_IOS-gbnddpnjsvathjdutdcktjqecxgh/Build/Intermediates.noindex/BestBefore_Prototype_IOS.build/Debug-iphonesimulator/BestBefore_Prototype_IOS.build/DerivedSources/arm64 -Xcc -I/Users/aryazaeri/Library/Developer/Xcode/DerivedData/BestBefore_Prototype_IOS-gbnddpnjsvathjdutdcktjqecxgh/Build/Intermediates.noindex/BestBefore_Prototype_IOS.build/Debug-iphonesimulator/BestBefore_Prototype_IOS.build/DerivedSources -Xcc -DDEBUG\=1 -emit-objc-header -emit-objc-header-path /Users/aryazaeri/Library/Developer/Xcode/DerivedData/BestBefore_Prototype_IOS-gbnddpnjsvathjdutdcktjqecxgh/Build/Intermediates.noindex/BestBefore_Prototype_IOS.build/Debug-iphonesimulator/BestBefore_Prototype_IOS.build/Objects-normal/arm64/BestBefore_Prototype_IOS-Swift.h -working-directory /Users/aryazaeri/Desktop/BestBefore/BestBefore_V2/ios/BestBefore_Prototype_IOS -experimental-emit-module-separately -disable-cmo

CompileAssetCatalogVariant thinned /Users/aryazaeri/Library/Developer/Xcode/DerivedData/BestBefore_Prototype_IOS-gbnddpnjsvathjdutdcktjqecxgh/Build/Products/Debug-iphonesimulator/BestBefore_Prototype_IOS.app /Users/aryazaeri/Desktop/BestBefore/BestBefore_V2/ios/BestBefore_Prototype_IOS/BestBefore_Prototype_IOS/Assets.xcassets (in target 'BestBefore_Prototype_IOS' from project 'BestBefore_Prototype_IOS')
    cd /Users/aryazaeri/Desktop/BestBefore/BestBefore_V2/ios/BestBefore_Prototype_IOS
    /Applications/Xcode.app/Contents/Developer/usr/bin/actool /Users/aryazaeri/Desktop/BestBefore/BestBefore_V2/ios/BestBefore_Prototype_IOS/BestBefore_Prototype_IOS/Assets.xcassets --compile /Users/aryazaeri/Library/Developer/Xcode/DerivedData/BestBefore_Prototype_IOS-gbnddpnjsvathjdutdcktjqecxgh/Build/Intermediates.noindex/BestBefore_Prototype_IOS.build/Debug-iphonesimulator/BestBefore_Prototype_IOS.build/assetcatalog_output/thinned --output-format human-readable-text --notices --warnings --export-dependency-info /Users/aryazaeri/Library/Developer/Xcode/DerivedData/BestBefore_Prototype_IOS-gbnddpnjsvathjdutdcktjqecxgh/Build/Intermediates.noindex/BestBefore_Prototype_IOS.build/Debug-iphonesimulator/BestBefore_Prototype_IOS.build/assetcatalog_dependencies_thinned --output-partial-info-plist /Users/aryazaeri/Library/Developer/Xcode/DerivedData/BestBefore_Prototype_IOS-gbnddpnjsvathjdutdcktjqecxgh/Build/Intermediates.noindex/BestBefore_Prototype_IOS.build/Debug-iphonesimulator/BestBefore_Prototype_IOS.build/assetcatalog_generated_info.plist_thinned --app-icon AppIcon --accent-color AccentColor --compress-pngs --enable-on-demand-resources YES --development-region en --target-device iphone --target-device ipad --minimum-deployment-target 17.0 --platform iphonesimulator
/* com.apple.actool.compilation-results */
/Users/aryazaeri/Library/Developer/Xcode/DerivedData/BestBefore_Prototype_IOS-gbnddpnjsvathjdutdcktjqecxgh/Build/Intermediates.noindex/BestBefore_Prototype_IOS.build/Debug-iphonesimulator/BestBefore_Prototype_IOS.build/assetcatalog_generated_info.plist_thinned


RegisterExecutionPolicyException /Users/aryazaeri/Library/Developer/Xcode/DerivedData/BestBefore_Prototype_IOS-gbnddpnjsvathjdutdcktjqecxgh/Build/Products/Debug-iphonesimulator/FirebaseAuth.o (in target 'FirebaseAuth' from project 'Firebase')
    cd /Users/aryazaeri/Library/Developer/Xcode/DerivedData/BestBefore_Prototype_IOS-gbnddpnjsvathjdutdcktjqecxgh/SourcePackages/checkouts/firebase-ios-sdk
    builtin-RegisterExecutionPolicyException /Users/aryazaeri/Library/Developer/Xcode/DerivedData/BestBefore_Prototype_IOS-gbnddpnjsvathjdutdcktjqecxgh/Build/Products/Debug-iphonesimulator/FirebaseAuth.o

SwiftExplicitDependencyGeneratePcm x86_64 /Users/aryazaeri/Library/Developer/Xcode/DerivedData/ModuleCache.noindex/CoreGraphics-ENBNNV5IIWGRTRIM5VZFXGQMM.pcm

SwiftExplicitDependencyGeneratePcm x86_64 /Users/aryazaeri/Library/Developer/Xcode/DerivedData/ModuleCache.noindex/Security-7A3QH7ZQKAIIZLKH696IAH7I8.pcm

SwiftExplicitDependencyGeneratePcm x86_64 /Users/aryazaeri/Library/Developer/Xcode/DerivedData/ModuleCache.noindex/CoreAudio-1FCNB7JNUAG7Q1KWUHDFZDD2H.pcm

SwiftExplicitDependencyGeneratePcm x86_64 /Users/aryazaeri/Library/Developer/Xcode/DerivedData/ModuleCache.noindex/CoreServices-ABIRXSH0QL5SC20L7OA72A8DO.pcm

SwiftExplicitDependencyGeneratePcm x86_64 /Users/aryazaeri/Library/Developer/Xcode/DerivedData/ModuleCache.noindex/Spatial-EFNPORXQS3X7EO4UD3EKJN1M4.pcm

SwiftEmitModule normal arm64 Emitting\ module\ for\ BestBefore_Prototype_IOS (in target 'BestBefore_Prototype_IOS' from project 'BestBefore_Prototype_IOS')
EmitSwiftModule normal arm64 (in target 'BestBefore_Prototype_IOS' from project 'BestBefore_Prototype_IOS')
    cd /Users/aryazaeri/Desktop/BestBefore/BestBefore_V2/ios/BestBefore_Prototype_IOS
    
/Users/aryazaeri/Desktop/BestBefore/BestBefore_V2/ios/BestBefore_Prototype_IOS/BestBefore_Prototype_IOS/CreateRoomFlowView.swift:554:8: error: invalid redeclaration of 'ThemeOption'
struct ThemeOption: View {
       ^
/Users/aryazaeri/Desktop/BestBefore/BestBefore_V2/ios/BestBefore_Prototype_IOS/BestBefore_Prototype_IOS/UIComponents.swift:91:8: note: 'ThemeOption' previously declared here
struct ThemeOption: View {
       ^
/Users/aryazaeri/Desktop/BestBefore/BestBefore_V2/ios/BestBefore_Prototype_IOS/BestBefore_Prototype_IOS/UIComponents.swift:91:8: note: 'ThemeOption' previously declared here
struct ThemeOption: View {
       ^

Failed frontend command:
/Applications/Xcode.app/Contents/Developer/Toolchains/XcodeDefault.xctoolchain/usr/bin/swift-frontend -frontend -emit-module -experimental-skip-non-inlinable-function-bodies-without-types /Users/aryazaeri/Desktop/BestBefore/BestBefore_V2/ios/BestBefore_Prototype_IOS/BestBefore_Prototype_IOS/AnimatedBackgroundView.swift /Users/aryazaeri/Desktop/BestBefore/BestBefore_V2/ios/BestBefore_Prototype_IOS/BestBefore_Prototype_IOS/AudioManager.swift /Users/aryazaeri/Desktop/BestBefore/BestBefore_V2/ios/BestBefore_Prototype_IOS/BestBefore_Prototype_IOS/AuthService.swift /Users/aryazaeri/Desktop/BestBefore/BestBefore_V2/ios/BestBefore_Prototype_IOS/BestBefore_Prototype_IOS/BestBefore_Prototype_IOSApp.swift /Users/aryazaeri/Desktop/BestBefore/BestBefore_V2/ios/BestBefore_Prototype_IOS/BestBefore_Prototype_IOS/CardStackView.swift /Users/aryazaeri/Desktop/BestBefore/BestBefore_V2/ios/BestBefore_Prototype_IOS/BestBefore_Prototype_IOS/ContentView.swift /Users/aryazaeri/Desktop/BestBefore/BestBefore_V2/ios/BestBefore_Prototype_IOS/BestBefore_Prototype_IOS/CreateRoomFlowView.swift /Users/aryazaeri/Desktop/BestBefore/BestBefore_V2/ios/BestBefore_Prototype_IOS/BestBefore_Prototype_IOS/Database.swift /Users/aryazaeri/Desktop/BestBefore/BestBefore_V2/ios/BestBefore_Prototype_IOS/BestBefore_Prototype_IOS/EditRoomView.swift /Users/aryazaeri/Desktop/BestBefore/BestBefore_V2/ios/BestBefore_Prototype_IOS/BestBefore_Prototype_IOS/EmailValidator.swift /Users/aryazaeri/Desktop/BestBefore/BestBefore_V2/ios/BestBefore_Prototype_IOS/BestBefore_Prototype_IOS/Extensions.swift /Users/aryazaeri/Desktop/BestBefore/BestBefore_V2/ios/BestBefore_Prototype_IOS/BestBefore_Prototype_IOS/HallwayView.swift /Users/aryazaeri/Desktop/BestBefore/BestBefore_V2/ios/BestBefore_Prototype_IOS/BestBefore_Prototype_IOS/LoginView.swift /Users/aryazaeri/Desktop/BestBefore/BestBefore_V2/ios/BestBefore_Prototype_IOS/BestBefore_Prototype_IOS/MemoryShowroomView.swift /Users/aryazaeri/Desktop/BestBefore/BestBefore_V2/ios/BestBefore_Prototype_IOS/BestBefore_Prototype_IOS/MockData.swift /Users/aryazaeri/Desktop/BestBefore/BestBefore_V2/ios/BestBefore_Prototype_IOS/BestBefore_Prototype_IOS/OrbMenuPremium.swift /Users/aryazaeri/Desktop/BestBefore/BestBefore_V2/ios/BestBefore_Prototype_IOS/BestBefore_Prototype_IOS/Persistence.swift /Users/aryazaeri/Desktop/BestBefore/BestBefore_V2/ios/BestBefore_Prototype_IOS/BestBefore_Prototype_IOS/ProfileView.swift /Users/aryazaeri/Desktop/BestBefore/BestBefore_V2/ios/BestBefore_Prototype_IOS/BestBefore_Prototype_IOS/RoamingView.swift /Users/aryazaeri/Desktop/BestBefore/BestBefore_V2/ios/BestBefore_Prototype_IOS/BestBefore_Prototype_IOS/RoomDetailView.swift /Users/aryazaeri/Desktop/BestBefore/BestBefore_V2/ios/BestBefore_Prototype_IOS/BestBefore_Prototype_IOS/RoomInfoSheet.swift /Users/aryazaeri/Desktop/BestBefore/BestBefore_V2/ios/BestBefore_Prototype_IOS/BestBefore_Prototype_IOS/RoomObject.swift /Users/aryazaeri/Desktop/BestBefore/BestBefore_V2/ios/BestBefore_Prototype_IOS/BestBefore_Prototype_IOS/SignupView.swift /Users/aryazaeri/Desktop/BestBefore/BestBefore_V2/ios/BestBefore_Prototype_IOS/BestBefore_Prototype_IOS/UIComponents.swift /Users/aryazaeri/Desktop/BestBefore/BestBefore_V2/ios/BestBefore_Prototype_IOS/BestBefore_Prototype_IOS/VerificationView.swift /Users/aryazaeri/Library/Developer/Xcode/DerivedData/BestBefore_Prototype_IOS-gbnddpnjsvathjdutdcktjqecxgh/Build/Intermediates.noindex/BestBefore_Prototype_IOS.build/Debug-iphonesimulator/BestBefore_Prototype_IOS.build/DerivedSources/CoreDataGenerated/BestBefore_Prototype_IOS/Item+CoreDataClass.swift /Users/aryazaeri/Library/Developer/Xcode/DerivedData/BestBefore_Prototype_IOS-gbnddpnjsvathjdutdcktjqecxgh/Build/Intermediates.noindex/BestBefore_Prototype_IOS.build/Debug-iphonesimulator/BestBefore_Prototype_IOS.build/DerivedSources/CoreDataGenerated/BestBefore_Prototype_IOS/Item+CoreDataProperties.swift /Users/aryazaeri/Library/Developer/Xcode/DerivedData/BestBefore_Prototype_IOS-gbnddpnjsvathjdutdcktjqecxgh/Build/Intermediates.noindex/BestBefore_Prototype_IOS.build/Debug-iphonesimulator/BestBefore_Prototype_IOS.build/DerivedSources/CoreDataGenerated/BestBefore_Prototype_IOS/BestBefore_Prototype_IOS+CoreDataModel.swift /Users/aryazaeri/Library/Developer/Xcode/DerivedData/BestBefore_Prototype_IOS-gbnddpnjsvathjdutdcktjqecxgh/Build/Intermediates.noindex/BestBefore_Prototype_IOS.build/Debug-iphonesimulator/BestBefore_Prototype_IOS.build/DerivedSources/GeneratedAssetSymbols.swift -target arm64-apple-ios17.0-simulator -module-can-import-version DeveloperToolsSupport 23.0.4 23.0.4 -module-can-import-version SwiftUI 7.2.5.1 7.2.5 -module-can-import-version UIKit 9126.2.4.1 9126.2.4 -disable-cross-import-overlay-search -swift-module-cross-import CoreData /Applications/Xcode.app/Contents/Developer/Platforms/iPhoneSimulator.platform/Developer/SDKs/iPhoneSimulator.sdk/System/Library/Frameworks/CoreData.framework/Modules/CoreData.swiftcrossimport/CloudKit.swiftoverlay -swift-module-cross-import CoreData /Applications/Xcode.app/Contents/Developer/Platforms/iPhoneSimulator.platform/Developer/SDKs/iPhoneSimulator26.2.sdk/System/Library/Frameworks/CoreData.framework/Modules/CoreData.swiftcrossimport/CloudKit.swiftoverlay -swift-module-cross-import PhotosUI /Applications/Xcode.app/Contents/Developer/Platforms/iPhoneSimulator.platform/Developer/SDKs/iPhoneSimulator.sdk/System/Library/Frameworks/PhotosUI.framework/Modules/PhotosUI.swiftcrossimport/SwiftUI.swiftoverlay -swift-module-cross-import PhotosUI /Applications/Xcode.app/Contents/Developer/Platforms/iPhoneSimulator.platform/Developer/SDKs/iPhoneSimulator.sdk/System/Library/Frameworks/PhotosUI.framework/Modules/PhotosUI.swiftcrossimport/WidgetKit.swiftoverlay -swift-module-cross-import PhotosUI /Applications/Xcode.app/Contents/Developer/Platforms/iPhoneSimulator.platform/Developer/SDKs/iPhoneSimulator26.2.sdk/System/Library/Frameworks/PhotosUI.framework/Modules/PhotosUI.swiftcrossimport/SwiftUI.swiftoverlay -swift-module-cross-import PhotosUI /Applications/Xcode.app/Contents/Developer/Platforms/iPhoneSimulator.platform/Developer/SDKs/iPhoneSimulator26.2.sdk/System/Library/Frameworks/PhotosUI.framework/Modules/PhotosUI.swiftcrossimport/WidgetKit.swiftoverlay -load-resolved-plugin /Applications/Xcode.app/Contents/Developer/Platforms/iPhoneOS.platform/Developer/usr/lib/swift/host/plugins/libFoundationMacros.dylib\#/Applications/Xcode.app/Contents/Developer/Platforms/iPhoneOS.platform/Developer/usr/bin/swift-plugin-server\#FoundationMacros -load-resolved-plugin /Applications/Xcode.app/Contents/Developer/Platforms/iPhoneOS.platform/Developer/usr/lib/swift/host/plugins/libObservationMacros.dylib\#/Applications/Xcode.app/Contents/Developer/Platforms/iPhoneOS.platform/Developer/usr/bin/swift-plugin-server\#ObservationMacros -load-resolved-plugin /Applications/Xcode.app/Contents/Developer/Platforms/iPhoneOS.platform/Developer/usr/lib/swift/host/plugins/libPreviewsMacros.dylib\#/Applications/Xcode.app/Contents/Developer/Platforms/iPhoneOS.platform/Developer/usr/bin/swift-plugin-server\#PreviewsMacros -load-resolved-plugin /Applications/Xcode.app/Contents/Developer/Platforms/iPhoneOS.platform/Developer/usr/lib/swift/host/plugins/libSwiftMacros.dylib\#/Applications/Xcode.app/Contents/Developer/Platforms/iPhoneOS.platform/Developer/usr/bin/swift-plugin-server\#SwiftMacros -load-resolved-plugin /Applications/Xcode.app/Contents/Developer/Platforms/iPhoneOS.platform/Developer/usr/lib/swift/host/plugins/libSwiftUIMacros.dylib\#/Applications/Xcode.app/Contents/Developer/Platforms/iPhoneOS.platform/Developer/usr/bin/swift-plugin-server\#SwiftUIMacros -disable-implicit-swift-modules -Xcc -fno-implicit-modules -Xcc -fno-implicit-module-maps -explicit-swift-module-map-file /Users/aryazaeri/Library/Developer/Xcode/DerivedData/BestBefore_Prototype_IOS-gbnddpnjsvathjdutdcktjqecxgh/Build/Intermediates.noindex/BestBefore_Prototype_IOS.build/Debug-iphonesimulator/BestBefore_Prototype_IOS.build/Objects-normal/arm64/BestBefore_Prototype_IOS-dependencies-2.json -Xllvm -aarch64-use-tbi -enable-objc-interop -sdk /Applications/Xcode.app/Contents/Developer/Platforms/iPhoneSimulator.platform/Developer/SDKs/iPhoneSimulator26.2.sdk -I /Users/aryazaeri/Library/Developer/Xcode/DerivedData/BestBefore_Prototype_IOS-gbnddpnjsvathjdutdcktjqecxgh/Build/Products/Debug-iphonesimulator -F /Users/aryazaeri/Library/Developer/Xcode/DerivedData/BestBefore_Prototype_IOS-gbnddpnjsvathjdutdcktjqecxgh/Build/Products/Debug-iphonesimulator/PackageFrameworks -F /Users/aryazaeri/Library/Developer/Xcode/DerivedData/BestBefore_Prototype_IOS-gbnddpnjsvathjdutdcktjqecxgh/Build/Products/Debug-iphonesimulator/PackageFrameworks -F /Users/aryazaeri/Library/Developer/Xcode/DerivedData/BestBefore_Prototype_IOS-gbnddpnjsvathjdutdcktjqecxgh/Build/Products/Debug-iphonesimulator/PackageFrameworks -F /Users/aryazaeri/Library/Developer/Xcode/DerivedData/BestBefore_Prototype_IOS-gbnddpnjsvathjdutdcktjqecxgh/Build/Products/Debug-iphonesimulator/PackageFrameworks -F /Users/aryazaeri/Library/Developer/Xcode/DerivedData/BestBefore_Prototype_IOS-gbnddpnjsvathjdutdcktjqecxgh/Build/Products/Debug-iphonesimulator/PackageFrameworks -F /Users/aryazaeri/Library/Developer/Xcode/DerivedData/BestBefore_Prototype_IOS-gbnddpnjsvathjdutdcktjqecxgh/Build/Products/Debug-iphonesimulator/PackageFrameworks -F /Users/aryazaeri/Library/Developer/Xcode/DerivedData/BestBefore_Prototype_IOS-gbnddpnjsvathjdutdcktjqecxgh/Build/Products/Debug-iphonesimulator/PackageFrameworks -F /Users/aryazaeri/Library/Developer/Xcode/DerivedData/BestBefore_Prototype_IOS-gbnddpnjsvathjdutdcktjqecxgh/Build/Products/Debug-iphonesimulator/PackageFrameworks -F /Users/aryazaeri/Library/Developer/Xcode/DerivedData/BestBefore_Prototype_IOS-gbnddpnjsvathjdutdcktjqecxgh/Build/Products/Debug-iphonesimulator/PackageFrameworks -F /Users/aryazaeri/Library/Developer/Xcode/DerivedData/BestBefore_Prototype_IOS-gbnddpnjsvathjdutdcktjqecxgh/Build/Products/Debug-iphonesimulator/PackageFrameworks -F /Users/aryazaeri/Library/Developer/Xcode/DerivedData/BestBefore_Prototype_IOS-gbnddpnjsvathjdutdcktjqecxgh/Build/Products/Debug-iphonesimulator/PackageFrameworks -F /Users/aryazaeri/Library/Developer/Xcode/DerivedData/BestBefore_Prototype_IOS-gbnddpnjsvathjdutdcktjqecxgh/Build/Products/Debug-iphonesimulator/PackageFrameworks -F /Users/aryazaeri/Library/Developer/Xcode/DerivedData/BestBefore_Prototype_IOS-gbnddpnjsvathjdutdcktjqecxgh/Build/Products/Debug-iphonesimulator/PackageFrameworks -F /Users/aryazaeri/Library/Developer/Xcode/DerivedData/BestBefore_Prototype_IOS-gbnddpnjsvathjdutdcktjqecxgh/Build/Products/Debug-iphonesimulator/PackageFrameworks -F /Users/aryazaeri/Library/Developer/Xcode/DerivedData/BestBefore_Prototype_IOS-gbnddpnjsvathjdutdcktjqecxgh/Build/Products/Debug-iphonesimulator/PackageFrameworks -F /Users/aryazaeri/Library/Developer/Xcode/DerivedData/BestBefore_Prototype_IOS-gbnddpnjsvathjdutdcktjqecxgh/Build/Products/Debug-iphonesimulator/PackageFrameworks -F /Users/aryazaeri/Library/Developer/Xcode/DerivedData/BestBefore_Prototype_IOS-gbnddpnjsvathjdutdcktjqecxgh/Build/Products/Debug-iphonesimulator/PackageFrameworks -F /Users/aryazaeri/Library/Developer/Xcode/DerivedData/BestBefore_Prototype_IOS-gbnddpnjsvathjdutdcktjqecxgh/Build/Products/Debug-iphonesimulator/PackageFrameworks -F /Users/aryazaeri/Library/Developer/Xcode/DerivedData/BestBefore_Prototype_IOS-gbnddpnjsvathjdutdcktjqecxgh/Build/Products/Debug-iphonesimulator -no-color-diagnostics -Xcc -fno-color-diagnostics -enable-testing -g -debug-info-format\=dwarf -dwarf-version\=4 -module-cache-path /Users/aryazaeri/Library/Developer/Xcode/DerivedData/BestBefore_Prototype_IOS-gbnddpnjsvathjdutdcktjqecxgh/Build/Intermediates.noindex/SwiftExplicitPrecompiledModules -swift-version 5 -enforce-exclusivity\=checked -Onone -D DEBUG -serialize-debugging-options -const-gather-protocols-file /Users/aryazaeri/Library/Developer/Xcode/DerivedData/BestBefore_Prototype_IOS-gbnddpnjsvathjdutdcktjqecxgh/Build/Intermediates.noindex/BestBefore_Prototype_IOS.build/Debug-iphonesimulator/BestBefore_Prototype_IOS.build/Objects-normal/arm64/BestBefore_Prototype_IOS_const_extract_protocols.json -enable-upcoming-feature DisableOutwardActorInference -enable-upcoming-feature InferSendableFromCaptures -enable-upcoming-feature GlobalActorIsolatedTypesUsability -enable-upcoming-feature MemberImportVisibility -enable-upcoming-feature InferIsolatedConformances -enable-upcoming-feature NonisolatedNonsendingByDefault -enable-experimental-feature DebugDescriptionMacro -enable-bare-slash-regex -default-isolation\=MainActor -empty-abi-descriptor -validate-clang-modules-once -clang-build-session-file /Users/aryazaeri/Library/Developer/Xcode/DerivedData/ModuleCache.noindex/Session.modulevalidation -Xcc -working-directory -Xcc /Users/aryazaeri/Desktop/BestBefore/BestBefore_V2/ios/BestBefore_Prototype_IOS -enable-anonymous-context-mangled-names -file-compilation-dir /Users/aryazaeri/Desktop/BestBefore/BestBefore_V2/ios/BestBefore_Prototype_IOS -Xcc -fmodule-map-file\=/Users/aryazaeri/Library/Developer/Xcode/DerivedData/BestBefore_Prototype_IOS-gbnddpnjsvathjdutdcktjqecxgh/Build/Intermediates.noindex/GeneratedModuleMaps-iphonesimulator/RecaptchaInterop.modulemap -Xcc -fmodule-map-file\=/Users/aryazaeri/Library/Developer/Xcode/DerivedData/BestBefore_Prototype_IOS-gbnddpnjsvathjdutdcktjqecxgh/Build/Intermediates.noindex/GeneratedModuleMaps-iphonesimulator/GoogleUtilities-Network.modulemap -Xcc -fmodule-map-file\=/Users/aryazaeri/Library/Developer/Xcode/DerivedData/BestBefore_Prototype_IOS-gbnddpnjsvathjdutdcktjqecxgh/Build/Intermediates.noindex/GeneratedModuleMaps-iphonesimulator/GoogleUtilities-Reachability.modulemap -Xcc -fmodule-map-file\=/Users/aryazaeri/Library/Developer/Xcode/DerivedData/BestBefore_Prototype_IOS-gbnddpnjsvathjdutdcktjqecxgh/Build/Intermediates.noindex/GeneratedModuleMaps-iphonesimulator/GoogleUtilities-NSData.modulemap -Xcc -fmodule-map-file\=/Users/aryazaeri/Library/Developer/Xcode/DerivedData/BestBefore_Prototype_IOS-gbnddpnjsvathjdutdcktjqecxgh/Build/Intermediates.noindex/GeneratedModuleMaps-iphonesimulator/GoogleUtilities-Logger.modulemap -Xcc -fmodule-map-file\=/Users/aryazaeri/Library/Developer/Xcode/DerivedData/BestBefore_Prototype_IOS-gbnddpnjsvathjdutdcktjqecxgh/Build/Intermediates.noindex/GeneratedModuleMaps-iphonesimulator/GoogleUtilities-Environment.modulemap -Xcc -fmodule-map-file\=/Users/aryazaeri/Library/Developer/Xcode/DerivedData/BestBefore_Prototype_IOS-gbnddpnjsvathjdutdcktjqecxgh/Build/Intermediates.noindex/GeneratedModuleMaps-iphonesimulator/third-party-IsAppEncrypted.modulemap -Xcc -fmodule-map-file\=/Users/aryazaeri/Library/Developer/Xcode/DerivedData/BestBefore_Prototype_IOS-gbnddpnjsvathjdutdcktjqecxgh/Build/Intermediates.noindex/GeneratedModuleMaps-iphonesimulator/GoogleUtilities-AppDelegateSwizzler.modulemap -Xcc -fmodule-map-file\=/Users/aryazaeri/Library/Developer/Xcode/DerivedData/BestBefore_Prototype_IOS-gbnddpnjsvathjdutdcktjqecxgh/Build/Intermediates.noindex/GeneratedModuleMaps-iphonesimulator/GTMSessionFetcherCore.modulemap -Xcc -fmodule-map-file\=/Users/aryazaeri/Library/Developer/Xcode/DerivedData/BestBefore_Prototype_IOS-gbnddpnjsvathjdutdcktjqecxgh/Build/Intermediates.noindex/GeneratedModuleMaps-iphonesimulator/FirebaseCoreExtension.modulemap -Xcc -fmodule-map-file\=/Users/aryazaeri/Library/Developer/Xcode/DerivedData/BestBefore_Prototype_IOS-gbnddpnjsvathjdutdcktjqecxgh/Build/Intermediates.noindex/GeneratedModuleMaps-iphonesimulator/FirebaseCore.modulemap -Xcc -fmodule-map-file\=/Users/aryazaeri/Library/Developer/Xcode/DerivedData/BestBefore_Prototype_IOS-gbnddpnjsvathjdutdcktjqecxgh/Build/Intermediates.noindex/GeneratedModuleMaps-iphonesimulator/FirebaseAuthInternal.modulemap -Xcc -fmodule-map-file\=/Users/aryazaeri/Library/Developer/Xcode/DerivedData/BestBefore_Prototype_IOS-gbnddpnjsvathjdutdcktjqecxgh/Build/Intermediates.noindex/GeneratedModuleMaps-iphonesimulator/FirebaseAuthInterop.modulemap -Xcc -fmodule-map-file\=/Users/aryazaeri/Library/Developer/Xcode/DerivedData/BestBefore_Prototype_IOS-gbnddpnjsvathjdutdcktjqecxgh/Build/Intermediates.noindex/GeneratedModuleMaps-iphonesimulator/FirebaseAppCheckInterop.modulemap -Xcc -D_LIBCPP_HARDENING_MODE\=_LIBCPP_HARDENING_MODE_DEBUG -Xcc -ivfsstatcache -Xcc /Users/aryazaeri/Library/Developer/Xcode/DerivedData/SDKStatCaches.noindex/iphonesimulator26.2-23C53-7d00a8b37fbd7999ea79df8ebc024bf0.sdkstatcache -Xcc -I/Users/aryazaeri/Library/Developer/Xcode/DerivedData/BestBefore_Prototype_IOS-gbnddpnjsvathjdutdcktjqecxgh/Build/Intermediates.noindex/BestBefore_Prototype_IOS.build/Debug-iphonesimulator/BestBefore_Prototype_IOS.build/swift-overrides.hmap -Xcc -iquote -Xcc /Users/aryazaeri/Library/Developer/Xcode/DerivedData/BestBefore_Prototype_IOS-gbnddpnjsvathjdutdcktjqecxgh/Build/Intermediates.noindex/BestBefore_Prototype_IOS.build/Debug-iphonesimulator/BestBefore_Prototype_IOS.build/BestBefore_Prototype_IOS-generated-files.hmap -Xcc -I/Users/aryazaeri/Library/Developer/Xcode/DerivedData/BestBefore_Prototype_IOS-gbnddpnjsvathjdutdcktjqecxgh/Build/Intermediates.noindex/BestBefore_Prototype_IOS.build/Debug-iphonesimulator/BestBefore_Prototype_IOS.build/BestBefore_Prototype_IOS-own-target-headers.hmap -Xcc -I/Users/aryazaeri/Library/Developer/Xcode/DerivedData/BestBefore_Prototype_IOS-gbnddpnjsvathjdutdcktjqecxgh/Build/Intermediates.noindex/BestBefore_Prototype_IOS.build/Debug-iphonesimulator/BestBefore_Prototype_IOS.build/BestBefore_Prototype_IOS-all-non-framework-target-headers.hmap -Xcc -ivfsoverlay -Xcc /Users/aryazaeri/Library/Developer/Xcode/DerivedData/BestBefore_Prototype_IOS-gbnddpnjsvathjdutdcktjqecxgh/Build/Intermediates.noindex/BestBefore_Prototype_IOS.build/Debug-iphonesimulator/BestBefore_Prototype_IOS-0d148ab7edcafde1a52dd57ef23ecfde-VFS-iphonesimulator/all-product-headers.yaml -Xcc -iquote -Xcc /Users/aryazaeri/Library/Developer/Xcode/DerivedData/BestBefore_Prototype_IOS-gbnddpnjsvathjdutdcktjqecxgh/Build/Intermediates.noindex/BestBefore_Prototype_IOS.build/Debug-iphonesimulator/BestBefore_Prototype_IOS.build/BestBefore_Prototype_IOS-project-headers.hmap -Xcc -I/Users/aryazaeri/Library/Developer/Xcode/DerivedData/BestBefore_Prototype_IOS-gbnddpnjsvathjdutdcktjqecxgh/SourcePackages/checkouts/interop-ios-for-google-sdks/RecaptchaEnterprise/RecaptchaInterop/Public -Xcc -I/Users/aryazaeri/Library/Developer/Xcode/DerivedData/BestBefore_Prototype_IOS-gbnddpnjsvathjdutdcktjqecxgh/SourcePackages/checkouts/GoogleUtilities/GoogleUtilities/Network/Public -Xcc -I/Users/aryazaeri/Library/Developer/Xcode/DerivedData/BestBefore_Prototype_IOS-gbnddpnjsvathjdutdcktjqecxgh/SourcePackages/checkouts/GoogleUtilities/GoogleUtilities/Reachability/Public -Xcc -I/Users/aryazaeri/Library/Developer/Xcode/DerivedData/BestBefore_Prototype_IOS-gbnddpnjsvathjdutdcktjqecxgh/SourcePackages/checkouts/GoogleUtilities/GoogleUtilities/NSData+zlib/Public -Xcc -I/Users/aryazaeri/Library/Developer/Xcode/DerivedData/BestBefore_Prototype_IOS-gbnddpnjsvathjdutdcktjqecxgh/SourcePackages/checkouts/GoogleUtilities/GoogleUtilities/Logger/Public -Xcc -I/Users/aryazaeri/Library/Developer/Xcode/DerivedData/BestBefore_Prototype_IOS-gbnddpnjsvathjdutdcktjqecxgh/SourcePackages/checkouts/GoogleUtilities/GoogleUtilities/Environment/Public -Xcc -I/Users/aryazaeri/Library/Developer/Xcode/DerivedData/BestBefore_Prototype_IOS-gbnddpnjsvathjdutdcktjqecxgh/SourcePackages/checkouts/GoogleUtilities/third_party/IsAppEncrypted/Public -Xcc -I/Users/aryazaeri/Library/Developer/Xcode/DerivedData/BestBefore_Prototype_IOS-gbnddpnjsvathjdutdcktjqecxgh/SourcePackages/checkouts/GoogleUtilities/GoogleUtilities/AppDelegateSwizzler/Public -Xcc -I/Users/aryazaeri/Library/Developer/Xcode/DerivedData/BestBefore_Prototype_IOS-gbnddpnjsvathjdutdcktjqecxgh/SourcePackages/checkouts/gtm-session-fetcher/Sources/Core/Public -Xcc -I/Users/aryazaeri/Library/Developer/Xcode/DerivedData/BestBefore_Prototype_IOS-gbnddpnjsvathjdutdcktjqecxgh/SourcePackages/checkouts/firebase-ios-sdk/FirebaseCore/Extension -Xcc -I/Users/aryazaeri/Library/Developer/Xcode/DerivedData/BestBefore_Prototype_IOS-gbnddpnjsvathjdutdcktjqecxgh/SourcePackages/checkouts/firebase-ios-sdk/FirebaseCore/Sources/Public -Xcc -I/Users/aryazaeri/Library/Developer/Xcode/DerivedData/BestBefore_Prototype_IOS-gbnddpnjsvathjdutdcktjqecxgh/SourcePackages/checkouts/firebase-ios-sdk/CoreOnly/Sources -Xcc -I/Users/aryazaeri/Library/Developer/Xcode/DerivedData/BestBefore_Prototype_IOS-gbnddpnjsvathjdutdcktjqecxgh/SourcePackages/checkouts/firebase-ios-sdk/FirebaseAuth/Sources/Public -Xcc -I/Users/aryazaeri/Library/Developer/Xcode/DerivedData/BestBefore_Prototype_IOS-gbnddpnjsvathjdutdcktjqecxgh/SourcePackages/checkouts/firebase-ios-sdk/FirebaseAuth/Interop/Public -Xcc -I/Users/aryazaeri/Library/Developer/Xcode/DerivedData/BestBefore_Prototype_IOS-gbnddpnjsvathjdutdcktjqecxgh/SourcePackages/checkouts/firebase-ios-sdk/FirebaseAppCheck/Interop/Public -Xcc -I/Users/aryazaeri/Library/Developer/Xcode/DerivedData/BestBefore_Prototype_IOS-gbnddpnjsvathjdutdcktjqecxgh/Build/Products/Debug-iphonesimulator/include -Xcc -I/Users/aryazaeri/Library/Developer/Xcode/DerivedData/BestBefore_Prototype_IOS-gbnddpnjsvathjdutdcktjqecxgh/Build/Intermediates.noindex/BestBefore_Prototype_IOS.build/Debug-iphonesimulator/BestBefore_Prototype_IOS.build/DerivedSources-normal/arm64 -Xcc -I/Users/aryazaeri/Library/Developer/Xcode/DerivedData/BestBefore_Prototype_IOS-gbnddpnjsvathjdutdcktjqecxgh/Build/Intermediates.noindex/BestBefore_Prototype_IOS.build/Debug-iphonesimulator/BestBefore_Prototype_IOS.build/DerivedSources/arm64 -Xcc -I/Users/aryazaeri/Library/Developer/Xcode/DerivedData/BestBefore_Prototype_IOS-gbnddpnjsvathjdutdcktjqecxgh/Build/Intermediates.noindex/BestBefore_Prototype_IOS.build/Debug-iphonesimulator/BestBefore_Prototype_IOS.build/DerivedSources -Xcc -DDEBUG\=1 -no-auto-bridging-header-chaining -module-name BestBefore_Prototype_IOS -frontend-parseable-output -disable-clang-spi -target-sdk-version 26.2 -target-sdk-name iphonesimulator26.2 -clang-target arm64-apple-ios26.2-simulator -in-process-plugin-server-path /Applications/Xcode.app/Contents/Developer/Toolchains/XcodeDefault.xctoolchain/usr/lib/swift/host/libSwiftInProcPluginServer.dylib -emit-module-doc-path /Users/aryazaeri/Library/Developer/Xcode/DerivedData/BestBefore_Prototype_IOS-gbnddpnjsvathjdutdcktjqecxgh/Build/Intermediates.noindex/BestBefore_Prototype_IOS.build/Debug-iphonesimulator/BestBefore_Prototype_IOS.build/Objects-normal/arm64/BestBefore_Prototype_IOS.swiftdoc -emit-module-source-info-path /Users/aryazaeri/Library/Developer/Xcode/DerivedData/BestBefore_Prototype_IOS-gbnddpnjsvathjdutdcktjqecxgh/Build/Intermediates.noindex/BestBefore_Prototype_IOS.build/Debug-iphonesimulator/BestBefore_Prototype_IOS.build/Objects-normal/arm64/BestBefore_Prototype_IOS.swiftsourceinfo -emit-objc-header-path /Users/aryazaeri/Library/Developer/Xcode/DerivedData/BestBefore_Prototype_IOS-gbnddpnjsvathjdutdcktjqecxgh/Build/Intermediates.noindex/BestBefore_Prototype_IOS.build/Debug-iphonesimulator/BestBefore_Prototype_IOS.build/Objects-normal/arm64/BestBefore_Prototype_IOS-Swift.h -serialize-diagnostics-path /Users/aryazaeri/Library/Developer/Xcode/DerivedData/BestBefore_Prototype_IOS-gbnddpnjsvathjdutdcktjqecxgh/Build/Intermediates.noindex/BestBefore_Prototype_IOS.build/Debug-iphonesimulator/BestBefore_Prototype_IOS.build/Objects-normal/arm64/BestBefore_Prototype_IOS-primary-emit-module.dia -emit-dependencies-path /Users/aryazaeri/Library/Developer/Xcode/DerivedData/BestBefore_Prototype_IOS-gbnddpnjsvathjdutdcktjqecxgh/Build/Intermediates.noindex/BestBefore_Prototype_IOS.build/Debug-iphonesimulator/BestBefore_Prototype_IOS.build/Objects-normal/arm64/BestBefore_Prototype_IOS-primary-emit-module.d -o /Users/aryazaeri/Library/Developer/Xcode/DerivedData/BestBefore_Prototype_IOS-gbnddpnjsvathjdutdcktjqecxgh/Build/Intermediates.noindex/BestBefore_Prototype_IOS.build/Debug-iphonesimulator/BestBefore_Prototype_IOS.build/Objects-normal/arm64/BestBefore_Prototype_IOS.swiftmodule -emit-abi-descriptor-path /Users/aryazaeri/Library/Developer/Xcode/DerivedData/BestBefore_Prototype_IOS-gbnddpnjsvathjdutdcktjqecxgh/Build/Intermediates.noindex/BestBefore_Prototype_IOS.build/Debug-iphonesimulator/BestBefore_Prototype_IOS.build/Objects-normal/arm64/BestBefore_Prototype_IOS.abi.json
SwiftCompile normal arm64 Compiling\ RoomInfoSheet.swift,\ RoomObject.swift,\ SignupView.swift /Users/aryazaeri/Desktop/BestBefore/BestBefore_V2/ios/BestBefore_Prototype_IOS/BestBefore_Prototype_IOS/RoomInfoSheet.swift /Users/aryazaeri/Desktop/BestBefore/BestBefore_V2/ios/BestBefore_Prototype_IOS/BestBefore_Prototype_IOS/RoomObject.swift /Users/aryazaeri/Desktop/BestBefore/BestBefore_V2/ios/BestBefore_Prototype_IOS/BestBefore_Prototype_IOS/SignupView.swift (in target 'BestBefore_Prototype_IOS' from project 'BestBefore_Prototype_IOS')
SwiftCompile normal arm64 /Users/aryazaeri/Desktop/BestBefore/BestBefore_V2/ios/BestBefore_Prototype_IOS/BestBefore_Prototype_IOS/RoomInfoSheet.swift (in target 'BestBefore_Prototype_IOS' from project 'BestBefore_Prototype_IOS')
    cd /Users/aryazaeri/Desktop/BestBefore/BestBefore_V2/ios/BestBefore_Prototype_IOS
    

SwiftCompile normal arm64 /Users/aryazaeri/Desktop/BestBefore/BestBefore_V2/ios/BestBefore_Prototype_IOS/BestBefore_Prototype_IOS/RoomObject.swift (in target 'BestBefore_Prototype_IOS' from project 'BestBefore_Prototype_IOS')
    cd /Users/aryazaeri/Desktop/BestBefore/BestBefore_V2/ios/BestBefore_Prototype_IOS
    

SwiftCompile normal arm64 /Users/aryazaeri/Desktop/BestBefore/BestBefore_V2/ios/BestBefore_Prototype_IOS/BestBefore_Prototype_IOS/SignupView.swift (in target 'BestBefore_Prototype_IOS' from project 'BestBefore_Prototype_IOS')
    cd /Users/aryazaeri/Desktop/BestBefore/BestBefore_V2/ios/BestBefore_Prototype_IOS
    

SwiftCompile normal arm64 Compiling\ EditRoomView.swift,\ EmailValidator.swift,\ Extensions.swift,\ HallwayView.swift /Users/aryazaeri/Desktop/BestBefore/BestBefore_V2/ios/BestBefore_Prototype_IOS/BestBefore_Prototype_IOS/EditRoomView.swift /Users/aryazaeri/Desktop/BestBefore/BestBefore_V2/ios/BestBefore_Prototype_IOS/BestBefore_Prototype_IOS/EmailValidator.swift /Users/aryazaeri/Desktop/BestBefore/BestBefore_V2/ios/BestBefore_Prototype_IOS/BestBefore_Prototype_IOS/Extensions.swift /Users/aryazaeri/Desktop/BestBefore/BestBefore_V2/ios/BestBefore_Prototype_IOS/BestBefore_Prototype_IOS/HallwayView.swift (in target 'BestBefore_Prototype_IOS' from project 'BestBefore_Prototype_IOS')
SwiftCompile normal arm64 /Users/aryazaeri/Desktop/BestBefore/BestBefore_V2/ios/BestBefore_Prototype_IOS/BestBefore_Prototype_IOS/EditRoomView.swift (in target 'BestBefore_Prototype_IOS' from project 'BestBefore_Prototype_IOS')
    cd /Users/aryazaeri/Desktop/BestBefore/BestBefore_V2/ios/BestBefore_Prototype_IOS
    

SwiftCompile normal arm64 /Users/aryazaeri/Desktop/BestBefore/BestBefore_V2/ios/BestBefore_Prototype_IOS/BestBefore_Prototype_IOS/EmailValidator.swift (in target 'BestBefore_Prototype_IOS' from project 'BestBefore_Prototype_IOS')
    cd /Users/aryazaeri/Desktop/BestBefore/BestBefore_V2/ios/BestBefore_Prototype_IOS
    

SwiftCompile normal arm64 /Users/aryazaeri/Desktop/BestBefore/BestBefore_V2/ios/BestBefore_Prototype_IOS/BestBefore_Prototype_IOS/Extensions.swift (in target 'BestBefore_Prototype_IOS' from project 'BestBefore_Prototype_IOS')
    cd /Users/aryazaeri/Desktop/BestBefore/BestBefore_V2/ios/BestBefore_Prototype_IOS
    

SwiftCompile normal arm64 /Users/aryazaeri/Desktop/BestBefore/BestBefore_V2/ios/BestBefore_Prototype_IOS/BestBefore_Prototype_IOS/HallwayView.swift (in target 'BestBefore_Prototype_IOS' from project 'BestBefore_Prototype_IOS')
    cd /Users/aryazaeri/Desktop/BestBefore/BestBefore_V2/ios/BestBefore_Prototype_IOS
    

SwiftCompile normal arm64 Compiling\ AnimatedBackgroundView.swift,\ AudioManager.swift,\ AuthService.swift,\ BestBefore_Prototype_IOSApp.swift /Users/aryazaeri/Desktop/BestBefore/BestBefore_V2/ios/BestBefore_Prototype_IOS/BestBefore_Prototype_IOS/AnimatedBackgroundView.swift /Users/aryazaeri/Desktop/BestBefore/BestBefore_V2/ios/BestBefore_Prototype_IOS/BestBefore_Prototype_IOS/AudioManager.swift /Users/aryazaeri/Desktop/BestBefore/BestBefore_V2/ios/BestBefore_Prototype_IOS/BestBefore_Prototype_IOS/AuthService.swift /Users/aryazaeri/Desktop/BestBefore/BestBefore_V2/ios/BestBefore_Prototype_IOS/BestBefore_Prototype_IOS/BestBefore_Prototype_IOSApp.swift (in target 'BestBefore_Prototype_IOS' from project 'BestBefore_Prototype_IOS')

SwiftCompile normal arm64 /Users/aryazaeri/Desktop/BestBefore/BestBefore_V2/ios/BestBefore_Prototype_IOS/BestBefore_Prototype_IOS/AnimatedBackgroundView.swift (in target 'BestBefore_Prototype_IOS' from project 'BestBefore_Prototype_IOS')
    cd /Users/aryazaeri/Desktop/BestBefore/BestBefore_V2/ios/BestBefore_Prototype_IOS
    

SwiftCompile normal arm64 /Users/aryazaeri/Desktop/BestBefore/BestBefore_V2/ios/BestBefore_Prototype_IOS/BestBefore_Prototype_IOS/AudioManager.swift (in target 'BestBefore_Prototype_IOS' from project 'BestBefore_Prototype_IOS')
    cd /Users/aryazaeri/Desktop/BestBefore/BestBefore_V2/ios/BestBefore_Prototype_IOS
    

SwiftCompile normal arm64 /Users/aryazaeri/Desktop/BestBefore/BestBefore_V2/ios/BestBefore_Prototype_IOS/BestBefore_Prototype_IOS/AuthService.swift (in target 'BestBefore_Prototype_IOS' from project 'BestBefore_Prototype_IOS')
    cd /Users/aryazaeri/Desktop/BestBefore/BestBefore_V2/ios/BestBefore_Prototype_IOS
    

SwiftCompile normal arm64 /Users/aryazaeri/Desktop/BestBefore/BestBefore_V2/ios/BestBefore_Prototype_IOS/BestBefore_Prototype_IOS/BestBefore_Prototype_IOSApp.swift (in target 'BestBefore_Prototype_IOS' from project 'BestBefore_Prototype_IOS')
    cd /Users/aryazaeri/Desktop/BestBefore/BestBefore_V2/ios/BestBefore_Prototype_IOS
    

SwiftExplicitDependencyGeneratePcm x86_64 /Users/aryazaeri/Library/Developer/Xcode/DerivedData/ModuleCache.noindex/Foundation-AHCEWS9M8TXQ6EO39APNGIZT8.pcm

SwiftExplicitDependencyGeneratePcm x86_64 /Users/aryazaeri/Library/Developer/Xcode/DerivedData/ModuleCache.noindex/ImageIO-5VZWD4XPPFJFZBY17USN9O9BE.pcm

SwiftExplicitDependencyGeneratePcm x86_64 /Users/aryazaeri/Library/Developer/Xcode/DerivedData/ModuleCache.noindex/CoreText-9IL46BP4NFKVJ9IDE8XVN6UD2.pcm

LinkAssetCatalog /Users/aryazaeri/Library/Developer/Xcode/DerivedData/BestBefore_Prototype_IOS-gbnddpnjsvathjdutdcktjqecxgh/SourcePackages/checkouts/Pow/Sources/Pow/Assets.xcassets (in target 'Pow_Pow' from project 'Pow')
    cd /Users/aryazaeri/Library/Developer/Xcode/DerivedData/BestBefore_Prototype_IOS-gbnddpnjsvathjdutdcktjqecxgh/SourcePackages/checkouts/Pow
    builtin-linkAssetCatalog --thinned /Users/aryazaeri/Library/Developer/Xcode/DerivedData/BestBefore_Prototype_IOS-gbnddpnjsvathjdutdcktjqecxgh/Build/Intermediates.noindex/Pow.build/Debug-iphonesimulator/Pow_Pow.build/assetcatalog_output/thinned --thinned-dependencies /Users/aryazaeri/Library/Developer/Xcode/DerivedData/BestBefore_Prototype_IOS-gbnddpnjsvathjdutdcktjqecxgh/Build/Intermediates.noindex/Pow.build/Debug-iphonesimulator/Pow_Pow.build/assetcatalog_dependencies_thinned --thinned-info-plist-content /Users/aryazaeri/Library/Developer/Xcode/DerivedData/BestBefore_Prototype_IOS-gbnddpnjsvathjdutdcktjqecxgh/Build/Intermediates.noindex/Pow.build/Debug-iphonesimulator/Pow_Pow.build/assetcatalog_generated_info.plist_thinned --unthinned /Users/aryazaeri/Library/Developer/Xcode/DerivedData/BestBefore_Prototype_IOS-gbnddpnjsvathjdutdcktjqecxgh/Build/Intermediates.noindex/Pow.build/Debug-iphonesimulator/Pow_Pow.build/assetcatalog_output/unthinned --unthinned-dependencies /Users/aryazaeri/Library/Developer/Xcode/DerivedData/BestBefore_Prototype_IOS-gbnddpnjsvathjdutdcktjqecxgh/Build/Intermediates.noindex/Pow.build/Debug-iphonesimulator/Pow_Pow.build/assetcatalog_dependencies_unthinned --unthinned-info-plist-content /Users/aryazaeri/Library/Developer/Xcode/DerivedData/BestBefore_Prototype_IOS-gbnddpnjsvathjdutdcktjqecxgh/Build/Intermediates.noindex/Pow.build/Debug-iphonesimulator/Pow_Pow.build/assetcatalog_generated_info.plist_unthinned --output /Users/aryazaeri/Library/Developer/Xcode/DerivedData/BestBefore_Prototype_IOS-gbnddpnjsvathjdutdcktjqecxgh/Build/Products/Debug-iphonesimulator/Pow_Pow.bundle --plist-output /Users/aryazaeri/Library/Developer/Xcode/DerivedData/BestBefore_Prototype_IOS-gbnddpnjsvathjdutdcktjqecxgh/Build/Intermediates.noindex/Pow.build/Debug-iphonesimulator/Pow_Pow.build/assetcatalog_generated_info.plist
note: Emplaced /Users/aryazaeri/Library/Developer/Xcode/DerivedData/BestBefore_Prototype_IOS-gbnddpnjsvathjdutdcktjqecxgh/Build/Products/Debug-iphonesimulator/Pow_Pow.bundle/Assets.car (in target 'Pow_Pow' from project 'Pow')

SwiftCompile normal arm64 Compiling\ UIComponents.swift,\ VerificationView.swift,\ Item+CoreDataClass.swift /Users/aryazaeri/Desktop/BestBefore/BestBefore_V2/ios/BestBefore_Prototype_IOS/BestBefore_Prototype_IOS/UIComponents.swift /Users/aryazaeri/Desktop/BestBefore/BestBefore_V2/ios/BestBefore_Prototype_IOS/BestBefore_Prototype_IOS/VerificationView.swift /Users/aryazaeri/Library/Developer/Xcode/DerivedData/BestBefore_Prototype_IOS-gbnddpnjsvathjdutdcktjqecxgh/Build/Intermediates.noindex/BestBefore_Prototype_IOS.build/Debug-iphonesimulator/BestBefore_Prototype_IOS.build/DerivedSources/CoreDataGenerated/BestBefore_Prototype_IOS/Item+CoreDataClass.swift (in target 'BestBefore_Prototype_IOS' from project 'BestBefore_Prototype_IOS')

SwiftCompile normal arm64 /Users/aryazaeri/Desktop/BestBefore/BestBefore_V2/ios/BestBefore_Prototype_IOS/BestBefore_Prototype_IOS/UIComponents.swift (in target 'BestBefore_Prototype_IOS' from project 'BestBefore_Prototype_IOS')
    cd /Users/aryazaeri/Desktop/BestBefore/BestBefore_V2/ios/BestBefore_Prototype_IOS
    

SwiftCompile normal arm64 /Users/aryazaeri/Desktop/BestBefore/BestBefore_V2/ios/BestBefore_Prototype_IOS/BestBefore_Prototype_IOS/VerificationView.swift (in target 'BestBefore_Prototype_IOS' from project 'BestBefore_Prototype_IOS')
    cd /Users/aryazaeri/Desktop/BestBefore/BestBefore_V2/ios/BestBefore_Prototype_IOS
    

SwiftCompile normal arm64 /Users/aryazaeri/Library/Developer/Xcode/DerivedData/BestBefore_Prototype_IOS-gbnddpnjsvathjdutdcktjqecxgh/Build/Intermediates.noindex/BestBefore_Prototype_IOS.build/Debug-iphonesimulator/BestBefore_Prototype_IOS.build/DerivedSources/CoreDataGenerated/BestBefore_Prototype_IOS/Item+CoreDataClass.swift (in target 'BestBefore_Prototype_IOS' from project 'BestBefore_Prototype_IOS')
    cd /Users/aryazaeri/Desktop/BestBefore/BestBefore_V2/ios/BestBefore_Prototype_IOS
    

ProcessInfoPlistFile /Users/aryazaeri/Library/Developer/Xcode/DerivedData/BestBefore_Prototype_IOS-gbnddpnjsvathjdutdcktjqecxgh/Build/Products/Debug-iphonesimulator/Pow_Pow.bundle/Info.plist /Users/aryazaeri/Library/Developer/Xcode/DerivedData/BestBefore_Prototype_IOS-gbnddpnjsvathjdutdcktjqecxgh/Build/Intermediates.noindex/Pow.build/Debug-iphonesimulator/Pow_Pow.build/empty-Pow_Pow.plist (in target 'Pow_Pow' from project 'Pow')
    cd /Users/aryazaeri/Library/Developer/Xcode/DerivedData/BestBefore_Prototype_IOS-gbnddpnjsvathjdutdcktjqecxgh/SourcePackages/checkouts/Pow
    builtin-infoPlistUtility /Users/aryazaeri/Library/Developer/Xcode/DerivedData/BestBefore_Prototype_IOS-gbnddpnjsvathjdutdcktjqecxgh/Build/Intermediates.noindex/Pow.build/Debug-iphonesimulator/Pow_Pow.build/empty-Pow_Pow.plist -producttype com.apple.product-type.bundle -expandbuildsettings -format binary -platform iphonesimulator -additionalcontentfile /Users/aryazaeri/Library/Developer/Xcode/DerivedData/BestBefore_Prototype_IOS-gbnddpnjsvathjdutdcktjqecxgh/Build/Intermediates.noindex/Pow.build/Debug-iphonesimulator/Pow_Pow.build/assetcatalog_generated_info.plist -o /Users/aryazaeri/Library/Developer/Xcode/DerivedData/BestBefore_Prototype_IOS-gbnddpnjsvathjdutdcktjqecxgh/Build/Products/Debug-iphonesimulator/Pow_Pow.bundle/Info.plist

SwiftCompile normal arm64 Compiling\ LoginView.swift,\ MemoryShowroomView.swift,\ MockData.swift,\ OrbMenuPremium.swift /Users/aryazaeri/Desktop/BestBefore/BestBefore_V2/ios/BestBefore_Prototype_IOS/BestBefore_Prototype_IOS/LoginView.swift /Users/aryazaeri/Desktop/BestBefore/BestBefore_V2/ios/BestBefore_Prototype_IOS/BestBefore_Prototype_IOS/MemoryShowroomView.swift /Users/aryazaeri/Desktop/BestBefore/BestBefore_V2/ios/BestBefore_Prototype_IOS/BestBefore_Prototype_IOS/MockData.swift /Users/aryazaeri/Desktop/BestBefore/BestBefore_V2/ios/BestBefore_Prototype_IOS/BestBefore_Prototype_IOS/OrbMenuPremium.swift (in target 'BestBefore_Prototype_IOS' from project 'BestBefore_Prototype_IOS')

SwiftCompile normal arm64 /Users/aryazaeri/Desktop/BestBefore/BestBefore_V2/ios/BestBefore_Prototype_IOS/BestBefore_Prototype_IOS/LoginView.swift (in target 'BestBefore_Prototype_IOS' from project 'BestBefore_Prototype_IOS')
    cd /Users/aryazaeri/Desktop/BestBefore/BestBefore_V2/ios/BestBefore_Prototype_IOS
    

SwiftCompile normal arm64 /Users/aryazaeri/Desktop/BestBefore/BestBefore_V2/ios/BestBefore_Prototype_IOS/BestBefore_Prototype_IOS/MemoryShowroomView.swift (in target 'BestBefore_Prototype_IOS' from project 'BestBefore_Prototype_IOS')
    cd /Users/aryazaeri/Desktop/BestBefore/BestBefore_V2/ios/BestBefore_Prototype_IOS
    

SwiftCompile normal arm64 /Users/aryazaeri/Desktop/BestBefore/BestBefore_V2/ios/BestBefore_Prototype_IOS/BestBefore_Prototype_IOS/MockData.swift (in target 'BestBefore_Prototype_IOS' from project 'BestBefore_Prototype_IOS')
    cd /Users/aryazaeri/Desktop/BestBefore/BestBefore_V2/ios/BestBefore_Prototype_IOS
    

SwiftCompile normal arm64 /Users/aryazaeri/Desktop/BestBefore/BestBefore_V2/ios/BestBefore_Prototype_IOS/BestBefore_Prototype_IOS/OrbMenuPremium.swift (in target 'BestBefore_Prototype_IOS' from project 'BestBefore_Prototype_IOS')
    cd /Users/aryazaeri/Desktop/BestBefore/BestBefore_V2/ios/BestBefore_Prototype_IOS
    

SwiftCompile normal arm64 Compiling\ Persistence.swift,\ ProfileView.swift,\ RoamingView.swift,\ RoomDetailView.swift /Users/aryazaeri/Desktop/BestBefore/BestBefore_V2/ios/BestBefore_Prototype_IOS/BestBefore_Prototype_IOS/Persistence.swift /Users/aryazaeri/Desktop/BestBefore/BestBefore_V2/ios/BestBefore_Prototype_IOS/BestBefore_Prototype_IOS/ProfileView.swift /Users/aryazaeri/Desktop/BestBefore/BestBefore_V2/ios/BestBefore_Prototype_IOS/BestBefore_Prototype_IOS/RoamingView.swift /Users/aryazaeri/Desktop/BestBefore/BestBefore_V2/ios/BestBefore_Prototype_IOS/BestBefore_Prototype_IOS/RoomDetailView.swift (in target 'BestBefore_Prototype_IOS' from project 'BestBefore_Prototype_IOS')

SwiftCompile normal arm64 /Users/aryazaeri/Desktop/BestBefore/BestBefore_V2/ios/BestBefore_Prototype_IOS/BestBefore_Prototype_IOS/Persistence.swift (in target 'BestBefore_Prototype_IOS' from project 'BestBefore_Prototype_IOS')
    cd /Users/aryazaeri/Desktop/BestBefore/BestBefore_V2/ios/BestBefore_Prototype_IOS
    

SwiftCompile normal arm64 /Users/aryazaeri/Desktop/BestBefore/BestBefore_V2/ios/BestBefore_Prototype_IOS/BestBefore_Prototype_IOS/ProfileView.swift (in target 'BestBefore_Prototype_IOS' from project 'BestBefore_Prototype_IOS')
    cd /Users/aryazaeri/Desktop/BestBefore/BestBefore_V2/ios/BestBefore_Prototype_IOS
    

SwiftCompile normal arm64 /Users/aryazaeri/Desktop/BestBefore/BestBefore_V2/ios/BestBefore_Prototype_IOS/BestBefore_Prototype_IOS/RoamingView.swift (in target 'BestBefore_Prototype_IOS' from project 'BestBefore_Prototype_IOS')
    cd /Users/aryazaeri/Desktop/BestBefore/BestBefore_V2/ios/BestBefore_Prototype_IOS
    

SwiftCompile normal arm64 /Users/aryazaeri/Desktop/BestBefore/BestBefore_V2/ios/BestBefore_Prototype_IOS/BestBefore_Prototype_IOS/RoomDetailView.swift (in target 'BestBefore_Prototype_IOS' from project 'BestBefore_Prototype_IOS')
    cd /Users/aryazaeri/Desktop/BestBefore/BestBefore_V2/ios/BestBefore_Prototype_IOS
    

SwiftExplicitDependencyGeneratePcm x86_64 /Users/aryazaeri/Library/Developer/Xcode/DerivedData/ModuleCache.noindex/OpenGLES-C6KT0RR42HHBIE3PTPGLVTX8B.pcm

SwiftExplicitDependencyGeneratePcm x86_64 /Users/aryazaeri/Library/Developer/Xcode/DerivedData/ModuleCache.noindex/Contacts-23Y4EJDTED03824GWRF0IWDLH.pcm

SwiftExplicitDependencyGeneratePcm x86_64 /Users/aryazaeri/Library/Developer/Xcode/DerivedData/ModuleCache.noindex/CoreMIDI-CRXBQA9SL3EC5FTEQS00QPC06.pcm

SwiftExplicitDependencyGeneratePcm x86_64 /Users/aryazaeri/Library/Developer/Xcode/DerivedData/BestBefore_Prototype_IOS-gbnddpnjsvathjdutdcktjqecxgh/Build/Intermediates.noindex/SwiftExplicitPrecompiledModules/FirebaseAuthInternal-75O3IOKZ0RA3U8DSD1SA3BKF0.pcm

** BUILD FAILED **


The following build commands failed:
	EmitSwiftModule normal arm64 (in target 'BestBefore_Prototype_IOS' from project 'BestBefore_Prototype_IOS')
	SwiftEmitModule normal arm64 Emitting\ module\ for\ BestBefore_Prototype_IOS (in target 'BestBefore_Prototype_IOS' from project 'BestBefore_Prototype_IOS')
	Building project BestBefore_Prototype_IOS with scheme BestBefore_Prototype_IOS and configuration Debug
(3 failures)
