Command line invocation:
    /Applications/Xcode.app/Contents/Developer/usr/bin/xcodebuild -project BestBefore_Prototype_IOS.xcodeproj -scheme BestBefore_Prototype_IOS -configuration Debug -sdk iphonesimulator build

Build settings from command line:
    SDKROOT = iphonesimulator26.2

Resolve Package Graph


Resolved source packages:
  RiveRuntime: https://github.com/rive-app/rive-ios @ 6.13.0
  AppCheck: https://github.com/google/app-check.git @ 11.2.0
  GoogleUtilities: https://github.com/google/GoogleUtilities.git @ 8.1.0
  leveldb: https://github.com/firebase/leveldb.git @ 1.22.5
  Firebase: https://github.com/firebase/firebase-ios-sdk @ 12.8.0
  nanopb: https://github.com/firebase/nanopb.git @ 2.30910.0
  abseil: https://github.com/google/abseil-cpp-binary.git @ 1.2024072200.0
  Promises: https://github.com/google/promises.git @ 2.4.0
  GoogleDataTransport: https://github.com/google/GoogleDataTransport.git @ 10.1.0
  InteropForGoogle: https://github.com/google/interop-ios-for-google-sdks.git @ 101.0.0
  GoogleAppMeasurement: https://github.com/google/GoogleAppMeasurement.git @ 12.8.0
  Pow: https://github.com/EmergeTools/Pow @ 1.0.5
  GoogleAdsOnDeviceConversion: https://github.com/googleads/google-ads-on-device-conversion-ios-sdk @ 3.2.0
  GTMSessionFetcher: https://github.com/google/gtm-session-fetcher.git @ 5.0.0
  gRPC: https://github.com/google/grpc-binary.git @ 1.69.1

2026-02-26 21:39:18.978 xcodebuild[60284:847472] [MT] IDERunDestination: Supported platforms for the buildables in the current scheme is empty.
--- xcodebuild: WARNING: Using the first of multiple matching destinations:
{ platform:iOS Simulator, id:dvtdevice-DVTiOSDeviceSimulatorPlaceholder-iphonesimulator:placeholder, name:Any iOS Simulator Device }
{ platform:iOS Simulator, arch:arm64, id:F8E58D1C-6A1E-4EFC-8610-36BB08605F76, OS:18.6, name:iPad (A16) }
{ platform:iOS Simulator, arch:x86_64, id:F8E58D1C-6A1E-4EFC-8610-36BB08605F76, OS:18.6, name:iPad (A16) }
{ platform:iOS Simulator, arch:arm64, id:27DF1CF5-5A15-483C-828C-A134C753E447, OS:26.2, name:iPad (A16) }
{ platform:iOS Simulator, arch:arm64, id:1F3E4140-5FF8-40E6-9901-EDEB779728F3, OS:18.6, name:iPad Air 11-inch (M3) }
{ platform:iOS Simulator, arch:x86_64, id:1F3E4140-5FF8-40E6-9901-EDEB779728F3, OS:18.6, name:iPad Air 11-inch (M3) }
{ platform:iOS Simulator, arch:arm64, id:01A77D82-E92C-4400-B32B-E1DD44436F4B, OS:26.2, name:iPad Air 11-inch (M3) }
{ platform:iOS Simulator, arch:arm64, id:C7859CBC-229D-492C-9C43-D1F9AA025674, OS:18.6, name:iPad Air 13-inch (M3) }
{ platform:iOS Simulator, arch:x86_64, id:C7859CBC-229D-492C-9C43-D1F9AA025674, OS:18.6, name:iPad Air 13-inch (M3) }
{ platform:iOS Simulator, arch:arm64, id:25515F04-F547-4D7E-845A-CAD4CE9F7BCF, OS:26.2, name:iPad Air 13-inch (M3) }
{ platform:iOS Simulator, arch:arm64, id:8DCD06FA-B6BA-4A2A-9F31-CDCC35EF5ADE, OS:18.6, name:iPad Pro 11-inch (M4) }
{ platform:iOS Simulator, arch:x86_64, id:8DCD06FA-B6BA-4A2A-9F31-CDCC35EF5ADE, OS:18.6, name:iPad Pro 11-inch (M4) }
{ platform:iOS Simulator, arch:arm64, id:88D06353-36AF-475C-BDDB-1068E93ED405, OS:26.2, name:iPad Pro 11-inch (M5) }
{ platform:iOS Simulator, arch:arm64, id:CD431575-B3B0-47FE-9FCD-57E5F88290FD, OS:18.6, name:iPad Pro 13-inch (M4) }
{ platform:iOS Simulator, arch:x86_64, id:CD431575-B3B0-47FE-9FCD-57E5F88290FD, OS:18.6, name:iPad Pro 13-inch (M4) }
{ platform:iOS Simulator, arch:arm64, id:BCDCD01A-D151-47EC-AE22-852C83AD151F, OS:26.2, name:iPad Pro 13-inch (M5) }
{ platform:iOS Simulator, arch:arm64, id:C832425A-8484-4536-9699-3D9E624058A6, OS:18.6, name:iPad mini (A17 Pro) }
{ platform:iOS Simulator, arch:x86_64, id:C832425A-8484-4536-9699-3D9E624058A6, OS:18.6, name:iPad mini (A17 Pro) }
{ platform:iOS Simulator, arch:arm64, id:5444902C-CFF3-4956-9078-45A23ECAAAC8, OS:26.2, name:iPad mini (A17 Pro) }
{ platform:iOS Simulator, arch:arm64, id:28214FDE-5F94-48C9-B846-7A47FE1527D4, OS:18.6, name:iPhone 16 }
{ platform:iOS Simulator, arch:x86_64, id:28214FDE-5F94-48C9-B846-7A47FE1527D4, OS:18.6, name:iPhone 16 }
{ platform:iOS Simulator, arch:arm64, id:54502117-0AD4-41E8-B475-C3A67D40A4DD, OS:18.6, name:iPhone 16 Plus }
{ platform:iOS Simulator, arch:x86_64, id:54502117-0AD4-41E8-B475-C3A67D40A4DD, OS:18.6, name:iPhone 16 Plus }
{ platform:iOS Simulator, arch:arm64, id:817F2B99-15B7-4D20-ABB5-9EBDA47915D1, OS:18.6, name:iPhone 16 Pro }
{ platform:iOS Simulator, arch:x86_64, id:817F2B99-15B7-4D20-ABB5-9EBDA47915D1, OS:18.6, name:iPhone 16 Pro }
{ platform:iOS Simulator, arch:arm64, id:63E0FBC4-143D-4FC1-A81C-9CDAFC037C3F, OS:18.6, name:iPhone 16 Pro Max }
{ platform:iOS Simulator, arch:x86_64, id:63E0FBC4-143D-4FC1-A81C-9CDAFC037C3F, OS:18.6, name:iPhone 16 Pro Max }
{ platform:iOS Simulator, arch:arm64, id:42F42824-1532-4F64-BDAF-4120C9065DAC, OS:18.6, name:iPhone 16e }
{ platform:iOS Simulator, arch:x86_64, id:42F42824-1532-4F64-BDAF-4120C9065DAC, OS:18.6, name:iPhone 16e }
{ platform:iOS Simulator, arch:arm64, id:DCD65FBD-592F-4F15-8055-6E7D49824CCA, OS:26.2, name:iPhone 16e }
{ platform:iOS Simulator, arch:arm64, id:320B0485-FB3B-44E8-B6D1-AB9A21A7A1D7, OS:26.2, name:iPhone 17 }
{ platform:iOS Simulator, arch:arm64, id:3A4D4B0B-90C6-4095-AEBA-8C988A317980, OS:26.2, name:iPhone 17 Pro }
{ platform:iOS Simulator, arch:arm64, id:423C9DA1-FC8E-41B0-B57E-D97F3BB4B3F2, OS:26.2, name:iPhone 17 Pro Max }
{ platform:iOS Simulator, arch:arm64, id:F2194E06-B8D4-4275-B20D-96D469E9B760, OS:26.2, name:iPhone Air }
{ platform:macOS, arch:arm64, variant:Designed for [iPad,iPhone], id:00008122-001C590022F1001C, name:My Mac }
{ platform:iOS, id:dvtdevice-DVTiPhonePlaceholder-iphoneos:placeholder, name:Any iOS Device }
{ platform:iOS, arch:arm64, id:00008110-000E41801A3A801E, name:Arya’s iPhone }
ComputePackagePrebuildTargetDependencyGraph

Prepare packages

CreateBuildRequest

SendProjectDescription

CreateBuildOperation

ComputeTargetDependencyGraph
note: Building targets in dependency order
note: Target dependency graph (40 targets)
    Target 'BestBefore_Prototype_IOS' in project 'BestBefore_Prototype_IOS'
        ➜ Explicit dependency on target 'Pow' in project 'Pow'
        ➜ Explicit dependency on target 'FirebaseAuth' in project 'Firebase'
        ➜ Explicit dependency on target 'RiveRuntime' in project 'RiveRuntime'
    Target 'RiveRuntime' in project 'RiveRuntime' (no dependencies)
    Target 'FirebaseAuth' in project 'Firebase'
        ➜ Explicit dependency on target 'FirebaseAuth' in project 'Firebase'
        ➜ Explicit dependency on target 'Firebase_FirebaseAuth' in project 'Firebase'
        ➜ Explicit dependency on target 'FirebaseAppCheckInterop' in project 'Firebase'
        ➜ Explicit dependency on target 'FirebaseAuthInterop' in project 'Firebase'
        ➜ Explicit dependency on target 'FirebaseAuthInternal' in project 'Firebase'
        ➜ Explicit dependency on target 'Firebase' in project 'Firebase'
        ➜ Explicit dependency on target 'FirebaseCoreInternal' in project 'Firebase'
        ➜ Explicit dependency on target 'FirebaseCore' in project 'Firebase'
        ➜ Explicit dependency on target 'FirebaseCoreExtension' in project 'Firebase'
        ➜ Explicit dependency on target 'RecaptchaInterop' in project 'InteropForGoogle'
        ➜ Explicit dependency on target 'GULNSData' in project 'GoogleUtilities'
        ➜ Explicit dependency on target 'GULEnvironment' in project 'GoogleUtilities'
        ➜ Explicit dependency on target 'GULLogger' in project 'GoogleUtilities'
        ➜ Explicit dependency on target 'GULAppDelegateSwizzler' in project 'GoogleUtilities'
        ➜ Explicit dependency on target 'GTMSessionFetcherCore' in project 'GTMSessionFetcher'
    Target 'FirebaseAuth' in project 'Firebase'
        ➜ Explicit dependency on target 'Firebase_FirebaseAuth' in project 'Firebase'
        ➜ Explicit dependency on target 'FirebaseAppCheckInterop' in project 'Firebase'
        ➜ Explicit dependency on target 'FirebaseAuthInterop' in project 'Firebase'
        ➜ Explicit dependency on target 'FirebaseAuthInternal' in project 'Firebase'
        ➜ Explicit dependency on target 'Firebase' in project 'Firebase'
        ➜ Explicit dependency on target 'FirebaseCoreInternal' in project 'Firebase'
        ➜ Explicit dependency on target 'FirebaseCore' in project 'Firebase'
        ➜ Explicit dependency on target 'FirebaseCoreExtension' in project 'Firebase'
        ➜ Explicit dependency on target 'RecaptchaInterop' in project 'InteropForGoogle'
        ➜ Explicit dependency on target 'GULNSData' in project 'GoogleUtilities'
        ➜ Explicit dependency on target 'GULEnvironment' in project 'GoogleUtilities'
        ➜ Explicit dependency on target 'GULLogger' in project 'GoogleUtilities'
        ➜ Explicit dependency on target 'GULAppDelegateSwizzler' in project 'GoogleUtilities'
        ➜ Explicit dependency on target 'GTMSessionFetcherCore' in project 'GTMSessionFetcher'
    Target 'GTMSessionFetcherCore' in project 'GTMSessionFetcher'
        ➜ Explicit dependency on target 'GTMSessionFetcherCore' in project 'GTMSessionFetcher'
        ➜ Explicit dependency on target 'GTMSessionFetcher_GTMSessionFetcherCore' in project 'GTMSessionFetcher'
    Target 'GTMSessionFetcherCore' in project 'GTMSessionFetcher'
        ➜ Explicit dependency on target 'GTMSessionFetcher_GTMSessionFetcherCore' in project 'GTMSessionFetcher'
    Target 'GTMSessionFetcher_GTMSessionFetcherCore' in project 'GTMSessionFetcher' (no dependencies)
    Target 'GULAppDelegateSwizzler' in project 'GoogleUtilities'
        ➜ Explicit dependency on target 'GoogleUtilities-AppDelegateSwizzler' in project 'GoogleUtilities'
        ➜ Explicit dependency on target 'GoogleUtilities_GoogleUtilities-AppDelegateSwizzler' in project 'GoogleUtilities'
        ➜ Explicit dependency on target 'third-party-IsAppEncrypted' in project 'GoogleUtilities'
        ➜ Explicit dependency on target 'GoogleUtilities-Environment' in project 'GoogleUtilities'
        ➜ Explicit dependency on target 'GoogleUtilities-Logger' in project 'GoogleUtilities'
        ➜ Explicit dependency on target 'GoogleUtilities-NSData' in project 'GoogleUtilities'
        ➜ Explicit dependency on target 'GoogleUtilities-Reachability' in project 'GoogleUtilities'
        ➜ Explicit dependency on target 'GoogleUtilities-Network' in project 'GoogleUtilities'
    Target 'GoogleUtilities-AppDelegateSwizzler' in project 'GoogleUtilities'
        ➜ Explicit dependency on target 'GoogleUtilities_GoogleUtilities-AppDelegateSwizzler' in project 'GoogleUtilities'
        ➜ Explicit dependency on target 'third-party-IsAppEncrypted' in project 'GoogleUtilities'
        ➜ Explicit dependency on target 'GoogleUtilities-Environment' in project 'GoogleUtilities'
        ➜ Explicit dependency on target 'GoogleUtilities-Logger' in project 'GoogleUtilities'
        ➜ Explicit dependency on target 'GoogleUtilities-NSData' in project 'GoogleUtilities'
        ➜ Explicit dependency on target 'GoogleUtilities-Reachability' in project 'GoogleUtilities'
        ➜ Explicit dependency on target 'GoogleUtilities-Network' in project 'GoogleUtilities'
    Target 'GoogleUtilities-Network' in project 'GoogleUtilities'
        ➜ Explicit dependency on target 'GoogleUtilities_GoogleUtilities-Network' in project 'GoogleUtilities'
        ➜ Explicit dependency on target 'third-party-IsAppEncrypted' in project 'GoogleUtilities'
        ➜ Explicit dependency on target 'GoogleUtilities-Environment' in project 'GoogleUtilities'
        ➜ Explicit dependency on target 'GoogleUtilities-Logger' in project 'GoogleUtilities'
        ➜ Explicit dependency on target 'GoogleUtilities-NSData' in project 'GoogleUtilities'
        ➜ Explicit dependency on target 'GoogleUtilities-Reachability' in project 'GoogleUtilities'
    Target 'GoogleUtilities_GoogleUtilities-Network' in project 'GoogleUtilities' (no dependencies)
    Target 'GoogleUtilities-Reachability' in project 'GoogleUtilities'
        ➜ Explicit dependency on target 'GoogleUtilities_GoogleUtilities-Reachability' in project 'GoogleUtilities'
        ➜ Explicit dependency on target 'third-party-IsAppEncrypted' in project 'GoogleUtilities'
        ➜ Explicit dependency on target 'GoogleUtilities-Environment' in project 'GoogleUtilities'
        ➜ Explicit dependency on target 'GoogleUtilities-Logger' in project 'GoogleUtilities'
    Target 'GoogleUtilities_GoogleUtilities-Reachability' in project 'GoogleUtilities' (no dependencies)
    Target 'GoogleUtilities_GoogleUtilities-AppDelegateSwizzler' in project 'GoogleUtilities' (no dependencies)
    Target 'FirebaseCoreExtension' in project 'Firebase'
        ➜ Explicit dependency on target 'Firebase_FirebaseCoreExtension' in project 'Firebase'
    Target 'Firebase_FirebaseCoreExtension' in project 'Firebase' (no dependencies)
    Target 'FirebaseCore' in project 'Firebase'
        ➜ Explicit dependency on target 'Firebase_FirebaseCore' in project 'Firebase'
        ➜ Explicit dependency on target 'Firebase' in project 'Firebase'
        ➜ Explicit dependency on target 'FirebaseCoreInternal' in project 'Firebase'
        ➜ Explicit dependency on target 'GULNSData' in project 'GoogleUtilities'
        ➜ Explicit dependency on target 'GULEnvironment' in project 'GoogleUtilities'
        ➜ Explicit dependency on target 'GULLogger' in project 'GoogleUtilities'
    Target 'GULLogger' in project 'GoogleUtilities'
        ➜ Explicit dependency on target 'GoogleUtilities-Logger' in project 'GoogleUtilities'
        ➜ Explicit dependency on target 'GoogleUtilities_GoogleUtilities-Logger' in project 'GoogleUtilities'
        ➜ Explicit dependency on target 'third-party-IsAppEncrypted' in project 'GoogleUtilities'
        ➜ Explicit dependency on target 'GoogleUtilities-Environment' in project 'GoogleUtilities'
    Target 'GoogleUtilities-Logger' in project 'GoogleUtilities'
        ➜ Explicit dependency on target 'GoogleUtilities_GoogleUtilities-Logger' in project 'GoogleUtilities'
        ➜ Explicit dependency on target 'third-party-IsAppEncrypted' in project 'GoogleUtilities'
        ➜ Explicit dependency on target 'GoogleUtilities-Environment' in project 'GoogleUtilities'
    Target 'GoogleUtilities_GoogleUtilities-Logger' in project 'GoogleUtilities' (no dependencies)
    Target 'GULEnvironment' in project 'GoogleUtilities'
        ➜ Explicit dependency on target 'GoogleUtilities-Environment' in project 'GoogleUtilities'
        ➜ Explicit dependency on target 'GoogleUtilities_GoogleUtilities-Environment' in project 'GoogleUtilities'
        ➜ Explicit dependency on target 'third-party-IsAppEncrypted' in project 'GoogleUtilities'
    Target 'GoogleUtilities-Environment' in project 'GoogleUtilities'
        ➜ Explicit dependency on target 'GoogleUtilities_GoogleUtilities-Environment' in project 'GoogleUtilities'
        ➜ Explicit dependency on target 'third-party-IsAppEncrypted' in project 'GoogleUtilities'
    Target 'third-party-IsAppEncrypted' in project 'GoogleUtilities' (no dependencies)
    Target 'GoogleUtilities_GoogleUtilities-Environment' in project 'GoogleUtilities' (no dependencies)
    Target 'Firebase_FirebaseCore' in project 'Firebase' (no dependencies)
    Target 'FirebaseCoreInternal' in project 'Firebase'
        ➜ Explicit dependency on target 'Firebase_FirebaseCoreInternal' in project 'Firebase'
        ➜ Explicit dependency on target 'GULNSData' in project 'GoogleUtilities'
    Target 'GULNSData' in project 'GoogleUtilities'
        ➜ Explicit dependency on target 'GoogleUtilities-NSData' in project 'GoogleUtilities'
        ➜ Explicit dependency on target 'GoogleUtilities_GoogleUtilities-NSData' in project 'GoogleUtilities'
    Target 'GoogleUtilities-NSData' in project 'GoogleUtilities'
        ➜ Explicit dependency on target 'GoogleUtilities_GoogleUtilities-NSData' in project 'GoogleUtilities'
    Target 'GoogleUtilities_GoogleUtilities-NSData' in project 'GoogleUtilities' (no dependencies)
    Target 'Firebase_FirebaseCoreInternal' in project 'Firebase' (no dependencies)
    Target 'Firebase' in project 'Firebase' (no dependencies)
    Target 'FirebaseAuthInternal' in project 'Firebase'
        ➜ Explicit dependency on target 'RecaptchaInterop' in project 'InteropForGoogle'
    Target 'RecaptchaInterop' in project 'InteropForGoogle'
        ➜ Explicit dependency on target 'RecaptchaInterop' in project 'InteropForGoogle'
    Target 'RecaptchaInterop' in project 'InteropForGoogle' (no dependencies)
    Target 'FirebaseAuthInterop' in project 'Firebase' (no dependencies)
    Target 'FirebaseAppCheckInterop' in project 'Firebase' (no dependencies)
    Target 'Firebase_FirebaseAuth' in project 'Firebase' (no dependencies)
    Target 'Pow' in project 'Pow'
        ➜ Explicit dependency on target 'Pow' in project 'Pow'
        ➜ Explicit dependency on target 'Pow_Pow' in project 'Pow'
    Target 'Pow' in project 'Pow'
        ➜ Explicit dependency on target 'Pow_Pow' in project 'Pow'
    Target 'Pow_Pow' in project 'Pow' (no dependencies)

GatherProvisioningInputs

CreateBuildDescription

ExecuteExternalTool /Applications/Xcode.app/Contents/Developer/usr/bin/actool --version --output-format xml1

ExecuteExternalTool /Applications/Xcode.app/Contents/Developer/Toolchains/XcodeDefault.xctoolchain/usr/bin/clang -v -E -dM -arch arm64 -isysroot /Applications/Xcode.app/Contents/Developer/Platforms/iPhoneSimulator.platform/Developer/SDKs/iPhoneSimulator26.2.sdk -x objective-c -c /dev/null

ExecuteExternalTool /Applications/Xcode.app/Contents/Developer/Toolchains/XcodeDefault.xctoolchain/usr/bin/swiftc --version

ExecuteExternalTool /Applications/Xcode.app/Contents/Developer/Toolchains/XcodeDefault.xctoolchain/usr/bin/clang -v -E -dM -isysroot /Applications/Xcode.app/Contents/Developer/Platforms/iPhoneSimulator.platform/Developer/SDKs/iPhoneSimulator26.2.sdk -x c -c /dev/null

ExecuteExternalTool /Applications/Xcode.app/Contents/Developer/usr/bin/momc --dry-run --action generate --swift-version 5.0 --sdkroot /Applications/Xcode.app/Contents/Developer/Platforms/iPhoneSimulator.platform/Developer/SDKs/iPhoneSimulator26.2.sdk --iphonesimulator-deployment-target 17.0 --module BestBefore_Prototype_IOS /Users/aryazaeri/Desktop/BestBefore/BestBefore_V2/ios/BestBefore_Prototype_IOS/BestBefore_Prototype_IOS/BestBefore_Prototype_IOS.xcdatamodeld /Users/aryazaeri/Library/Developer/Xcode/DerivedData/BestBefore_Prototype_IOS-gbnddpnjsvathjdutdcktjqecxgh/Build/Intermediates.noindex/BestBefore_Prototype_IOS.build/Debug-iphonesimulator/BestBefore_Prototype_IOS.build/DerivedSources/CoreDataGenerated/BestBefore_Prototype_IOS

ExecuteExternalTool /Applications/Xcode.app/Contents/Developer/usr/bin/actool --print-asset-tag-combinations --output-format xml1 /Users/aryazaeri/Desktop/BestBefore/BestBefore_V2/ios/BestBefore_Prototype_IOS/BestBefore_Prototype_IOS/Assets.xcassets

ExecuteExternalTool /Applications/Xcode.app/Contents/Developer/Toolchains/XcodeDefault.xctoolchain/usr/bin/clang -v -E -dM -arch arm64 -isysroot /Applications/Xcode.app/Contents/Developer/Platforms/iPhoneSimulator.platform/Developer/SDKs/iPhoneSimulator26.2.sdk -x c -c /dev/null

ExecuteExternalTool /Applications/Xcode.app/Contents/Developer/Toolchains/XcodeDefault.xctoolchain/usr/bin/ld -version_details

ExecuteExternalTool /Applications/Xcode.app/Contents/Developer/Toolchains/XcodeDefault.xctoolchain/usr/bin/clang -v -E -dM -arch x86_64 -isysroot /Applications/Xcode.app/Contents/Developer/Platforms/iPhoneSimulator.platform/Developer/SDKs/iPhoneSimulator26.2.sdk -x objective-c -c /dev/null

ExecuteExternalTool /Applications/Xcode.app/Contents/Developer/Toolchains/XcodeDefault.xctoolchain/usr/bin/clang -v -E -dM -arch x86_64 -isysroot /Applications/Xcode.app/Contents/Developer/Platforms/iPhoneSimulator.platform/Developer/SDKs/iPhoneSimulator26.2.sdk -x c -c /dev/null

Build description signature: 55b46eb06a4a6868062c0b45a7c0a991
Build description path: /Users/aryazaeri/Library/Developer/Xcode/DerivedData/BestBefore_Prototype_IOS-gbnddpnjsvathjdutdcktjqecxgh/Build/Intermediates.noindex/XCBuildData/55b46eb06a4a6868062c0b45a7c0a991.xcbuilddata
ClangStatCache /Applications/Xcode.app/Contents/Developer/Toolchains/XcodeDefault.xctoolchain/usr/bin/clang-stat-cache /Applications/Xcode.app/Contents/Developer/Platforms/iPhoneSimulator.platform/Developer/SDKs/iPhoneSimulator26.2.sdk /Users/aryazaeri/Library/Developer/Xcode/DerivedData/SDKStatCaches.noindex/iphonesimulator26.2-23C53-7d00a8b37fbd7999ea79df8ebc024bf0.sdkstatcache
    cd /Users/aryazaeri/Desktop/BestBefore/BestBefore_V2/ios/BestBefore_Prototype_IOS/BestBefore_Prototype_IOS.xcodeproj
    /Applications/Xcode.app/Contents/Developer/Toolchains/XcodeDefault.xctoolchain/usr/bin/clang-stat-cache /Applications/Xcode.app/Contents/Developer/Platforms/iPhoneSimulator.platform/Developer/SDKs/iPhoneSimulator26.2.sdk -o /Users/aryazaeri/Library/Developer/Xcode/DerivedData/SDKStatCaches.noindex/iphonesimulator26.2-23C53-7d00a8b37fbd7999ea79df8ebc024bf0.sdkstatcache

ProcessInfoPlistFile /Users/aryazaeri/Library/Developer/Xcode/DerivedData/BestBefore_Prototype_IOS-gbnddpnjsvathjdutdcktjqecxgh/Build/Products/Debug-iphonesimulator/GoogleUtilities_GoogleUtilities-Network.bundle/Info.plist /Users/aryazaeri/Library/Developer/Xcode/DerivedData/BestBefore_Prototype_IOS-gbnddpnjsvathjdutdcktjqecxgh/Build/Intermediates.noindex/GoogleUtilities.build/Debug-iphonesimulator/GoogleUtilities_GoogleUtilities-Network.build/empty-GoogleUtilities_GoogleUtilities-Network.plist (in target 'GoogleUtilities_GoogleUtilities-Network' from project 'GoogleUtilities')
    cd /Users/aryazaeri/Library/Developer/Xcode/DerivedData/BestBefore_Prototype_IOS-gbnddpnjsvathjdutdcktjqecxgh/SourcePackages/checkouts/GoogleUtilities
    builtin-infoPlistUtility /Users/aryazaeri/Library/Developer/Xcode/DerivedData/BestBefore_Prototype_IOS-gbnddpnjsvathjdutdcktjqecxgh/Build/Intermediates.noindex/GoogleUtilities.build/Debug-iphonesimulator/GoogleUtilities_GoogleUtilities-Network.build/empty-GoogleUtilities_GoogleUtilities-Network.plist -producttype com.apple.product-type.bundle -expandbuildsettings -format binary -platform iphonesimulator -o /Users/aryazaeri/Library/Developer/Xcode/DerivedData/BestBefore_Prototype_IOS-gbnddpnjsvathjdutdcktjqecxgh/Build/Products/Debug-iphonesimulator/GoogleUtilities_GoogleUtilities-Network.bundle/Info.plist

ProcessInfoPlistFile /Users/aryazaeri/Library/Developer/Xcode/DerivedData/BestBefore_Prototype_IOS-gbnddpnjsvathjdutdcktjqecxgh/Build/Products/Debug-iphonesimulator/GoogleUtilities_GoogleUtilities-NSData.bundle/Info.plist /Users/aryazaeri/Library/Developer/Xcode/DerivedData/BestBefore_Prototype_IOS-gbnddpnjsvathjdutdcktjqecxgh/Build/Intermediates.noindex/GoogleUtilities.build/Debug-iphonesimulator/GoogleUtilities_GoogleUtilities-NSData.build/empty-GoogleUtilities_GoogleUtilities-NSData.plist (in target 'GoogleUtilities_GoogleUtilities-NSData' from project 'GoogleUtilities')
    cd /Users/aryazaeri/Library/Developer/Xcode/DerivedData/BestBefore_Prototype_IOS-gbnddpnjsvathjdutdcktjqecxgh/SourcePackages/checkouts/GoogleUtilities
    builtin-infoPlistUtility /Users/aryazaeri/Library/Developer/Xcode/DerivedData/BestBefore_Prototype_IOS-gbnddpnjsvathjdutdcktjqecxgh/Build/Intermediates.noindex/GoogleUtilities.build/Debug-iphonesimulator/GoogleUtilities_GoogleUtilities-NSData.build/empty-GoogleUtilities_GoogleUtilities-NSData.plist -producttype com.apple.product-type.bundle -expandbuildsettings -format binary -platform iphonesimulator -o /Users/aryazaeri/Library/Developer/Xcode/DerivedData/BestBefore_Prototype_IOS-gbnddpnjsvathjdutdcktjqecxgh/Build/Products/Debug-iphonesimulator/GoogleUtilities_GoogleUtilities-NSData.bundle/Info.plist

ProcessInfoPlistFile /Users/aryazaeri/Library/Developer/Xcode/DerivedData/BestBefore_Prototype_IOS-gbnddpnjsvathjdutdcktjqecxgh/Build/Products/Debug-iphonesimulator/GTMSessionFetcher_GTMSessionFetcherCore.bundle/Info.plist /Users/aryazaeri/Library/Developer/Xcode/DerivedData/BestBefore_Prototype_IOS-gbnddpnjsvathjdutdcktjqecxgh/Build/Intermediates.noindex/GTMSessionFetcher.build/Debug-iphonesimulator/GTMSessionFetcher_GTMSessionFetcherCore.build/empty-GTMSessionFetcher_GTMSessionFetcherCore.plist (in target 'GTMSessionFetcher_GTMSessionFetcherCore' from project 'GTMSessionFetcher')
    cd /Users/aryazaeri/Library/Developer/Xcode/DerivedData/BestBefore_Prototype_IOS-gbnddpnjsvathjdutdcktjqecxgh/SourcePackages/checkouts/gtm-session-fetcher
    builtin-infoPlistUtility /Users/aryazaeri/Library/Developer/Xcode/DerivedData/BestBefore_Prototype_IOS-gbnddpnjsvathjdutdcktjqecxgh/Build/Intermediates.noindex/GTMSessionFetcher.build/Debug-iphonesimulator/GTMSessionFetcher_GTMSessionFetcherCore.build/empty-GTMSessionFetcher_GTMSessionFetcherCore.plist -producttype com.apple.product-type.bundle -expandbuildsettings -format binary -platform iphonesimulator -o /Users/aryazaeri/Library/Developer/Xcode/DerivedData/BestBefore_Prototype_IOS-gbnddpnjsvathjdutdcktjqecxgh/Build/Products/Debug-iphonesimulator/GTMSessionFetcher_GTMSessionFetcherCore.bundle/Info.plist

ProcessInfoPlistFile /Users/aryazaeri/Library/Developer/Xcode/DerivedData/BestBefore_Prototype_IOS-gbnddpnjsvathjdutdcktjqecxgh/Build/Products/Debug-iphonesimulator/GoogleUtilities_GoogleUtilities-Environment.bundle/Info.plist /Users/aryazaeri/Library/Developer/Xcode/DerivedData/BestBefore_Prototype_IOS-gbnddpnjsvathjdutdcktjqecxgh/Build/Intermediates.noindex/GoogleUtilities.build/Debug-iphonesimulator/GoogleUtilities_GoogleUtilities-Environment.build/empty-GoogleUtilities_GoogleUtilities-Environment.plist (in target 'GoogleUtilities_GoogleUtilities-Environment' from project 'GoogleUtilities')
    cd /Users/aryazaeri/Library/Developer/Xcode/DerivedData/BestBefore_Prototype_IOS-gbnddpnjsvathjdutdcktjqecxgh/SourcePackages/checkouts/GoogleUtilities
    builtin-infoPlistUtility /Users/aryazaeri/Library/Developer/Xcode/DerivedData/BestBefore_Prototype_IOS-gbnddpnjsvathjdutdcktjqecxgh/Build/Intermediates.noindex/GoogleUtilities.build/Debug-iphonesimulator/GoogleUtilities_GoogleUtilities-Environment.build/empty-GoogleUtilities_GoogleUtilities-Environment.plist -producttype com.apple.product-type.bundle -expandbuildsettings -format binary -platform iphonesimulator -o /Users/aryazaeri/Library/Developer/Xcode/DerivedData/BestBefore_Prototype_IOS-gbnddpnjsvathjdutdcktjqecxgh/Build/Products/Debug-iphonesimulator/GoogleUtilities_GoogleUtilities-Environment.bundle/Info.plist

ProcessInfoPlistFile /Users/aryazaeri/Library/Developer/Xcode/DerivedData/BestBefore_Prototype_IOS-gbnddpnjsvathjdutdcktjqecxgh/Build/Products/Debug-iphonesimulator/GoogleUtilities_GoogleUtilities-AppDelegateSwizzler.bundle/Info.plist /Users/aryazaeri/Library/Developer/Xcode/DerivedData/BestBefore_Prototype_IOS-gbnddpnjsvathjdutdcktjqecxgh/Build/Intermediates.noindex/GoogleUtilities.build/Debug-iphonesimulator/GoogleUtilities_GoogleUtilities-AppDelegateSwizzler.build/empty-GoogleUtilities_GoogleUtilities-AppDelegateSwizzler.plist (in target 'GoogleUtilities_GoogleUtilities-AppDelegateSwizzler' from project 'GoogleUtilities')
    cd /Users/aryazaeri/Library/Developer/Xcode/DerivedData/BestBefore_Prototype_IOS-gbnddpnjsvathjdutdcktjqecxgh/SourcePackages/checkouts/GoogleUtilities
    builtin-infoPlistUtility /Users/aryazaeri/Library/Developer/Xcode/DerivedData/BestBefore_Prototype_IOS-gbnddpnjsvathjdutdcktjqecxgh/Build/Intermediates.noindex/GoogleUtilities.build/Debug-iphonesimulator/GoogleUtilities_GoogleUtilities-AppDelegateSwizzler.build/empty-GoogleUtilities_GoogleUtilities-AppDelegateSwizzler.plist -producttype com.apple.product-type.bundle -expandbuildsettings -format binary -platform iphonesimulator -o /Users/aryazaeri/Library/Developer/Xcode/DerivedData/BestBefore_Prototype_IOS-gbnddpnjsvathjdutdcktjqecxgh/Build/Products/Debug-iphonesimulator/GoogleUtilities_GoogleUtilities-AppDelegateSwizzler.bundle/Info.plist

ProcessInfoPlistFile /Users/aryazaeri/Library/Developer/Xcode/DerivedData/BestBefore_Prototype_IOS-gbnddpnjsvathjdutdcktjqecxgh/Build/Products/Debug-iphonesimulator/GoogleUtilities_GoogleUtilities-Logger.bundle/Info.plist /Users/aryazaeri/Library/Developer/Xcode/DerivedData/BestBefore_Prototype_IOS-gbnddpnjsvathjdutdcktjqecxgh/Build/Intermediates.noindex/GoogleUtilities.build/Debug-iphonesimulator/GoogleUtilities_GoogleUtilities-Logger.build/empty-GoogleUtilities_GoogleUtilities-Logger.plist (in target 'GoogleUtilities_GoogleUtilities-Logger' from project 'GoogleUtilities')
    cd /Users/aryazaeri/Library/Developer/Xcode/DerivedData/BestBefore_Prototype_IOS-gbnddpnjsvathjdutdcktjqecxgh/SourcePackages/checkouts/GoogleUtilities
    builtin-infoPlistUtility /Users/aryazaeri/Library/Developer/Xcode/DerivedData/BestBefore_Prototype_IOS-gbnddpnjsvathjdutdcktjqecxgh/Build/Intermediates.noindex/GoogleUtilities.build/Debug-iphonesimulator/GoogleUtilities_GoogleUtilities-Logger.build/empty-GoogleUtilities_GoogleUtilities-Logger.plist -producttype com.apple.product-type.bundle -expandbuildsettings -format binary -platform iphonesimulator -o /Users/aryazaeri/Library/Developer/Xcode/DerivedData/BestBefore_Prototype_IOS-gbnddpnjsvathjdutdcktjqecxgh/Build/Products/Debug-iphonesimulator/GoogleUtilities_GoogleUtilities-Logger.bundle/Info.plist

ProcessInfoPlistFile /Users/aryazaeri/Library/Developer/Xcode/DerivedData/BestBefore_Prototype_IOS-gbnddpnjsvathjdutdcktjqecxgh/Build/Products/Debug-iphonesimulator/GoogleUtilities_GoogleUtilities-Reachability.bundle/Info.plist /Users/aryazaeri/Library/Developer/Xcode/DerivedData/BestBefore_Prototype_IOS-gbnddpnjsvathjdutdcktjqecxgh/Build/Intermediates.noindex/GoogleUtilities.build/Debug-iphonesimulator/GoogleUtilities_GoogleUtilities-Reachability.build/empty-GoogleUtilities_GoogleUtilities-Reachability.plist (in target 'GoogleUtilities_GoogleUtilities-Reachability' from project 'GoogleUtilities')
    cd /Users/aryazaeri/Library/Developer/Xcode/DerivedData/BestBefore_Prototype_IOS-gbnddpnjsvathjdutdcktjqecxgh/SourcePackages/checkouts/GoogleUtilities
    builtin-infoPlistUtility /Users/aryazaeri/Library/Developer/Xcode/DerivedData/BestBefore_Prototype_IOS-gbnddpnjsvathjdutdcktjqecxgh/Build/Intermediates.noindex/GoogleUtilities.build/Debug-iphonesimulator/GoogleUtilities_GoogleUtilities-Reachability.build/empty-GoogleUtilities_GoogleUtilities-Reachability.plist -producttype com.apple.product-type.bundle -expandbuildsettings -format binary -platform iphonesimulator -o /Users/aryazaeri/Library/Developer/Xcode/DerivedData/BestBefore_Prototype_IOS-gbnddpnjsvathjdutdcktjqecxgh/Build/Products/Debug-iphonesimulator/GoogleUtilities_GoogleUtilities-Reachability.bundle/Info.plist

ProcessInfoPlistFile /Users/aryazaeri/Library/Developer/Xcode/DerivedData/BestBefore_Prototype_IOS-gbnddpnjsvathjdutdcktjqecxgh/Build/Products/Debug-iphonesimulator/Firebase_FirebaseCoreInternal.bundle/Info.plist /Users/aryazaeri/Library/Developer/Xcode/DerivedData/BestBefore_Prototype_IOS-gbnddpnjsvathjdutdcktjqecxgh/Build/Intermediates.noindex/Firebase.build/Debug-iphonesimulator/Firebase_FirebaseCoreInternal.build/empty-Firebase_FirebaseCoreInternal.plist (in target 'Firebase_FirebaseCoreInternal' from project 'Firebase')
    cd /Users/aryazaeri/Library/Developer/Xcode/DerivedData/BestBefore_Prototype_IOS-gbnddpnjsvathjdutdcktjqecxgh/SourcePackages/checkouts/firebase-ios-sdk
    builtin-infoPlistUtility /Users/aryazaeri/Library/Developer/Xcode/DerivedData/BestBefore_Prototype_IOS-gbnddpnjsvathjdutdcktjqecxgh/Build/Intermediates.noindex/Firebase.build/Debug-iphonesimulator/Firebase_FirebaseCoreInternal.build/empty-Firebase_FirebaseCoreInternal.plist -producttype com.apple.product-type.bundle -expandbuildsettings -format binary -platform iphonesimulator -o /Users/aryazaeri/Library/Developer/Xcode/DerivedData/BestBefore_Prototype_IOS-gbnddpnjsvathjdutdcktjqecxgh/Build/Products/Debug-iphonesimulator/Firebase_FirebaseCoreInternal.bundle/Info.plist

ProcessInfoPlistFile /Users/aryazaeri/Library/Developer/Xcode/DerivedData/BestBefore_Prototype_IOS-gbnddpnjsvathjdutdcktjqecxgh/Build/Products/Debug-iphonesimulator/Firebase_FirebaseCoreExtension.bundle/Info.plist /Users/aryazaeri/Library/Developer/Xcode/DerivedData/BestBefore_Prototype_IOS-gbnddpnjsvathjdutdcktjqecxgh/Build/Intermediates.noindex/Firebase.build/Debug-iphonesimulator/Firebase_FirebaseCoreExtension.build/empty-Firebase_FirebaseCoreExtension.plist (in target 'Firebase_FirebaseCoreExtension' from project 'Firebase')
    cd /Users/aryazaeri/Library/Developer/Xcode/DerivedData/BestBefore_Prototype_IOS-gbnddpnjsvathjdutdcktjqecxgh/SourcePackages/checkouts/firebase-ios-sdk
    builtin-infoPlistUtility /Users/aryazaeri/Library/Developer/Xcode/DerivedData/BestBefore_Prototype_IOS-gbnddpnjsvathjdutdcktjqecxgh/Build/Intermediates.noindex/Firebase.build/Debug-iphonesimulator/Firebase_FirebaseCoreExtension.build/empty-Firebase_FirebaseCoreExtension.plist -producttype com.apple.product-type.bundle -expandbuildsettings -format binary -platform iphonesimulator -o /Users/aryazaeri/Library/Developer/Xcode/DerivedData/BestBefore_Prototype_IOS-gbnddpnjsvathjdutdcktjqecxgh/Build/Products/Debug-iphonesimulator/Firebase_FirebaseCoreExtension.bundle/Info.plist

ProcessInfoPlistFile /Users/aryazaeri/Library/Developer/Xcode/DerivedData/BestBefore_Prototype_IOS-gbnddpnjsvathjdutdcktjqecxgh/Build/Products/Debug-iphonesimulator/Firebase_FirebaseCore.bundle/Info.plist /Users/aryazaeri/Library/Developer/Xcode/DerivedData/BestBefore_Prototype_IOS-gbnddpnjsvathjdutdcktjqecxgh/Build/Intermediates.noindex/Firebase.build/Debug-iphonesimulator/Firebase_FirebaseCore.build/empty-Firebase_FirebaseCore.plist (in target 'Firebase_FirebaseCore' from project 'Firebase')
    cd /Users/aryazaeri/Library/Developer/Xcode/DerivedData/BestBefore_Prototype_IOS-gbnddpnjsvathjdutdcktjqecxgh/SourcePackages/checkouts/firebase-ios-sdk
    builtin-infoPlistUtility /Users/aryazaeri/Library/Developer/Xcode/DerivedData/BestBefore_Prototype_IOS-gbnddpnjsvathjdutdcktjqecxgh/Build/Intermediates.noindex/Firebase.build/Debug-iphonesimulator/Firebase_FirebaseCore.build/empty-Firebase_FirebaseCore.plist -producttype com.apple.product-type.bundle -expandbuildsettings -format binary -platform iphonesimulator -o /Users/aryazaeri/Library/Developer/Xcode/DerivedData/BestBefore_Prototype_IOS-gbnddpnjsvathjdutdcktjqecxgh/Build/Products/Debug-iphonesimulator/Firebase_FirebaseCore.bundle/Info.plist

ProcessInfoPlistFile /Users/aryazaeri/Library/Developer/Xcode/DerivedData/BestBefore_Prototype_IOS-gbnddpnjsvathjdutdcktjqecxgh/Build/Products/Debug-iphonesimulator/Firebase_FirebaseAuth.bundle/Info.plist /Users/aryazaeri/Library/Developer/Xcode/DerivedData/BestBefore_Prototype_IOS-gbnddpnjsvathjdutdcktjqecxgh/Build/Intermediates.noindex/Firebase.build/Debug-iphonesimulator/Firebase_FirebaseAuth.build/empty-Firebase_FirebaseAuth.plist (in target 'Firebase_FirebaseAuth' from project 'Firebase')
    cd /Users/aryazaeri/Library/Developer/Xcode/DerivedData/BestBefore_Prototype_IOS-gbnddpnjsvathjdutdcktjqecxgh/SourcePackages/checkouts/firebase-ios-sdk
    builtin-infoPlistUtility /Users/aryazaeri/Library/Developer/Xcode/DerivedData/BestBefore_Prototype_IOS-gbnddpnjsvathjdutdcktjqecxgh/Build/Intermediates.noindex/Firebase.build/Debug-iphonesimulator/Firebase_FirebaseAuth.build/empty-Firebase_FirebaseAuth.plist -producttype com.apple.product-type.bundle -expandbuildsettings -format binary -platform iphonesimulator -o /Users/aryazaeri/Library/Developer/Xcode/DerivedData/BestBefore_Prototype_IOS-gbnddpnjsvathjdutdcktjqecxgh/Build/Products/Debug-iphonesimulator/Firebase_FirebaseAuth.bundle/Info.plist

ProcessProductPackaging "" /Users/aryazaeri/Library/Developer/Xcode/DerivedData/BestBefore_Prototype_IOS-gbnddpnjsvathjdutdcktjqecxgh/Build/Intermediates.noindex/BestBefore_Prototype_IOS.build/Debug-iphonesimulator/BestBefore_Prototype_IOS.build/BestBefore_Prototype_IOS.app-Simulated.xcent (in target 'BestBefore_Prototype_IOS' from project 'BestBefore_Prototype_IOS')
    cd /Users/aryazaeri/Desktop/BestBefore/BestBefore_V2/ios/BestBefore_Prototype_IOS
    
    Entitlements:
    
    {
    "application-identifier" = "FPW9B33CDU.com.ctis480.BestBefore-Prototype-IOS";
}
    
    builtin-productPackagingUtility -entitlements -format xml -o /Users/aryazaeri/Library/Developer/Xcode/DerivedData/BestBefore_Prototype_IOS-gbnddpnjsvathjdutdcktjqecxgh/Build/Intermediates.noindex/BestBefore_Prototype_IOS.build/Debug-iphonesimulator/BestBefore_Prototype_IOS.build/BestBefore_Prototype_IOS.app-Simulated.xcent

ProcessInfoPlistFile /Users/aryazaeri/Library/Developer/Xcode/DerivedData/BestBefore_Prototype_IOS-gbnddpnjsvathjdutdcktjqecxgh/Build/Products/Debug-iphonesimulator/Pow_Pow.bundle/Info.plist /Users/aryazaeri/Library/Developer/Xcode/DerivedData/BestBefore_Prototype_IOS-gbnddpnjsvathjdutdcktjqecxgh/Build/Intermediates.noindex/Pow.build/Debug-iphonesimulator/Pow_Pow.build/empty-Pow_Pow.plist (in target 'Pow_Pow' from project 'Pow')
    cd /Users/aryazaeri/Library/Developer/Xcode/DerivedData/BestBefore_Prototype_IOS-gbnddpnjsvathjdutdcktjqecxgh/SourcePackages/checkouts/Pow
    builtin-infoPlistUtility /Users/aryazaeri/Library/Developer/Xcode/DerivedData/BestBefore_Prototype_IOS-gbnddpnjsvathjdutdcktjqecxgh/Build/Intermediates.noindex/Pow.build/Debug-iphonesimulator/Pow_Pow.build/empty-Pow_Pow.plist -producttype com.apple.product-type.bundle -expandbuildsettings -format binary -platform iphonesimulator -additionalcontentfile /Users/aryazaeri/Library/Developer/Xcode/DerivedData/BestBefore_Prototype_IOS-gbnddpnjsvathjdutdcktjqecxgh/Build/Intermediates.noindex/Pow.build/Debug-iphonesimulator/Pow_Pow.build/assetcatalog_generated_info.plist -o /Users/aryazaeri/Library/Developer/Xcode/DerivedData/BestBefore_Prototype_IOS-gbnddpnjsvathjdutdcktjqecxgh/Build/Products/Debug-iphonesimulator/Pow_Pow.bundle/Info.plist

ScanDependencies /Users/aryazaeri/Library/Developer/Xcode/DerivedData/BestBefore_Prototype_IOS-gbnddpnjsvathjdutdcktjqecxgh/Build/Intermediates.noindex/GoogleUtilities.build/Debug-iphonesimulator/GoogleUtilities-Network.build/Objects-normal/x86_64/GULMutableDictionary.o /Users/aryazaeri/Library/Developer/Xcode/DerivedData/BestBefore_Prototype_IOS-gbnddpnjsvathjdutdcktjqecxgh/SourcePackages/checkouts/GoogleUtilities/GoogleUtilities/Network/GULMutableDictionary.m normal x86_64 objective-c com.apple.compilers.llvm.clang.1_0.compiler (in target 'GoogleUtilities-Network' from project 'GoogleUtilities')
    cd /Users/aryazaeri/Desktop/BestBefore/BestBefore_V2/ios/BestBefore_Prototype_IOS/BestBefore_Prototype_IOS.xcodeproj
    
    Using response file: /Users/aryazaeri/Library/Developer/Xcode/DerivedData/BestBefore_Prototype_IOS-gbnddpnjsvathjdutdcktjqecxgh/Build/Intermediates.noindex/GoogleUtilities.build/Debug-iphonesimulator/GoogleUtilities-Network.build/Objects-normal/x86_64/e6072d4f65d7061329687fe24e3d63a7-common-args.resp
    
    builtin-ScanDependencies -o /Users/aryazaeri/Library/Developer/Xcode/DerivedData/BestBefore_Prototype_IOS-gbnddpnjsvathjdutdcktjqecxgh/Build/Intermediates.noindex/GoogleUtilities.build/Debug-iphonesimulator/GoogleUtilities-Network.build/Objects-normal/x86_64/GULMutableDictionary.o.scan -- /Applications/Xcode.app/Contents/Developer/Toolchains/XcodeDefault.xctoolchain/usr/bin/clang -x objective-c -ivfsstatcache /Users/aryazaeri/Library/Developer/Xcode/DerivedData/SDKStatCaches.noindex/iphonesimulator26.2-23C53-7d00a8b37fbd7999ea79df8ebc024bf0.sdkstatcache -fmessage-length\=0 -fdiagnostics-show-note-include-stack -fmacro-backtrace-limit\=0 -fno-color-diagnostics -fmodules-prune-interval\=86400 -fmodules-prune-after\=345600 -fbuild-session-file\=/Users/aryazaeri/Library/Developer/Xcode/DerivedData/ModuleCache.noindex/Session.modulevalidation -fmodules-validate-once-per-build-session -Wnon-modular-include-in-framework-module -Werror\=non-modular-include-in-framework-module -Wno-trigraphs -Wno-missing-field-initializers -Wno-missing-prototypes -Wno-return-type -Wno-implicit-atomic-properties -Wno-objc-interface-ivars -Wno-arc-repeated-use-of-weak -Wno-missing-braces -Wparentheses -Wswitch -Wno-unused-function -Wno-unused-label -Wno-unused-parameter -Wno-unused-variable -Wunused-value -Wno-empty-body -Wno-uninitialized -Wno-unknown-pragmas -w -Wno-shadow -Wno-four-char-constants -Wno-conversion -Wno-constant-conversion -Wno-int-conversion -Wno-bool-conversion -Wno-enum-conversion -Wno-float-conversion -Wno-non-literal-null-conversion -Wno-objc-literal-conversion -Wshorten-64-to-32 -Wpointer-sign -Wno-newline-eof -Wno-selector -Wno-strict-selector-match -Wno-undeclared-selector -Wno-deprecated-implementations -Wno-implicit-fallthrough -fstrict-aliasing -Wprotocol -Wdeprecated-declarations -Wno-sign-conversion -Wno-infinite-recursion -Wno-comma -Wno-block-capture-autoreleasing -Wno-strict-prototypes -Wno-semicolon-before-method-body -index-store-path /Users/aryazaeri/Library/Developer/Xcode/DerivedData/BestBefore_Prototype_IOS-gbnddpnjsvathjdutdcktjqecxgh/Index.noindex/DataStore @/Users/aryazaeri/Library/Developer/Xcode/DerivedData/BestBefore_Prototype_IOS-gbnddpnjsvathjdutdcktjqecxgh/Build/Intermediates.noindex/GoogleUtilities.build/Debug-iphonesimulator/GoogleUtilities-Network.build/Objects-normal/x86_64/e6072d4f65d7061329687fe24e3d63a7-common-args.resp -include /Users/aryazaeri/Library/Developer/Xcode/DerivedData/BestBefore_Prototype_IOS-gbnddpnjsvathjdutdcktjqecxgh/Build/Intermediates.noindex/GoogleUtilities.build/Debug-iphonesimulator/GoogleUtilities-Network.build/DerivedSources/resource_bundle_accessor.h -MMD -MT dependencies -MF /Users/aryazaeri/Library/Developer/Xcode/DerivedData/BestBefore_Prototype_IOS-gbnddpnjsvathjdutdcktjqecxgh/Build/Intermediates.noindex/GoogleUtilities.build/Debug-iphonesimulator/GoogleUtilities-Network.build/Objects-normal/x86_64/GULMutableDictionary.d --serialize-diagnostics /Users/aryazaeri/Library/Developer/Xcode/DerivedData/BestBefore_Prototype_IOS-gbnddpnjsvathjdutdcktjqecxgh/Build/Intermediates.noindex/GoogleUtilities.build/Debug-iphonesimulator/GoogleUtilities-Network.build/Objects-normal/x86_64/GULMutableDictionary.dia -c /Users/aryazaeri/Library/Developer/Xcode/DerivedData/BestBefore_Prototype_IOS-gbnddpnjsvathjdutdcktjqecxgh/SourcePackages/checkouts/GoogleUtilities/GoogleUtilities/Network/GULMutableDictionary.m -o /Users/aryazaeri/Library/Developer/Xcode/DerivedData/BestBefore_Prototype_IOS-gbnddpnjsvathjdutdcktjqecxgh/Build/Intermediates.noindex/GoogleUtilities.build/Debug-iphonesimulator/GoogleUtilities-Network.build/Objects-normal/x86_64/GULMutableDictionary.o -index-unit-output-path /GoogleUtilities.build/Debug-iphonesimulator/GoogleUtilities-Network.build/Objects-normal/x86_64/GULMutableDictionary.o

ScanDependencies /Users/aryazaeri/Library/Developer/Xcode/DerivedData/BestBefore_Prototype_IOS-gbnddpnjsvathjdutdcktjqecxgh/Build/Intermediates.noindex/GoogleUtilities.build/Debug-iphonesimulator/GoogleUtilities-Network.build/Objects-normal/x86_64/GULNetwork.o /Users/aryazaeri/Library/Developer/Xcode/DerivedData/BestBefore_Prototype_IOS-gbnddpnjsvathjdutdcktjqecxgh/SourcePackages/checkouts/GoogleUtilities/GoogleUtilities/Network/GULNetwork.m normal x86_64 objective-c com.apple.compilers.llvm.clang.1_0.compiler (in target 'GoogleUtilities-Network' from project 'GoogleUtilities')
    cd /Users/aryazaeri/Desktop/BestBefore/BestBefore_V2/ios/BestBefore_Prototype_IOS/BestBefore_Prototype_IOS.xcodeproj
    
    Using response file: /Users/aryazaeri/Library/Developer/Xcode/DerivedData/BestBefore_Prototype_IOS-gbnddpnjsvathjdutdcktjqecxgh/Build/Intermediates.noindex/GoogleUtilities.build/Debug-iphonesimulator/GoogleUtilities-Network.build/Objects-normal/x86_64/e6072d4f65d7061329687fe24e3d63a7-common-args.resp
    
    builtin-ScanDependencies -o /Users/aryazaeri/Library/Developer/Xcode/DerivedData/BestBefore_Prototype_IOS-gbnddpnjsvathjdutdcktjqecxgh/Build/Intermediates.noindex/GoogleUtilities.build/Debug-iphonesimulator/GoogleUtilities-Network.build/Objects-normal/x86_64/GULNetwork.o.scan -- /Applications/Xcode.app/Contents/Developer/Toolchains/XcodeDefault.xctoolchain/usr/bin/clang -x objective-c -ivfsstatcache /Users/aryazaeri/Library/Developer/Xcode/DerivedData/SDKStatCaches.noindex/iphonesimulator26.2-23C53-7d00a8b37fbd7999ea79df8ebc024bf0.sdkstatcache -fmessage-length\=0 -fdiagnostics-show-note-include-stack -fmacro-backtrace-limit\=0 -fno-color-diagnostics -fmodules-prune-interval\=86400 -fmodules-prune-after\=345600 -fbuild-session-file\=/Users/aryazaeri/Library/Developer/Xcode/DerivedData/ModuleCache.noindex/Session.modulevalidation -fmodules-validate-once-per-build-session -Wnon-modular-include-in-framework-module -Werror\=non-modular-include-in-framework-module -Wno-trigraphs -Wno-missing-field-initializers -Wno-missing-prototypes -Wno-return-type -Wno-implicit-atomic-properties -Wno-objc-interface-ivars -Wno-arc-repeated-use-of-weak -Wno-missing-braces -Wparentheses -Wswitch -Wno-unused-function -Wno-unused-label -Wno-unused-parameter -Wno-unused-variable -Wunused-value -Wno-empty-body -Wno-uninitialized -Wno-unknown-pragmas -w -Wno-shadow -Wno-four-char-constants -Wno-conversion -Wno-constant-conversion -Wno-int-conversion -Wno-bool-conversion -Wno-enum-conversion -Wno-float-conversion -Wno-non-literal-null-conversion -Wno-objc-literal-conversion -Wshorten-64-to-32 -Wpointer-sign -Wno-newline-eof -Wno-selector -Wno-strict-selector-match -Wno-undeclared-selector -Wno-deprecated-implementations -Wno-implicit-fallthrough -fstrict-aliasing -Wprotocol -Wdeprecated-declarations -Wno-sign-conversion -Wno-infinite-recursion -Wno-comma -Wno-block-capture-autoreleasing -Wno-strict-prototypes -Wno-semicolon-before-method-body -index-store-path /Users/aryazaeri/Library/Developer/Xcode/DerivedData/BestBefore_Prototype_IOS-gbnddpnjsvathjdutdcktjqecxgh/Index.noindex/DataStore @/Users/aryazaeri/Library/Developer/Xcode/DerivedData/BestBefore_Prototype_IOS-gbnddpnjsvathjdutdcktjqecxgh/Build/Intermediates.noindex/GoogleUtilities.build/Debug-iphonesimulator/GoogleUtilities-Network.build/Objects-normal/x86_64/e6072d4f65d7061329687fe24e3d63a7-common-args.resp -include /Users/aryazaeri/Library/Developer/Xcode/DerivedData/BestBefore_Prototype_IOS-gbnddpnjsvathjdutdcktjqecxgh/Build/Intermediates.noindex/GoogleUtilities.build/Debug-iphonesimulator/GoogleUtilities-Network.build/DerivedSources/resource_bundle_accessor.h -MMD -MT dependencies -MF /Users/aryazaeri/Library/Developer/Xcode/DerivedData/BestBefore_Prototype_IOS-gbnddpnjsvathjdutdcktjqecxgh/Build/Intermediates.noindex/GoogleUtilities.build/Debug-iphonesimulator/GoogleUtilities-Network.build/Objects-normal/x86_64/GULNetwork.d --serialize-diagnostics /Users/aryazaeri/Library/Developer/Xcode/DerivedData/BestBefore_Prototype_IOS-gbnddpnjsvathjdutdcktjqecxgh/Build/Intermediates.noindex/GoogleUtilities.build/Debug-iphonesimulator/GoogleUtilities-Network.build/Objects-normal/x86_64/GULNetwork.dia -c /Users/aryazaeri/Library/Developer/Xcode/DerivedData/BestBefore_Prototype_IOS-gbnddpnjsvathjdutdcktjqecxgh/SourcePackages/checkouts/GoogleUtilities/GoogleUtilities/Network/GULNetwork.m -o /Users/aryazaeri/Library/Developer/Xcode/DerivedData/BestBefore_Prototype_IOS-gbnddpnjsvathjdutdcktjqecxgh/Build/Intermediates.noindex/GoogleUtilities.build/Debug-iphonesimulator/GoogleUtilities-Network.build/Objects-normal/x86_64/GULNetwork.o -index-unit-output-path /GoogleUtilities.build/Debug-iphonesimulator/GoogleUtilities-Network.build/Objects-normal/x86_64/GULNetwork.o

ProcessProductPackagingDER /Users/aryazaeri/Library/Developer/Xcode/DerivedData/BestBefore_Prototype_IOS-gbnddpnjsvathjdutdcktjqecxgh/Build/Intermediates.noindex/BestBefore_Prototype_IOS.build/Debug-iphonesimulator/BestBefore_Prototype_IOS.build/BestBefore_Prototype_IOS.app-Simulated.xcent /Users/aryazaeri/Library/Developer/Xcode/DerivedData/BestBefore_Prototype_IOS-gbnddpnjsvathjdutdcktjqecxgh/Build/Intermediates.noindex/BestBefore_Prototype_IOS.build/Debug-iphonesimulator/BestBefore_Prototype_IOS.build/BestBefore_Prototype_IOS.app-Simulated.xcent.der (in target 'BestBefore_Prototype_IOS' from project 'BestBefore_Prototype_IOS')
    cd /Users/aryazaeri/Desktop/BestBefore/BestBefore_V2/ios/BestBefore_Prototype_IOS
    /usr/bin/derq query -f xml -i /Users/aryazaeri/Library/Developer/Xcode/DerivedData/BestBefore_Prototype_IOS-gbnddpnjsvathjdutdcktjqecxgh/Build/Intermediates.noindex/BestBefore_Prototype_IOS.build/Debug-iphonesimulator/BestBefore_Prototype_IOS.build/BestBefore_Prototype_IOS.app-Simulated.xcent -o /Users/aryazaeri/Library/Developer/Xcode/DerivedData/BestBefore_Prototype_IOS-gbnddpnjsvathjdutdcktjqecxgh/Build/Intermediates.noindex/BestBefore_Prototype_IOS.build/Debug-iphonesimulator/BestBefore_Prototype_IOS.build/BestBefore_Prototype_IOS.app-Simulated.xcent.der --raw

PrecompileModule /Users/aryazaeri/Library/Developer/Xcode/DerivedData/BestBefore_Prototype_IOS-gbnddpnjsvathjdutdcktjqecxgh/Build/Intermediates.noindex/ExplicitPrecompiledModules/Security-BK2JZMYO8A0P1JH009VGPOJH2.scan
    cd /
    builtin-precompileModule /Users/aryazaeri/Library/Developer/Xcode/DerivedData/BestBefore_Prototype_IOS-gbnddpnjsvathjdutdcktjqecxgh/Build/Intermediates.noindex/ExplicitPrecompiledModules/Security-BK2JZMYO8A0P1JH009VGPOJH2.scan

PrecompileModule /Users/aryazaeri/Library/Developer/Xcode/DerivedData/BestBefore_Prototype_IOS-gbnddpnjsvathjdutdcktjqecxgh/Build/Intermediates.noindex/ExplicitPrecompiledModules/CFNetwork-AFUWZWAABRDEKR4D9WAB30KZA.scan
    cd /
    builtin-precompileModule /Users/aryazaeri/Library/Developer/Xcode/DerivedData/BestBefore_Prototype_IOS-gbnddpnjsvathjdutdcktjqecxgh/Build/Intermediates.noindex/ExplicitPrecompiledModules/CFNetwork-AFUWZWAABRDEKR4D9WAB30KZA.scan

CompileC /Users/aryazaeri/Library/Developer/Xcode/DerivedData/BestBefore_Prototype_IOS-gbnddpnjsvathjdutdcktjqecxgh/Build/Intermediates.noindex/GoogleUtilities.build/Debug-iphonesimulator/GoogleUtilities-Network.build/Objects-normal/x86_64/GULNetworkURLSession.o /Users/aryazaeri/Library/Developer/Xcode/DerivedData/BestBefore_Prototype_IOS-gbnddpnjsvathjdutdcktjqecxgh/SourcePackages/checkouts/GoogleUtilities/GoogleUtilities/Network/GULNetworkURLSession.m normal x86_64 objective-c com.apple.compilers.llvm.clang.1_0.compiler (in target 'GoogleUtilities-Network' from project 'GoogleUtilities')
    cd /Users/aryazaeri/Desktop/BestBefore/BestBefore_V2/ios/BestBefore_Prototype_IOS/BestBefore_Prototype_IOS.xcodeproj
    
    Using response file: /Users/aryazaeri/Library/Developer/Xcode/DerivedData/BestBefore_Prototype_IOS-gbnddpnjsvathjdutdcktjqecxgh/Build/Intermediates.noindex/GoogleUtilities.build/Debug-iphonesimulator/GoogleUtilities-Network.build/Objects-normal/x86_64/e6072d4f65d7061329687fe24e3d63a7-common-args.resp
    
    /Applications/Xcode.app/Contents/Developer/Toolchains/XcodeDefault.xctoolchain/usr/bin/clang -x objective-c -ivfsstatcache /Users/aryazaeri/Library/Developer/Xcode/DerivedData/SDKStatCaches.noindex/iphonesimulator26.2-23C53-7d00a8b37fbd7999ea79df8ebc024bf0.sdkstatcache -fmessage-length\=0 -fdiagnostics-show-note-include-stack -fmacro-backtrace-limit\=0 -fno-color-diagnostics -fmodules-prune-interval\=86400 -fmodules-prune-after\=345600 -fbuild-session-file\=/Users/aryazaeri/Library/Developer/Xcode/DerivedData/ModuleCache.noindex/Session.modulevalidation -fmodules-validate-once-per-build-session -Wnon-modular-include-in-framework-module -Werror\=non-modular-include-in-framework-module -Wno-trigraphs -Wno-missing-field-initializers -Wno-missing-prototypes -Wno-return-type -Wno-implicit-atomic-properties -Wno-objc-interface-ivars -Wno-arc-repeated-use-of-weak -Wno-missing-braces -Wparentheses -Wswitch -Wno-unused-function -Wno-unused-label -Wno-unused-parameter -Wno-unused-variable -Wunused-value -Wno-empty-body -Wno-uninitialized -Wno-unknown-pragmas -w -Wno-shadow -Wno-four-char-constants -Wno-conversion -Wno-constant-conversion -Wno-int-conversion -Wno-bool-conversion -Wno-enum-conversion -Wno-float-conversion -Wno-non-literal-null-conversion -Wno-objc-literal-conversion -Wshorten-64-to-32 -Wpointer-sign -Wno-newline-eof -Wno-selector -Wno-strict-selector-match -Wno-undeclared-selector -Wno-deprecated-implementations -Wno-implicit-fallthrough -fstrict-aliasing -Wprotocol -Wdeprecated-declarations -Wno-sign-conversion -Wno-infinite-recursion -Wno-comma -Wno-block-capture-autoreleasing -Wno-strict-prototypes -Wno-semicolon-before-method-body -index-store-path /Users/aryazaeri/Library/Developer/Xcode/DerivedData/BestBefore_Prototype_IOS-gbnddpnjsvathjdutdcktjqecxgh/Index.noindex/DataStore @/Users/aryazaeri/Library/Developer/Xcode/DerivedData/BestBefore_Prototype_IOS-gbnddpnjsvathjdutdcktjqecxgh/Build/Intermediates.noindex/GoogleUtilities.build/Debug-iphonesimulator/GoogleUtilities-Network.build/Objects-normal/x86_64/e6072d4f65d7061329687fe24e3d63a7-common-args.resp -include /Users/aryazaeri/Library/Developer/Xcode/DerivedData/BestBefore_Prototype_IOS-gbnddpnjsvathjdutdcktjqecxgh/Build/Intermediates.noindex/GoogleUtilities.build/Debug-iphonesimulator/GoogleUtilities-Network.build/DerivedSources/resource_bundle_accessor.h -MMD -MT dependencies -MF /Users/aryazaeri/Library/Developer/Xcode/DerivedData/BestBefore_Prototype_IOS-gbnddpnjsvathjdutdcktjqecxgh/Build/Intermediates.noindex/GoogleUtilities.build/Debug-iphonesimulator/GoogleUtilities-Network.build/Objects-normal/x86_64/GULNetworkURLSession.d --serialize-diagnostics /Users/aryazaeri/Library/Developer/Xcode/DerivedData/BestBefore_Prototype_IOS-gbnddpnjsvathjdutdcktjqecxgh/Build/Intermediates.noindex/GoogleUtilities.build/Debug-iphonesimulator/GoogleUtilities-Network.build/Objects-normal/x86_64/GULNetworkURLSession.dia -c /Users/aryazaeri/Library/Developer/Xcode/DerivedData/BestBefore_Prototype_IOS-gbnddpnjsvathjdutdcktjqecxgh/SourcePackages/checkouts/GoogleUtilities/GoogleUtilities/Network/GULNetworkURLSession.m -o /Users/aryazaeri/Library/Developer/Xcode/DerivedData/BestBefore_Prototype_IOS-gbnddpnjsvathjdutdcktjqecxgh/Build/Intermediates.noindex/GoogleUtilities.build/Debug-iphonesimulator/GoogleUtilities-Network.build/Objects-normal/x86_64/GULNetworkURLSession.o -index-unit-output-path /GoogleUtilities.build/Debug-iphonesimulator/GoogleUtilities-Network.build/Objects-normal/x86_64/GULNetworkURLSession.o

CompileC /Users/aryazaeri/Library/Developer/Xcode/DerivedData/BestBefore_Prototype_IOS-gbnddpnjsvathjdutdcktjqecxgh/Build/Intermediates.noindex/GoogleUtilities.build/Debug-iphonesimulator/GoogleUtilities-Network.build/Objects-normal/x86_64/GULNetworkConstants.o /Users/aryazaeri/Library/Developer/Xcode/DerivedData/BestBefore_Prototype_IOS-gbnddpnjsvathjdutdcktjqecxgh/SourcePackages/checkouts/GoogleUtilities/GoogleUtilities/Network/GULNetworkConstants.m normal x86_64 objective-c com.apple.compilers.llvm.clang.1_0.compiler (in target 'GoogleUtilities-Network' from project 'GoogleUtilities')
    cd /Users/aryazaeri/Desktop/BestBefore/BestBefore_V2/ios/BestBefore_Prototype_IOS/BestBefore_Prototype_IOS.xcodeproj
    
    Using response file: /Users/aryazaeri/Library/Developer/Xcode/DerivedData/BestBefore_Prototype_IOS-gbnddpnjsvathjdutdcktjqecxgh/Build/Intermediates.noindex/GoogleUtilities.build/Debug-iphonesimulator/GoogleUtilities-Network.build/Objects-normal/x86_64/e6072d4f65d7061329687fe24e3d63a7-common-args.resp
    
    /Applications/Xcode.app/Contents/Developer/Toolchains/XcodeDefault.xctoolchain/usr/bin/clang -x objective-c -ivfsstatcache /Users/aryazaeri/Library/Developer/Xcode/DerivedData/SDKStatCaches.noindex/iphonesimulator26.2-23C53-7d00a8b37fbd7999ea79df8ebc024bf0.sdkstatcache -fmessage-length\=0 -fdiagnostics-show-note-include-stack -fmacro-backtrace-limit\=0 -fno-color-diagnostics -fmodules-prune-interval\=86400 -fmodules-prune-after\=345600 -fbuild-session-file\=/Users/aryazaeri/Library/Developer/Xcode/DerivedData/ModuleCache.noindex/Session.modulevalidation -fmodules-validate-once-per-build-session -Wnon-modular-include-in-framework-module -Werror\=non-modular-include-in-framework-module -Wno-trigraphs -Wno-missing-field-initializers -Wno-missing-prototypes -Wno-return-type -Wno-implicit-atomic-properties -Wno-objc-interface-ivars -Wno-arc-repeated-use-of-weak -Wno-missing-braces -Wparentheses -Wswitch -Wno-unused-function -Wno-unused-label -Wno-unused-parameter -Wno-unused-variable -Wunused-value -Wno-empty-body -Wno-uninitialized -Wno-unknown-pragmas -w -Wno-shadow -Wno-four-char-constants -Wno-conversion -Wno-constant-conversion -Wno-int-conversion -Wno-bool-conversion -Wno-enum-conversion -Wno-float-conversion -Wno-non-literal-null-conversion -Wno-objc-literal-conversion -Wshorten-64-to-32 -Wpointer-sign -Wno-newline-eof -Wno-selector -Wno-strict-selector-match -Wno-undeclared-selector -Wno-deprecated-implementations -Wno-implicit-fallthrough -fstrict-aliasing -Wprotocol -Wdeprecated-declarations -Wno-sign-conversion -Wno-infinite-recursion -Wno-comma -Wno-block-capture-autoreleasing -Wno-strict-prototypes -Wno-semicolon-before-method-body -index-store-path /Users/aryazaeri/Library/Developer/Xcode/DerivedData/BestBefore_Prototype_IOS-gbnddpnjsvathjdutdcktjqecxgh/Index.noindex/DataStore @/Users/aryazaeri/Library/Developer/Xcode/DerivedData/BestBefore_Prototype_IOS-gbnddpnjsvathjdutdcktjqecxgh/Build/Intermediates.noindex/GoogleUtilities.build/Debug-iphonesimulator/GoogleUtilities-Network.build/Objects-normal/x86_64/e6072d4f65d7061329687fe24e3d63a7-common-args.resp -include /Users/aryazaeri/Library/Developer/Xcode/DerivedData/BestBefore_Prototype_IOS-gbnddpnjsvathjdutdcktjqecxgh/Build/Intermediates.noindex/GoogleUtilities.build/Debug-iphonesimulator/GoogleUtilities-Network.build/DerivedSources/resource_bundle_accessor.h -MMD -MT dependencies -MF /Users/aryazaeri/Library/Developer/Xcode/DerivedData/BestBefore_Prototype_IOS-gbnddpnjsvathjdutdcktjqecxgh/Build/Intermediates.noindex/GoogleUtilities.build/Debug-iphonesimulator/GoogleUtilities-Network.build/Objects-normal/x86_64/GULNetworkConstants.d --serialize-diagnostics /Users/aryazaeri/Library/Developer/Xcode/DerivedData/BestBefore_Prototype_IOS-gbnddpnjsvathjdutdcktjqecxgh/Build/Intermediates.noindex/GoogleUtilities.build/Debug-iphonesimulator/GoogleUtilities-Network.build/Objects-normal/x86_64/GULNetworkConstants.dia -c /Users/aryazaeri/Library/Developer/Xcode/DerivedData/BestBefore_Prototype_IOS-gbnddpnjsvathjdutdcktjqecxgh/SourcePackages/checkouts/GoogleUtilities/GoogleUtilities/Network/GULNetworkConstants.m -o /Users/aryazaeri/Library/Developer/Xcode/DerivedData/BestBefore_Prototype_IOS-gbnddpnjsvathjdutdcktjqecxgh/Build/Intermediates.noindex/GoogleUtilities.build/Debug-iphonesimulator/GoogleUtilities-Network.build/Objects-normal/x86_64/GULNetworkConstants.o -index-unit-output-path /GoogleUtilities.build/Debug-iphonesimulator/GoogleUtilities-Network.build/Objects-normal/x86_64/GULNetworkConstants.o

SwiftDriver BestBefore_Prototype_IOS normal arm64 com.apple.xcode.tools.swift.compiler (in target 'BestBefore_Prototype_IOS' from project 'BestBefore_Prototype_IOS')
    cd /Users/aryazaeri/Desktop/BestBefore/BestBefore_V2/ios/BestBefore_Prototype_IOS
    builtin-SwiftDriver -- /Applications/Xcode.app/Contents/Developer/Toolchains/XcodeDefault.xctoolchain/usr/bin/swiftc -module-name BestBefore_Prototype_IOS -Onone -enforce-exclusivity\=checked @/Users/aryazaeri/Library/Developer/Xcode/DerivedData/BestBefore_Prototype_IOS-gbnddpnjsvathjdutdcktjqecxgh/Build/Intermediates.noindex/BestBefore_Prototype_IOS.build/Debug-iphonesimulator/BestBefore_Prototype_IOS.build/Objects-normal/arm64/BestBefore_Prototype_IOS.SwiftFileList -DDEBUG -Xcc -fmodule-map-file\=/Users/aryazaeri/Library/Developer/Xcode/DerivedData/BestBefore_Prototype_IOS-gbnddpnjsvathjdutdcktjqecxgh/Build/Intermediates.noindex/GeneratedModuleMaps-iphonesimulator/RecaptchaInterop.modulemap -Xcc -fmodule-map-file\=/Users/aryazaeri/Library/Developer/Xcode/DerivedData/BestBefore_Prototype_IOS-gbnddpnjsvathjdutdcktjqecxgh/Build/Intermediates.noindex/GeneratedModuleMaps-iphonesimulator/GoogleUtilities-Network.modulemap -Xcc -fmodule-map-file\=/Users/aryazaeri/Library/Developer/Xcode/DerivedData/BestBefore_Prototype_IOS-gbnddpnjsvathjdutdcktjqecxgh/Build/Intermediates.noindex/GeneratedModuleMaps-iphonesimulator/GoogleUtilities-Reachability.modulemap -Xcc -fmodule-map-file\=/Users/aryazaeri/Library/Developer/Xcode/DerivedData/BestBefore_Prototype_IOS-gbnddpnjsvathjdutdcktjqecxgh/Build/Intermediates.noindex/GeneratedModuleMaps-iphonesimulator/GoogleUtilities-NSData.modulemap -Xcc -fmodule-map-file\=/Users/aryazaeri/Library/Developer/Xcode/DerivedData/BestBefore_Prototype_IOS-gbnddpnjsvathjdutdcktjqecxgh/Build/Intermediates.noindex/GeneratedModuleMaps-iphonesimulator/GoogleUtilities-Logger.modulemap -Xcc -fmodule-map-file\=/Users/aryazaeri/Library/Developer/Xcode/DerivedData/BestBefore_Prototype_IOS-gbnddpnjsvathjdutdcktjqecxgh/Build/Intermediates.noindex/GeneratedModuleMaps-iphonesimulator/GoogleUtilities-Environment.modulemap -Xcc -fmodule-map-file\=/Users/aryazaeri/Library/Developer/Xcode/DerivedData/BestBefore_Prototype_IOS-gbnddpnjsvathjdutdcktjqecxgh/Build/Intermediates.noindex/GeneratedModuleMaps-iphonesimulator/third-party-IsAppEncrypted.modulemap -Xcc -fmodule-map-file\=/Users/aryazaeri/Library/Developer/Xcode/DerivedData/BestBefore_Prototype_IOS-gbnddpnjsvathjdutdcktjqecxgh/Build/Intermediates.noindex/GeneratedModuleMaps-iphonesimulator/GoogleUtilities-AppDelegateSwizzler.modulemap -Xcc -fmodule-map-file\=/Users/aryazaeri/Library/Developer/Xcode/DerivedData/BestBefore_Prototype_IOS-gbnddpnjsvathjdutdcktjqecxgh/Build/Intermediates.noindex/GeneratedModuleMaps-iphonesimulator/GTMSessionFetcherCore.modulemap -Xcc -fmodule-map-file\=/Users/aryazaeri/Library/Developer/Xcode/DerivedData/BestBefore_Prototype_IOS-gbnddpnjsvathjdutdcktjqecxgh/Build/Intermediates.noindex/GeneratedModuleMaps-iphonesimulator/FirebaseCoreExtension.modulemap -Xcc -fmodule-map-file\=/Users/aryazaeri/Library/Developer/Xcode/DerivedData/BestBefore_Prototype_IOS-gbnddpnjsvathjdutdcktjqecxgh/Build/Intermediates.noindex/GeneratedModuleMaps-iphonesimulator/FirebaseCore.modulemap -Xcc -fmodule-map-file\=/Users/aryazaeri/Library/Developer/Xcode/DerivedData/BestBefore_Prototype_IOS-gbnddpnjsvathjdutdcktjqecxgh/Build/Intermediates.noindex/GeneratedModuleMaps-iphonesimulator/FirebaseAuthInternal.modulemap -Xcc -fmodule-map-file\=/Users/aryazaeri/Library/Developer/Xcode/DerivedData/BestBefore_Prototype_IOS-gbnddpnjsvathjdutdcktjqecxgh/Build/Intermediates.noindex/GeneratedModuleMaps-iphonesimulator/FirebaseAuthInterop.modulemap -Xcc -fmodule-map-file\=/Users/aryazaeri/Library/Developer/Xcode/DerivedData/BestBefore_Prototype_IOS-gbnddpnjsvathjdutdcktjqecxgh/Build/Intermediates.noindex/GeneratedModuleMaps-iphonesimulator/FirebaseAppCheckInterop.modulemap -default-isolation\=MainActor -enable-bare-slash-regex -enable-upcoming-feature DisableOutwardActorInference -enable-upcoming-feature InferSendableFromCaptures -enable-upcoming-feature GlobalActorIsolatedTypesUsability -enable-upcoming-feature MemberImportVisibility -enable-upcoming-feature InferIsolatedConformances -enable-upcoming-feature NonisolatedNonsendingByDefault -enable-experimental-feature DebugDescriptionMacro -sdk /Applications/Xcode.app/Contents/Developer/Platforms/iPhoneSimulator.platform/Developer/SDKs/iPhoneSimulator26.2.sdk -target arm64-apple-ios17.0-simulator -g -module-cache-path /Users/aryazaeri/Library/Developer/Xcode/DerivedData/ModuleCache.noindex -Xfrontend -serialize-debugging-options -enable-testing -index-store-path /Users/aryazaeri/Library/Developer/Xcode/DerivedData/BestBefore_Prototype_IOS-gbnddpnjsvathjdutdcktjqecxgh/Index.noindex/DataStore -Xcc -D_LIBCPP_HARDENING_MODE\=_LIBCPP_HARDENING_MODE_DEBUG -swift-version 5 -I /Users/aryazaeri/Library/Developer/Xcode/DerivedData/BestBefore_Prototype_IOS-gbnddpnjsvathjdutdcktjqecxgh/Build/Products/Debug-iphonesimulator -F /Users/aryazaeri/Library/Developer/Xcode/DerivedData/BestBefore_Prototype_IOS-gbnddpnjsvathjdutdcktjqecxgh/Build/Products/Debug-iphonesimulator/PackageFrameworks -F /Users/aryazaeri/Library/Developer/Xcode/DerivedData/BestBefore_Prototype_IOS-gbnddpnjsvathjdutdcktjqecxgh/Build/Products/Debug-iphonesimulator/PackageFrameworks -F /Users/aryazaeri/Library/Developer/Xcode/DerivedData/BestBefore_Prototype_IOS-gbnddpnjsvathjdutdcktjqecxgh/Build/Products/Debug-iphonesimulator/PackageFrameworks -F /Users/aryazaeri/Library/Developer/Xcode/DerivedData/BestBefore_Prototype_IOS-gbnddpnjsvathjdutdcktjqecxgh/Build/Products/Debug-iphonesimulator/PackageFrameworks -F /Users/aryazaeri/Library/Developer/Xcode/DerivedData/BestBefore_Prototype_IOS-gbnddpnjsvathjdutdcktjqecxgh/Build/Products/Debug-iphonesimulator/PackageFrameworks -F /Users/aryazaeri/Library/Developer/Xcode/DerivedData/BestBefore_Prototype_IOS-gbnddpnjsvathjdutdcktjqecxgh/Build/Products/Debug-iphonesimulator/PackageFrameworks -F /Users/aryazaeri/Library/Developer/Xcode/DerivedData/BestBefore_Prototype_IOS-gbnddpnjsvathjdutdcktjqecxgh/Build/Products/Debug-iphonesimulator/PackageFrameworks -F /Users/aryazaeri/Library/Developer/Xcode/DerivedData/BestBefore_Prototype_IOS-gbnddpnjsvathjdutdcktjqecxgh/Build/Products/Debug-iphonesimulator/PackageFrameworks -F /Users/aryazaeri/Library/Developer/Xcode/DerivedData/BestBefore_Prototype_IOS-gbnddpnjsvathjdutdcktjqecxgh/Build/Products/Debug-iphonesimulator/PackageFrameworks -F /Users/aryazaeri/Library/Developer/Xcode/DerivedData/BestBefore_Prototype_IOS-gbnddpnjsvathjdutdcktjqecxgh/Build/Products/Debug-iphonesimulator/PackageFrameworks -F /Users/aryazaeri/Library/Developer/Xcode/DerivedData/BestBefore_Prototype_IOS-gbnddpnjsvathjdutdcktjqecxgh/Build/Products/Debug-iphonesimulator/PackageFrameworks -F /Users/aryazaeri/Library/Developer/Xcode/DerivedData/BestBefore_Prototype_IOS-gbnddpnjsvathjdutdcktjqecxgh/Build/Products/Debug-iphonesimulator/PackageFrameworks -F /Users/aryazaeri/Library/Developer/Xcode/DerivedData/BestBefore_Prototype_IOS-gbnddpnjsvathjdutdcktjqecxgh/Build/Products/Debug-iphonesimulator/PackageFrameworks -F /Users/aryazaeri/Library/Developer/Xcode/DerivedData/BestBefore_Prototype_IOS-gbnddpnjsvathjdutdcktjqecxgh/Build/Products/Debug-iphonesimulator/PackageFrameworks -F /Users/aryazaeri/Library/Developer/Xcode/DerivedData/BestBefore_Prototype_IOS-gbnddpnjsvathjdutdcktjqecxgh/Build/Products/Debug-iphonesimulator/PackageFrameworks -F /Users/aryazaeri/Library/Developer/Xcode/DerivedData/BestBefore_Prototype_IOS-gbnddpnjsvathjdutdcktjqecxgh/Build/Products/Debug-iphonesimulator/PackageFrameworks -F /Users/aryazaeri/Library/Developer/Xcode/DerivedData/BestBefore_Prototype_IOS-gbnddpnjsvathjdutdcktjqecxgh/Build/Products/Debug-iphonesimulator/PackageFrameworks -F /Users/aryazaeri/Library/Developer/Xcode/DerivedData/BestBefore_Prototype_IOS-gbnddpnjsvathjdutdcktjqecxgh/Build/Products/Debug-iphonesimulator/PackageFrameworks -F /Users/aryazaeri/Library/Developer/Xcode/DerivedData/BestBefore_Prototype_IOS-gbnddpnjsvathjdutdcktjqecxgh/Build/Products/Debug-iphonesimulator -emit-localized-strings -emit-localized-strings-path /Users/aryazaeri/Library/Developer/Xcode/DerivedData/BestBefore_Prototype_IOS-gbnddpnjsvathjdutdcktjqecxgh/Build/Intermediates.noindex/BestBefore_Prototype_IOS.build/Debug-iphonesimulator/BestBefore_Prototype_IOS.build/Objects-normal/arm64 -c -j8 -enable-batch-mode -incremental -Xcc -ivfsstatcache -Xcc /Users/aryazaeri/Library/Developer/Xcode/DerivedData/SDKStatCaches.noindex/iphonesimulator26.2-23C53-7d00a8b37fbd7999ea79df8ebc024bf0.sdkstatcache -output-file-map /Users/aryazaeri/Library/Developer/Xcode/DerivedData/BestBefore_Prototype_IOS-gbnddpnjsvathjdutdcktjqecxgh/Build/Intermediates.noindex/BestBefore_Prototype_IOS.build/Debug-iphonesimulator/BestBefore_Prototype_IOS.build/Objects-normal/arm64/BestBefore_Prototype_IOS-OutputFileMap.json -use-frontend-parseable-output -save-temps -no-color-diagnostics -explicit-module-build -module-cache-path /Users/aryazaeri/Library/Developer/Xcode/DerivedData/BestBefore_Prototype_IOS-gbnddpnjsvathjdutdcktjqecxgh/Build/Intermediates.noindex/SwiftExplicitPrecompiledModules -clang-scanner-module-cache-path /Users/aryazaeri/Library/Developer/Xcode/DerivedData/ModuleCache.noindex -sdk-module-cache-path /Users/aryazaeri/Library/Developer/Xcode/DerivedData/ModuleCache.noindex -serialize-diagnostics -emit-dependencies -emit-module -emit-module-path /Users/aryazaeri/Library/Developer/Xcode/DerivedData/BestBefore_Prototype_IOS-gbnddpnjsvathjdutdcktjqecxgh/Build/Intermediates.noindex/BestBefore_Prototype_IOS.build/Debug-iphonesimulator/BestBefore_Prototype_IOS.build/Objects-normal/arm64/BestBefore_Prototype_IOS.swiftmodule -validate-clang-modules-once -clang-build-session-file /Users/aryazaeri/Library/Developer/Xcode/DerivedData/ModuleCache.noindex/Session.modulevalidation -Xcc -I/Users/aryazaeri/Library/Developer/Xcode/DerivedData/BestBefore_Prototype_IOS-gbnddpnjsvathjdutdcktjqecxgh/Build/Intermediates.noindex/BestBefore_Prototype_IOS.build/Debug-iphonesimulator/BestBefore_Prototype_IOS.build/swift-overrides.hmap -emit-const-values -Xfrontend -const-gather-protocols-file -Xfrontend /Users/aryazaeri/Library/Developer/Xcode/DerivedData/BestBefore_Prototype_IOS-gbnddpnjsvathjdutdcktjqecxgh/Build/Intermediates.noindex/BestBefore_Prototype_IOS.build/Debug-iphonesimulator/BestBefore_Prototype_IOS.build/Objects-normal/arm64/BestBefore_Prototype_IOS_const_extract_protocols.json -Xcc -iquote -Xcc /Users/aryazaeri/Library/Developer/Xcode/DerivedData/BestBefore_Prototype_IOS-gbnddpnjsvathjdutdcktjqecxgh/Build/Intermediates.noindex/BestBefore_Prototype_IOS.build/Debug-iphonesimulator/BestBefore_Prototype_IOS.build/BestBefore_Prototype_IOS-generated-files.hmap -Xcc -I/Users/aryazaeri/Library/Developer/Xcode/DerivedData/BestBefore_Prototype_IOS-gbnddpnjsvathjdutdcktjqecxgh/Build/Intermediates.noindex/BestBefore_Prototype_IOS.build/Debug-iphonesimulator/BestBefore_Prototype_IOS.build/BestBefore_Prototype_IOS-own-target-headers.hmap -Xcc -I/Users/aryazaeri/Library/Developer/Xcode/DerivedData/BestBefore_Prototype_IOS-gbnddpnjsvathjdutdcktjqecxgh/Build/Intermediates.noindex/BestBefore_Prototype_IOS.build/Debug-iphonesimulator/BestBefore_Prototype_IOS.build/BestBefore_Prototype_IOS-all-non-framework-target-headers.hmap -Xcc -ivfsoverlay -Xcc /Users/aryazaeri/Library/Developer/Xcode/DerivedData/BestBefore_Prototype_IOS-gbnddpnjsvathjdutdcktjqecxgh/Build/Intermediates.noindex/BestBefore_Prototype_IOS.build/Debug-iphonesimulator/BestBefore_Prototype_IOS-0d148ab7edcafde1a52dd57ef23ecfde-VFS-iphonesimulator/all-product-headers.yaml -Xcc -iquote -Xcc /Users/aryazaeri/Library/Developer/Xcode/DerivedData/BestBefore_Prototype_IOS-gbnddpnjsvathjdutdcktjqecxgh/Build/Intermediates.noindex/BestBefore_Prototype_IOS.build/Debug-iphonesimulator/BestBefore_Prototype_IOS.build/BestBefore_Prototype_IOS-project-headers.hmap -Xcc -I/Users/aryazaeri/Library/Developer/Xcode/DerivedData/BestBefore_Prototype_IOS-gbnddpnjsvathjdutdcktjqecxgh/SourcePackages/checkouts/interop-ios-for-google-sdks/RecaptchaEnterprise/RecaptchaInterop/Public -Xcc -I/Users/aryazaeri/Library/Developer/Xcode/DerivedData/BestBefore_Prototype_IOS-gbnddpnjsvathjdutdcktjqecxgh/SourcePackages/checkouts/GoogleUtilities/GoogleUtilities/Network/Public -Xcc -I/Users/aryazaeri/Library/Developer/Xcode/DerivedData/BestBefore_Prototype_IOS-gbnddpnjsvathjdutdcktjqecxgh/SourcePackages/checkouts/GoogleUtilities/GoogleUtilities/Reachability/Public -Xcc -I/Users/aryazaeri/Library/Developer/Xcode/DerivedData/BestBefore_Prototype_IOS-gbnddpnjsvathjdutdcktjqecxgh/SourcePackages/checkouts/GoogleUtilities/GoogleUtilities/NSData+zlib/Public -Xcc -I/Users/aryazaeri/Library/Developer/Xcode/DerivedData/BestBefore_Prototype_IOS-gbnddpnjsvathjdutdcktjqecxgh/SourcePackages/checkouts/GoogleUtilities/GoogleUtilities/Logger/Public -Xcc -I/Users/aryazaeri/Library/Developer/Xcode/DerivedData/BestBefore_Prototype_IOS-gbnddpnjsvathjdutdcktjqecxgh/SourcePackages/checkouts/GoogleUtilities/GoogleUtilities/Environment/Public -Xcc -I/Users/aryazaeri/Library/Developer/Xcode/DerivedData/BestBefore_Prototype_IOS-gbnddpnjsvathjdutdcktjqecxgh/SourcePackages/checkouts/GoogleUtilities/third_party/IsAppEncrypted/Public -Xcc -I/Users/aryazaeri/Library/Developer/Xcode/DerivedData/BestBefore_Prototype_IOS-gbnddpnjsvathjdutdcktjqecxgh/SourcePackages/checkouts/GoogleUtilities/GoogleUtilities/AppDelegateSwizzler/Public -Xcc -I/Users/aryazaeri/Library/Developer/Xcode/DerivedData/BestBefore_Prototype_IOS-gbnddpnjsvathjdutdcktjqecxgh/SourcePackages/checkouts/gtm-session-fetcher/Sources/Core/Public -Xcc -I/Users/aryazaeri/Library/Developer/Xcode/DerivedData/BestBefore_Prototype_IOS-gbnddpnjsvathjdutdcktjqecxgh/SourcePackages/checkouts/firebase-ios-sdk/FirebaseCore/Extension -Xcc -I/Users/aryazaeri/Library/Developer/Xcode/DerivedData/BestBefore_Prototype_IOS-gbnddpnjsvathjdutdcktjqecxgh/SourcePackages/checkouts/firebase-ios-sdk/FirebaseCore/Sources/Public -Xcc -I/Users/aryazaeri/Library/Developer/Xcode/DerivedData/BestBefore_Prototype_IOS-gbnddpnjsvathjdutdcktjqecxgh/SourcePackages/checkouts/firebase-ios-sdk/CoreOnly/Sources -Xcc -I/Users/aryazaeri/Library/Developer/Xcode/DerivedData/BestBefore_Prototype_IOS-gbnddpnjsvathjdutdcktjqecxgh/SourcePackages/checkouts/firebase-ios-sdk/FirebaseAuth/Sources/Public -Xcc -I/Users/aryazaeri/Library/Developer/Xcode/DerivedData/BestBefore_Prototype_IOS-gbnddpnjsvathjdutdcktjqecxgh/SourcePackages/checkouts/firebase-ios-sdk/FirebaseAuth/Interop/Public -Xcc -I/Users/aryazaeri/Library/Developer/Xcode/DerivedData/BestBefore_Prototype_IOS-gbnddpnjsvathjdutdcktjqecxgh/SourcePackages/checkouts/firebase-ios-sdk/FirebaseAppCheck/Interop/Public -Xcc -I/Users/aryazaeri/Library/Developer/Xcode/DerivedData/BestBefore_Prototype_IOS-gbnddpnjsvathjdutdcktjqecxgh/Build/Products/Debug-iphonesimulator/include -Xcc -I/Users/aryazaeri/Library/Developer/Xcode/DerivedData/BestBefore_Prototype_IOS-gbnddpnjsvathjdutdcktjqecxgh/Build/Intermediates.noindex/BestBefore_Prototype_IOS.build/Debug-iphonesimulator/BestBefore_Prototype_IOS.build/DerivedSources-normal/arm64 -Xcc -I/Users/aryazaeri/Library/Developer/Xcode/DerivedData/BestBefore_Prototype_IOS-gbnddpnjsvathjdutdcktjqecxgh/Build/Intermediates.noindex/BestBefore_Prototype_IOS.build/Debug-iphonesimulator/BestBefore_Prototype_IOS.build/DerivedSources/arm64 -Xcc -I/Users/aryazaeri/Library/Developer/Xcode/DerivedData/BestBefore_Prototype_IOS-gbnddpnjsvathjdutdcktjqecxgh/Build/Intermediates.noindex/BestBefore_Prototype_IOS.build/Debug-iphonesimulator/BestBefore_Prototype_IOS.build/DerivedSources -Xcc -DDEBUG\=1 -emit-objc-header -emit-objc-header-path /Users/aryazaeri/Library/Developer/Xcode/DerivedData/BestBefore_Prototype_IOS-gbnddpnjsvathjdutdcktjqecxgh/Build/Intermediates.noindex/BestBefore_Prototype_IOS.build/Debug-iphonesimulator/BestBefore_Prototype_IOS.build/Objects-normal/arm64/BestBefore_Prototype_IOS-Swift.h -working-directory /Users/aryazaeri/Desktop/BestBefore/BestBefore_V2/ios/BestBefore_Prototype_IOS -experimental-emit-module-separately -disable-cmo

SwiftDriver BestBefore_Prototype_IOS normal x86_64 com.apple.xcode.tools.swift.compiler (in target 'BestBefore_Prototype_IOS' from project 'BestBefore_Prototype_IOS')
    cd /Users/aryazaeri/Desktop/BestBefore/BestBefore_V2/ios/BestBefore_Prototype_IOS
    builtin-SwiftDriver -- /Applications/Xcode.app/Contents/Developer/Toolchains/XcodeDefault.xctoolchain/usr/bin/swiftc -module-name BestBefore_Prototype_IOS -Onone -enforce-exclusivity\=checked @/Users/aryazaeri/Library/Developer/Xcode/DerivedData/BestBefore_Prototype_IOS-gbnddpnjsvathjdutdcktjqecxgh/Build/Intermediates.noindex/BestBefore_Prototype_IOS.build/Debug-iphonesimulator/BestBefore_Prototype_IOS.build/Objects-normal/x86_64/BestBefore_Prototype_IOS.SwiftFileList -DDEBUG -Xcc -fmodule-map-file\=/Users/aryazaeri/Library/Developer/Xcode/DerivedData/BestBefore_Prototype_IOS-gbnddpnjsvathjdutdcktjqecxgh/Build/Intermediates.noindex/GeneratedModuleMaps-iphonesimulator/RecaptchaInterop.modulemap -Xcc -fmodule-map-file\=/Users/aryazaeri/Library/Developer/Xcode/DerivedData/BestBefore_Prototype_IOS-gbnddpnjsvathjdutdcktjqecxgh/Build/Intermediates.noindex/GeneratedModuleMaps-iphonesimulator/GoogleUtilities-Network.modulemap -Xcc -fmodule-map-file\=/Users/aryazaeri/Library/Developer/Xcode/DerivedData/BestBefore_Prototype_IOS-gbnddpnjsvathjdutdcktjqecxgh/Build/Intermediates.noindex/GeneratedModuleMaps-iphonesimulator/GoogleUtilities-Reachability.modulemap -Xcc -fmodule-map-file\=/Users/aryazaeri/Library/Developer/Xcode/DerivedData/BestBefore_Prototype_IOS-gbnddpnjsvathjdutdcktjqecxgh/Build/Intermediates.noindex/GeneratedModuleMaps-iphonesimulator/GoogleUtilities-NSData.modulemap -Xcc -fmodule-map-file\=/Users/aryazaeri/Library/Developer/Xcode/DerivedData/BestBefore_Prototype_IOS-gbnddpnjsvathjdutdcktjqecxgh/Build/Intermediates.noindex/GeneratedModuleMaps-iphonesimulator/GoogleUtilities-Logger.modulemap -Xcc -fmodule-map-file\=/Users/aryazaeri/Library/Developer/Xcode/DerivedData/BestBefore_Prototype_IOS-gbnddpnjsvathjdutdcktjqecxgh/Build/Intermediates.noindex/GeneratedModuleMaps-iphonesimulator/GoogleUtilities-Environment.modulemap -Xcc -fmodule-map-file\=/Users/aryazaeri/Library/Developer/Xcode/DerivedData/BestBefore_Prototype_IOS-gbnddpnjsvathjdutdcktjqecxgh/Build/Intermediates.noindex/GeneratedModuleMaps-iphonesimulator/third-party-IsAppEncrypted.modulemap -Xcc -fmodule-map-file\=/Users/aryazaeri/Library/Developer/Xcode/DerivedData/BestBefore_Prototype_IOS-gbnddpnjsvathjdutdcktjqecxgh/Build/Intermediates.noindex/GeneratedModuleMaps-iphonesimulator/GoogleUtilities-AppDelegateSwizzler.modulemap -Xcc -fmodule-map-file\=/Users/aryazaeri/Library/Developer/Xcode/DerivedData/BestBefore_Prototype_IOS-gbnddpnjsvathjdutdcktjqecxgh/Build/Intermediates.noindex/GeneratedModuleMaps-iphonesimulator/GTMSessionFetcherCore.modulemap -Xcc -fmodule-map-file\=/Users/aryazaeri/Library/Developer/Xcode/DerivedData/BestBefore_Prototype_IOS-gbnddpnjsvathjdutdcktjqecxgh/Build/Intermediates.noindex/GeneratedModuleMaps-iphonesimulator/FirebaseCoreExtension.modulemap -Xcc -fmodule-map-file\=/Users/aryazaeri/Library/Developer/Xcode/DerivedData/BestBefore_Prototype_IOS-gbnddpnjsvathjdutdcktjqecxgh/Build/Intermediates.noindex/GeneratedModuleMaps-iphonesimulator/FirebaseCore.modulemap -Xcc -fmodule-map-file\=/Users/aryazaeri/Library/Developer/Xcode/DerivedData/BestBefore_Prototype_IOS-gbnddpnjsvathjdutdcktjqecxgh/Build/Intermediates.noindex/GeneratedModuleMaps-iphonesimulator/FirebaseAuthInternal.modulemap -Xcc -fmodule-map-file\=/Users/aryazaeri/Library/Developer/Xcode/DerivedData/BestBefore_Prototype_IOS-gbnddpnjsvathjdutdcktjqecxgh/Build/Intermediates.noindex/GeneratedModuleMaps-iphonesimulator/FirebaseAuthInterop.modulemap -Xcc -fmodule-map-file\=/Users/aryazaeri/Library/Developer/Xcode/DerivedData/BestBefore_Prototype_IOS-gbnddpnjsvathjdutdcktjqecxgh/Build/Intermediates.noindex/GeneratedModuleMaps-iphonesimulator/FirebaseAppCheckInterop.modulemap -default-isolation\=MainActor -enable-bare-slash-regex -enable-upcoming-feature DisableOutwardActorInference -enable-upcoming-feature InferSendableFromCaptures -enable-upcoming-feature GlobalActorIsolatedTypesUsability -enable-upcoming-feature MemberImportVisibility -enable-upcoming-feature InferIsolatedConformances -enable-upcoming-feature NonisolatedNonsendingByDefault -enable-experimental-feature DebugDescriptionMacro -sdk /Applications/Xcode.app/Contents/Developer/Platforms/iPhoneSimulator.platform/Developer/SDKs/iPhoneSimulator26.2.sdk -target x86_64-apple-ios17.0-simulator -g -module-cache-path /Users/aryazaeri/Library/Developer/Xcode/DerivedData/ModuleCache.noindex -Xfrontend -serialize-debugging-options -enable-testing -index-store-path /Users/aryazaeri/Library/Developer/Xcode/DerivedData/BestBefore_Prototype_IOS-gbnddpnjsvathjdutdcktjqecxgh/Index.noindex/DataStore -Xcc -D_LIBCPP_HARDENING_MODE\=_LIBCPP_HARDENING_MODE_DEBUG -swift-version 5 -I /Users/aryazaeri/Library/Developer/Xcode/DerivedData/BestBefore_Prototype_IOS-gbnddpnjsvathjdutdcktjqecxgh/Build/Products/Debug-iphonesimulator -F /Users/aryazaeri/Library/Developer/Xcode/DerivedData/BestBefore_Prototype_IOS-gbnddpnjsvathjdutdcktjqecxgh/Build/Products/Debug-iphonesimulator/PackageFrameworks -F /Users/aryazaeri/Library/Developer/Xcode/DerivedData/BestBefore_Prototype_IOS-gbnddpnjsvathjdutdcktjqecxgh/Build/Products/Debug-iphonesimulator/PackageFrameworks -F /Users/aryazaeri/Library/Developer/Xcode/DerivedData/BestBefore_Prototype_IOS-gbnddpnjsvathjdutdcktjqecxgh/Build/Products/Debug-iphonesimulator/PackageFrameworks -F /Users/aryazaeri/Library/Developer/Xcode/DerivedData/BestBefore_Prototype_IOS-gbnddpnjsvathjdutdcktjqecxgh/Build/Products/Debug-iphonesimulator/PackageFrameworks -F /Users/aryazaeri/Library/Developer/Xcode/DerivedData/BestBefore_Prototype_IOS-gbnddpnjsvathjdutdcktjqecxgh/Build/Products/Debug-iphonesimulator/PackageFrameworks -F /Users/aryazaeri/Library/Developer/Xcode/DerivedData/BestBefore_Prototype_IOS-gbnddpnjsvathjdutdcktjqecxgh/Build/Products/Debug-iphonesimulator/PackageFrameworks -F /Users/aryazaeri/Library/Developer/Xcode/DerivedData/BestBefore_Prototype_IOS-gbnddpnjsvathjdutdcktjqecxgh/Build/Products/Debug-iphonesimulator/PackageFrameworks -F /Users/aryazaeri/Library/Developer/Xcode/DerivedData/BestBefore_Prototype_IOS-gbnddpnjsvathjdutdcktjqecxgh/Build/Products/Debug-iphonesimulator/PackageFrameworks -F /Users/aryazaeri/Library/Developer/Xcode/DerivedData/BestBefore_Prototype_IOS-gbnddpnjsvathjdutdcktjqecxgh/Build/Products/Debug-iphonesimulator/PackageFrameworks -F /Users/aryazaeri/Library/Developer/Xcode/DerivedData/BestBefore_Prototype_IOS-gbnddpnjsvathjdutdcktjqecxgh/Build/Products/Debug-iphonesimulator/PackageFrameworks -F /Users/aryazaeri/Library/Developer/Xcode/DerivedData/BestBefore_Prototype_IOS-gbnddpnjsvathjdutdcktjqecxgh/Build/Products/Debug-iphonesimulator/PackageFrameworks -F /Users/aryazaeri/Library/Developer/Xcode/DerivedData/BestBefore_Prototype_IOS-gbnddpnjsvathjdutdcktjqecxgh/Build/Products/Debug-iphonesimulator/PackageFrameworks -F /Users/aryazaeri/Library/Developer/Xcode/DerivedData/BestBefore_Prototype_IOS-gbnddpnjsvathjdutdcktjqecxgh/Build/Products/Debug-iphonesimulator/PackageFrameworks -F /Users/aryazaeri/Library/Developer/Xcode/DerivedData/BestBefore_Prototype_IOS-gbnddpnjsvathjdutdcktjqecxgh/Build/Products/Debug-iphonesimulator/PackageFrameworks -F /Users/aryazaeri/Library/Developer/Xcode/DerivedData/BestBefore_Prototype_IOS-gbnddpnjsvathjdutdcktjqecxgh/Build/Products/Debug-iphonesimulator/PackageFrameworks -F /Users/aryazaeri/Library/Developer/Xcode/DerivedData/BestBefore_Prototype_IOS-gbnddpnjsvathjdutdcktjqecxgh/Build/Products/Debug-iphonesimulator/PackageFrameworks -F /Users/aryazaeri/Library/Developer/Xcode/DerivedData/BestBefore_Prototype_IOS-gbnddpnjsvathjdutdcktjqecxgh/Build/Products/Debug-iphonesimulator/PackageFrameworks -F /Users/aryazaeri/Library/Developer/Xcode/DerivedData/BestBefore_Prototype_IOS-gbnddpnjsvathjdutdcktjqecxgh/Build/Products/Debug-iphonesimulator/PackageFrameworks -F /Users/aryazaeri/Library/Developer/Xcode/DerivedData/BestBefore_Prototype_IOS-gbnddpnjsvathjdutdcktjqecxgh/Build/Products/Debug-iphonesimulator -emit-localized-strings -emit-localized-strings-path /Users/aryazaeri/Library/Developer/Xcode/DerivedData/BestBefore_Prototype_IOS-gbnddpnjsvathjdutdcktjqecxgh/Build/Intermediates.noindex/BestBefore_Prototype_IOS.build/Debug-iphonesimulator/BestBefore_Prototype_IOS.build/Objects-normal/x86_64 -c -j8 -enable-batch-mode -incremental -Xcc -ivfsstatcache -Xcc /Users/aryazaeri/Library/Developer/Xcode/DerivedData/SDKStatCaches.noindex/iphonesimulator26.2-23C53-7d00a8b37fbd7999ea79df8ebc024bf0.sdkstatcache -output-file-map /Users/aryazaeri/Library/Developer/Xcode/DerivedData/BestBefore_Prototype_IOS-gbnddpnjsvathjdutdcktjqecxgh/Build/Intermediates.noindex/BestBefore_Prototype_IOS.build/Debug-iphonesimulator/BestBefore_Prototype_IOS.build/Objects-normal/x86_64/BestBefore_Prototype_IOS-OutputFileMap.json -use-frontend-parseable-output -save-temps -no-color-diagnostics -explicit-module-build -module-cache-path /Users/aryazaeri/Library/Developer/Xcode/DerivedData/BestBefore_Prototype_IOS-gbnddpnjsvathjdutdcktjqecxgh/Build/Intermediates.noindex/SwiftExplicitPrecompiledModules -clang-scanner-module-cache-path /Users/aryazaeri/Library/Developer/Xcode/DerivedData/ModuleCache.noindex -sdk-module-cache-path /Users/aryazaeri/Library/Developer/Xcode/DerivedData/ModuleCache.noindex -serialize-diagnostics -emit-dependencies -emit-module -emit-module-path /Users/aryazaeri/Library/Developer/Xcode/DerivedData/BestBefore_Prototype_IOS-gbnddpnjsvathjdutdcktjqecxgh/Build/Intermediates.noindex/BestBefore_Prototype_IOS.build/Debug-iphonesimulator/BestBefore_Prototype_IOS.build/Objects-normal/x86_64/BestBefore_Prototype_IOS.swiftmodule -validate-clang-modules-once -clang-build-session-file /Users/aryazaeri/Library/Developer/Xcode/DerivedData/ModuleCache.noindex/Session.modulevalidation -Xcc -I/Users/aryazaeri/Library/Developer/Xcode/DerivedData/BestBefore_Prototype_IOS-gbnddpnjsvathjdutdcktjqecxgh/Build/Intermediates.noindex/BestBefore_Prototype_IOS.build/Debug-iphonesimulator/BestBefore_Prototype_IOS.build/swift-overrides.hmap -emit-const-values -Xfrontend -const-gather-protocols-file -Xfrontend /Users/aryazaeri/Library/Developer/Xcode/DerivedData/BestBefore_Prototype_IOS-gbnddpnjsvathjdutdcktjqecxgh/Build/Intermediates.noindex/BestBefore_Prototype_IOS.build/Debug-iphonesimulator/BestBefore_Prototype_IOS.build/Objects-normal/x86_64/BestBefore_Prototype_IOS_const_extract_protocols.json -Xcc -iquote -Xcc /Users/aryazaeri/Library/Developer/Xcode/DerivedData/BestBefore_Prototype_IOS-gbnddpnjsvathjdutdcktjqecxgh/Build/Intermediates.noindex/BestBefore_Prototype_IOS.build/Debug-iphonesimulator/BestBefore_Prototype_IOS.build/BestBefore_Prototype_IOS-generated-files.hmap -Xcc -I/Users/aryazaeri/Library/Developer/Xcode/DerivedData/BestBefore_Prototype_IOS-gbnddpnjsvathjdutdcktjqecxgh/Build/Intermediates.noindex/BestBefore_Prototype_IOS.build/Debug-iphonesimulator/BestBefore_Prototype_IOS.build/BestBefore_Prototype_IOS-own-target-headers.hmap -Xcc -I/Users/aryazaeri/Library/Developer/Xcode/DerivedData/BestBefore_Prototype_IOS-gbnddpnjsvathjdutdcktjqecxgh/Build/Intermediates.noindex/BestBefore_Prototype_IOS.build/Debug-iphonesimulator/BestBefore_Prototype_IOS.build/BestBefore_Prototype_IOS-all-non-framework-target-headers.hmap -Xcc -ivfsoverlay -Xcc /Users/aryazaeri/Library/Developer/Xcode/DerivedData/BestBefore_Prototype_IOS-gbnddpnjsvathjdutdcktjqecxgh/Build/Intermediates.noindex/BestBefore_Prototype_IOS.build/Debug-iphonesimulator/BestBefore_Prototype_IOS-0d148ab7edcafde1a52dd57ef23ecfde-VFS-iphonesimulator/all-product-headers.yaml -Xcc -iquote -Xcc /Users/aryazaeri/Library/Developer/Xcode/DerivedData/BestBefore_Prototype_IOS-gbnddpnjsvathjdutdcktjqecxgh/Build/Intermediates.noindex/BestBefore_Prototype_IOS.build/Debug-iphonesimulator/BestBefore_Prototype_IOS.build/BestBefore_Prototype_IOS-project-headers.hmap -Xcc -I/Users/aryazaeri/Library/Developer/Xcode/DerivedData/BestBefore_Prototype_IOS-gbnddpnjsvathjdutdcktjqecxgh/SourcePackages/checkouts/interop-ios-for-google-sdks/RecaptchaEnterprise/RecaptchaInterop/Public -Xcc -I/Users/aryazaeri/Library/Developer/Xcode/DerivedData/BestBefore_Prototype_IOS-gbnddpnjsvathjdutdcktjqecxgh/SourcePackages/checkouts/GoogleUtilities/GoogleUtilities/Network/Public -Xcc -I/Users/aryazaeri/Library/Developer/Xcode/DerivedData/BestBefore_Prototype_IOS-gbnddpnjsvathjdutdcktjqecxgh/SourcePackages/checkouts/GoogleUtilities/GoogleUtilities/Reachability/Public -Xcc -I/Users/aryazaeri/Library/Developer/Xcode/DerivedData/BestBefore_Prototype_IOS-gbnddpnjsvathjdutdcktjqecxgh/SourcePackages/checkouts/GoogleUtilities/GoogleUtilities/NSData+zlib/Public -Xcc -I/Users/aryazaeri/Library/Developer/Xcode/DerivedData/BestBefore_Prototype_IOS-gbnddpnjsvathjdutdcktjqecxgh/SourcePackages/checkouts/GoogleUtilities/GoogleUtilities/Logger/Public -Xcc -I/Users/aryazaeri/Library/Developer/Xcode/DerivedData/BestBefore_Prototype_IOS-gbnddpnjsvathjdutdcktjqecxgh/SourcePackages/checkouts/GoogleUtilities/GoogleUtilities/Environment/Public -Xcc -I/Users/aryazaeri/Library/Developer/Xcode/DerivedData/BestBefore_Prototype_IOS-gbnddpnjsvathjdutdcktjqecxgh/SourcePackages/checkouts/GoogleUtilities/third_party/IsAppEncrypted/Public -Xcc -I/Users/aryazaeri/Library/Developer/Xcode/DerivedData/BestBefore_Prototype_IOS-gbnddpnjsvathjdutdcktjqecxgh/SourcePackages/checkouts/GoogleUtilities/GoogleUtilities/AppDelegateSwizzler/Public -Xcc -I/Users/aryazaeri/Library/Developer/Xcode/DerivedData/BestBefore_Prototype_IOS-gbnddpnjsvathjdutdcktjqecxgh/SourcePackages/checkouts/gtm-session-fetcher/Sources/Core/Public -Xcc -I/Users/aryazaeri/Library/Developer/Xcode/DerivedData/BestBefore_Prototype_IOS-gbnddpnjsvathjdutdcktjqecxgh/SourcePackages/checkouts/firebase-ios-sdk/FirebaseCore/Extension -Xcc -I/Users/aryazaeri/Library/Developer/Xcode/DerivedData/BestBefore_Prototype_IOS-gbnddpnjsvathjdutdcktjqecxgh/SourcePackages/checkouts/firebase-ios-sdk/FirebaseCore/Sources/Public -Xcc -I/Users/aryazaeri/Library/Developer/Xcode/DerivedData/BestBefore_Prototype_IOS-gbnddpnjsvathjdutdcktjqecxgh/SourcePackages/checkouts/firebase-ios-sdk/CoreOnly/Sources -Xcc -I/Users/aryazaeri/Library/Developer/Xcode/DerivedData/BestBefore_Prototype_IOS-gbnddpnjsvathjdutdcktjqecxgh/SourcePackages/checkouts/firebase-ios-sdk/FirebaseAuth/Sources/Public -Xcc -I/Users/aryazaeri/Library/Developer/Xcode/DerivedData/BestBefore_Prototype_IOS-gbnddpnjsvathjdutdcktjqecxgh/SourcePackages/checkouts/firebase-ios-sdk/FirebaseAuth/Interop/Public -Xcc -I/Users/aryazaeri/Library/Developer/Xcode/DerivedData/BestBefore_Prototype_IOS-gbnddpnjsvathjdutdcktjqecxgh/SourcePackages/checkouts/firebase-ios-sdk/FirebaseAppCheck/Interop/Public -Xcc -I/Users/aryazaeri/Library/Developer/Xcode/DerivedData/BestBefore_Prototype_IOS-gbnddpnjsvathjdutdcktjqecxgh/Build/Products/Debug-iphonesimulator/include -Xcc -I/Users/aryazaeri/Library/Developer/Xcode/DerivedData/BestBefore_Prototype_IOS-gbnddpnjsvathjdutdcktjqecxgh/Build/Intermediates.noindex/BestBefore_Prototype_IOS.build/Debug-iphonesimulator/BestBefore_Prototype_IOS.build/DerivedSources-normal/x86_64 -Xcc -I/Users/aryazaeri/Library/Developer/Xcode/DerivedData/BestBefore_Prototype_IOS-gbnddpnjsvathjdutdcktjqecxgh/Build/Intermediates.noindex/BestBefore_Prototype_IOS.build/Debug-iphonesimulator/BestBefore_Prototype_IOS.build/DerivedSources/x86_64 -Xcc -I/Users/aryazaeri/Library/Developer/Xcode/DerivedData/BestBefore_Prototype_IOS-gbnddpnjsvathjdutdcktjqecxgh/Build/Intermediates.noindex/BestBefore_Prototype_IOS.build/Debug-iphonesimulator/BestBefore_Prototype_IOS.build/DerivedSources -Xcc -DDEBUG\=1 -emit-objc-header -emit-objc-header-path /Users/aryazaeri/Library/Developer/Xcode/DerivedData/BestBefore_Prototype_IOS-gbnddpnjsvathjdutdcktjqecxgh/Build/Intermediates.noindex/BestBefore_Prototype_IOS.build/Debug-iphonesimulator/BestBefore_Prototype_IOS.build/Objects-normal/x86_64/BestBefore_Prototype_IOS-Swift.h -working-directory /Users/aryazaeri/Desktop/BestBefore/BestBefore_V2/ios/BestBefore_Prototype_IOS -experimental-emit-module-separately -disable-cmo

PrecompileModule /Users/aryazaeri/Library/Developer/Xcode/DerivedData/BestBefore_Prototype_IOS-gbnddpnjsvathjdutdcktjqecxgh/Build/Intermediates.noindex/ExplicitPrecompiledModules/Foundation-BCPBM95FIV1EUVW68DG1HDBI3.scan
    cd /
    builtin-precompileModule /Users/aryazaeri/Library/Developer/Xcode/DerivedData/BestBefore_Prototype_IOS-gbnddpnjsvathjdutdcktjqecxgh/Build/Intermediates.noindex/ExplicitPrecompiledModules/Foundation-BCPBM95FIV1EUVW68DG1HDBI3.scan

CompileC /Users/aryazaeri/Library/Developer/Xcode/DerivedData/BestBefore_Prototype_IOS-gbnddpnjsvathjdutdcktjqecxgh/Build/Intermediates.noindex/GoogleUtilities.build/Debug-iphonesimulator/GoogleUtilities-Network.build/Objects-normal/x86_64/GULMutableDictionary.o /Users/aryazaeri/Library/Developer/Xcode/DerivedData/BestBefore_Prototype_IOS-gbnddpnjsvathjdutdcktjqecxgh/SourcePackages/checkouts/GoogleUtilities/GoogleUtilities/Network/GULMutableDictionary.m normal x86_64 objective-c com.apple.compilers.llvm.clang.1_0.compiler (in target 'GoogleUtilities-Network' from project 'GoogleUtilities')
    cd /Users/aryazaeri/Desktop/BestBefore/BestBefore_V2/ios/BestBefore_Prototype_IOS/BestBefore_Prototype_IOS.xcodeproj
    
    Using response file: /Users/aryazaeri/Library/Developer/Xcode/DerivedData/BestBefore_Prototype_IOS-gbnddpnjsvathjdutdcktjqecxgh/Build/Intermediates.noindex/GoogleUtilities.build/Debug-iphonesimulator/GoogleUtilities-Network.build/Objects-normal/x86_64/e6072d4f65d7061329687fe24e3d63a7-common-args.resp
    
    /Applications/Xcode.app/Contents/Developer/Toolchains/XcodeDefault.xctoolchain/usr/bin/clang -x objective-c -ivfsstatcache /Users/aryazaeri/Library/Developer/Xcode/DerivedData/SDKStatCaches.noindex/iphonesimulator26.2-23C53-7d00a8b37fbd7999ea79df8ebc024bf0.sdkstatcache -fmessage-length\=0 -fdiagnostics-show-note-include-stack -fmacro-backtrace-limit\=0 -fno-color-diagnostics -fmodules-prune-interval\=86400 -fmodules-prune-after\=345600 -fbuild-session-file\=/Users/aryazaeri/Library/Developer/Xcode/DerivedData/ModuleCache.noindex/Session.modulevalidation -fmodules-validate-once-per-build-session -Wnon-modular-include-in-framework-module -Werror\=non-modular-include-in-framework-module -Wno-trigraphs -Wno-missing-field-initializers -Wno-missing-prototypes -Wno-return-type -Wno-implicit-atomic-properties -Wno-objc-interface-ivars -Wno-arc-repeated-use-of-weak -Wno-missing-braces -Wparentheses -Wswitch -Wno-unused-function -Wno-unused-label -Wno-unused-parameter -Wno-unused-variable -Wunused-value -Wno-empty-body -Wno-uninitialized -Wno-unknown-pragmas -w -Wno-shadow -Wno-four-char-constants -Wno-conversion -Wno-constant-conversion -Wno-int-conversion -Wno-bool-conversion -Wno-enum-conversion -Wno-float-conversion -Wno-non-literal-null-conversion -Wno-objc-literal-conversion -Wshorten-64-to-32 -Wpointer-sign -Wno-newline-eof -Wno-selector -Wno-strict-selector-match -Wno-undeclared-selector -Wno-deprecated-implementations -Wno-implicit-fallthrough -fstrict-aliasing -Wprotocol -Wdeprecated-declarations -Wno-sign-conversion -Wno-infinite-recursion -Wno-comma -Wno-block-capture-autoreleasing -Wno-strict-prototypes -Wno-semicolon-before-method-body -index-store-path /Users/aryazaeri/Library/Developer/Xcode/DerivedData/BestBefore_Prototype_IOS-gbnddpnjsvathjdutdcktjqecxgh/Index.noindex/DataStore @/Users/aryazaeri/Library/Developer/Xcode/DerivedData/BestBefore_Prototype_IOS-gbnddpnjsvathjdutdcktjqecxgh/Build/Intermediates.noindex/GoogleUtilities.build/Debug-iphonesimulator/GoogleUtilities-Network.build/Objects-normal/x86_64/e6072d4f65d7061329687fe24e3d63a7-common-args.resp -include /Users/aryazaeri/Library/Developer/Xcode/DerivedData/BestBefore_Prototype_IOS-gbnddpnjsvathjdutdcktjqecxgh/Build/Intermediates.noindex/GoogleUtilities.build/Debug-iphonesimulator/GoogleUtilities-Network.build/DerivedSources/resource_bundle_accessor.h -MMD -MT dependencies -MF /Users/aryazaeri/Library/Developer/Xcode/DerivedData/BestBefore_Prototype_IOS-gbnddpnjsvathjdutdcktjqecxgh/Build/Intermediates.noindex/GoogleUtilities.build/Debug-iphonesimulator/GoogleUtilities-Network.build/Objects-normal/x86_64/GULMutableDictionary.d --serialize-diagnostics /Users/aryazaeri/Library/Developer/Xcode/DerivedData/BestBefore_Prototype_IOS-gbnddpnjsvathjdutdcktjqecxgh/Build/Intermediates.noindex/GoogleUtilities.build/Debug-iphonesimulator/GoogleUtilities-Network.build/Objects-normal/x86_64/GULMutableDictionary.dia -c /Users/aryazaeri/Library/Developer/Xcode/DerivedData/BestBefore_Prototype_IOS-gbnddpnjsvathjdutdcktjqecxgh/SourcePackages/checkouts/GoogleUtilities/GoogleUtilities/Network/GULMutableDictionary.m -o /Users/aryazaeri/Library/Developer/Xcode/DerivedData/BestBefore_Prototype_IOS-gbnddpnjsvathjdutdcktjqecxgh/Build/Intermediates.noindex/GoogleUtilities.build/Debug-iphonesimulator/GoogleUtilities-Network.build/Objects-normal/x86_64/GULMutableDictionary.o -index-unit-output-path /GoogleUtilities.build/Debug-iphonesimulator/GoogleUtilities-Network.build/Objects-normal/x86_64/GULMutableDictionary.o

PrecompileModule /Users/aryazaeri/Library/Developer/Xcode/DerivedData/BestBefore_Prototype_IOS-gbnddpnjsvathjdutdcktjqecxgh/Build/Intermediates.noindex/ExplicitPrecompiledModules/GoogleUtilities_NSData-5IEMRTW5OASAJG3P688GUILL7.scan
    cd /
    builtin-precompileModule /Users/aryazaeri/Library/Developer/Xcode/DerivedData/BestBefore_Prototype_IOS-gbnddpnjsvathjdutdcktjqecxgh/Build/Intermediates.noindex/ExplicitPrecompiledModules/GoogleUtilities_NSData-5IEMRTW5OASAJG3P688GUILL7.scan

PrecompileModule /Users/aryazaeri/Library/Developer/Xcode/DerivedData/BestBefore_Prototype_IOS-gbnddpnjsvathjdutdcktjqecxgh/Build/Intermediates.noindex/ExplicitPrecompiledModules/GoogleUtilities_Logger-6R990WS9FAL09LQ5KUW6C1GI3.scan
    cd /
    builtin-precompileModule /Users/aryazaeri/Library/Developer/Xcode/DerivedData/BestBefore_Prototype_IOS-gbnddpnjsvathjdutdcktjqecxgh/Build/Intermediates.noindex/ExplicitPrecompiledModules/GoogleUtilities_Logger-6R990WS9FAL09LQ5KUW6C1GI3.scan

PrecompileModule /Users/aryazaeri/Library/Developer/Xcode/DerivedData/BestBefore_Prototype_IOS-gbnddpnjsvathjdutdcktjqecxgh/Build/Intermediates.noindex/ExplicitPrecompiledModules/GoogleUtilities_Reachability-BXMLU1LYIS7T4N2U56YP8DQWP.scan
    cd /
    builtin-precompileModule /Users/aryazaeri/Library/Developer/Xcode/DerivedData/BestBefore_Prototype_IOS-gbnddpnjsvathjdutdcktjqecxgh/Build/Intermediates.noindex/ExplicitPrecompiledModules/GoogleUtilities_Reachability-BXMLU1LYIS7T4N2U56YP8DQWP.scan

CompileC /Users/aryazaeri/Library/Developer/Xcode/DerivedData/BestBefore_Prototype_IOS-gbnddpnjsvathjdutdcktjqecxgh/Build/Intermediates.noindex/GoogleUtilities.build/Debug-iphonesimulator/GoogleUtilities-Network.build/Objects-normal/x86_64/GULNetwork.o /Users/aryazaeri/Library/Developer/Xcode/DerivedData/BestBefore_Prototype_IOS-gbnddpnjsvathjdutdcktjqecxgh/SourcePackages/checkouts/GoogleUtilities/GoogleUtilities/Network/GULNetwork.m normal x86_64 objective-c com.apple.compilers.llvm.clang.1_0.compiler (in target 'GoogleUtilities-Network' from project 'GoogleUtilities')
    cd /Users/aryazaeri/Desktop/BestBefore/BestBefore_V2/ios/BestBefore_Prototype_IOS/BestBefore_Prototype_IOS.xcodeproj
    
    Using response file: /Users/aryazaeri/Library/Developer/Xcode/DerivedData/BestBefore_Prototype_IOS-gbnddpnjsvathjdutdcktjqecxgh/Build/Intermediates.noindex/GoogleUtilities.build/Debug-iphonesimulator/GoogleUtilities-Network.build/Objects-normal/x86_64/e6072d4f65d7061329687fe24e3d63a7-common-args.resp
    
    /Applications/Xcode.app/Contents/Developer/Toolchains/XcodeDefault.xctoolchain/usr/bin/clang -x objective-c -ivfsstatcache /Users/aryazaeri/Library/Developer/Xcode/DerivedData/SDKStatCaches.noindex/iphonesimulator26.2-23C53-7d00a8b37fbd7999ea79df8ebc024bf0.sdkstatcache -fmessage-length\=0 -fdiagnostics-show-note-include-stack -fmacro-backtrace-limit\=0 -fno-color-diagnostics -fmodules-prune-interval\=86400 -fmodules-prune-after\=345600 -fbuild-session-file\=/Users/aryazaeri/Library/Developer/Xcode/DerivedData/ModuleCache.noindex/Session.modulevalidation -fmodules-validate-once-per-build-session -Wnon-modular-include-in-framework-module -Werror\=non-modular-include-in-framework-module -Wno-trigraphs -Wno-missing-field-initializers -Wno-missing-prototypes -Wno-return-type -Wno-implicit-atomic-properties -Wno-objc-interface-ivars -Wno-arc-repeated-use-of-weak -Wno-missing-braces -Wparentheses -Wswitch -Wno-unused-function -Wno-unused-label -Wno-unused-parameter -Wno-unused-variable -Wunused-value -Wno-empty-body -Wno-uninitialized -Wno-unknown-pragmas -w -Wno-shadow -Wno-four-char-constants -Wno-conversion -Wno-constant-conversion -Wno-int-conversion -Wno-bool-conversion -Wno-enum-conversion -Wno-float-conversion -Wno-non-literal-null-conversion -Wno-objc-literal-conversion -Wshorten-64-to-32 -Wpointer-sign -Wno-newline-eof -Wno-selector -Wno-strict-selector-match -Wno-undeclared-selector -Wno-deprecated-implementations -Wno-implicit-fallthrough -fstrict-aliasing -Wprotocol -Wdeprecated-declarations -Wno-sign-conversion -Wno-infinite-recursion -Wno-comma -Wno-block-capture-autoreleasing -Wno-strict-prototypes -Wno-semicolon-before-method-body -index-store-path /Users/aryazaeri/Library/Developer/Xcode/DerivedData/BestBefore_Prototype_IOS-gbnddpnjsvathjdutdcktjqecxgh/Index.noindex/DataStore @/Users/aryazaeri/Library/Developer/Xcode/DerivedData/BestBefore_Prototype_IOS-gbnddpnjsvathjdutdcktjqecxgh/Build/Intermediates.noindex/GoogleUtilities.build/Debug-iphonesimulator/GoogleUtilities-Network.build/Objects-normal/x86_64/e6072d4f65d7061329687fe24e3d63a7-common-args.resp -include /Users/aryazaeri/Library/Developer/Xcode/DerivedData/BestBefore_Prototype_IOS-gbnddpnjsvathjdutdcktjqecxgh/Build/Intermediates.noindex/GoogleUtilities.build/Debug-iphonesimulator/GoogleUtilities-Network.build/DerivedSources/resource_bundle_accessor.h -MMD -MT dependencies -MF /Users/aryazaeri/Library/Developer/Xcode/DerivedData/BestBefore_Prototype_IOS-gbnddpnjsvathjdutdcktjqecxgh/Build/Intermediates.noindex/GoogleUtilities.build/Debug-iphonesimulator/GoogleUtilities-Network.build/Objects-normal/x86_64/GULNetwork.d --serialize-diagnostics /Users/aryazaeri/Library/Developer/Xcode/DerivedData/BestBefore_Prototype_IOS-gbnddpnjsvathjdutdcktjqecxgh/Build/Intermediates.noindex/GoogleUtilities.build/Debug-iphonesimulator/GoogleUtilities-Network.build/Objects-normal/x86_64/GULNetwork.dia -c /Users/aryazaeri/Library/Developer/Xcode/DerivedData/BestBefore_Prototype_IOS-gbnddpnjsvathjdutdcktjqecxgh/SourcePackages/checkouts/GoogleUtilities/GoogleUtilities/Network/GULNetwork.m -o /Users/aryazaeri/Library/Developer/Xcode/DerivedData/BestBefore_Prototype_IOS-gbnddpnjsvathjdutdcktjqecxgh/Build/Intermediates.noindex/GoogleUtilities.build/Debug-iphonesimulator/GoogleUtilities-Network.build/Objects-normal/x86_64/GULNetwork.o -index-unit-output-path /GoogleUtilities.build/Debug-iphonesimulator/GoogleUtilities-Network.build/Objects-normal/x86_64/GULNetwork.o

Ld /Users/aryazaeri/Library/Developer/Xcode/DerivedData/BestBefore_Prototype_IOS-gbnddpnjsvathjdutdcktjqecxgh/Build/Intermediates.noindex/GoogleUtilities.build/Debug-iphonesimulator/GoogleUtilities-Network.build/Objects-normal/x86_64/Binary/GoogleUtilities-Network.o normal x86_64 (in target 'GoogleUtilities-Network' from project 'GoogleUtilities')
    cd /Users/aryazaeri/Library/Developer/Xcode/DerivedData/BestBefore_Prototype_IOS-gbnddpnjsvathjdutdcktjqecxgh/SourcePackages/checkouts/GoogleUtilities
    /Applications/Xcode.app/Contents/Developer/Toolchains/XcodeDefault.xctoolchain/usr/bin/clang -Xlinker -reproducible -target x86_64-apple-ios12.0-simulator -r -isysroot /Applications/Xcode.app/Contents/Developer/Platforms/iPhoneSimulator.platform/Developer/SDKs/iPhoneSimulator26.2.sdk -O0 -w -L/Users/aryazaeri/Library/Developer/Xcode/DerivedData/BestBefore_Prototype_IOS-gbnddpnjsvathjdutdcktjqecxgh/Build/Intermediates.noindex/EagerLinkingTBDs/Debug-iphonesimulator -L/Users/aryazaeri/Library/Developer/Xcode/DerivedData/BestBefore_Prototype_IOS-gbnddpnjsvathjdutdcktjqecxgh/Build/Products/Debug-iphonesimulator -L/Applications/Xcode.app/Contents/Developer/Platforms/iPhoneSimulator.platform/Developer/usr/lib -F/Users/aryazaeri/Library/Developer/Xcode/DerivedData/BestBefore_Prototype_IOS-gbnddpnjsvathjdutdcktjqecxgh/Build/Intermediates.noindex/EagerLinkingTBDs/Debug-iphonesimulator -F/Users/aryazaeri/Library/Developer/Xcode/DerivedData/BestBefore_Prototype_IOS-gbnddpnjsvathjdutdcktjqecxgh/Build/Products/Debug-iphonesimulator/PackageFrameworks -F/Users/aryazaeri/Library/Developer/Xcode/DerivedData/BestBefore_Prototype_IOS-gbnddpnjsvathjdutdcktjqecxgh/Build/Products/Debug-iphonesimulator/PackageFrameworks -F/Users/aryazaeri/Library/Developer/Xcode/DerivedData/BestBefore_Prototype_IOS-gbnddpnjsvathjdutdcktjqecxgh/Build/Products/Debug-iphonesimulator/PackageFrameworks -F/Users/aryazaeri/Library/Developer/Xcode/DerivedData/BestBefore_Prototype_IOS-gbnddpnjsvathjdutdcktjqecxgh/Build/Products/Debug-iphonesimulator/PackageFrameworks -F/Users/aryazaeri/Library/Developer/Xcode/DerivedData/BestBefore_Prototype_IOS-gbnddpnjsvathjdutdcktjqecxgh/Build/Products/Debug-iphonesimulator/PackageFrameworks -F/Users/aryazaeri/Library/Developer/Xcode/DerivedData/BestBefore_Prototype_IOS-gbnddpnjsvathjdutdcktjqecxgh/Build/Products/Debug-iphonesimulator -iframework /Applications/Xcode.app/Contents/Developer/Platforms/iPhoneSimulator.platform/Developer/Library/Frameworks -iframework /Applications/Xcode.app/Contents/Developer/Platforms/iPhoneSimulator.platform/Developer/SDKs/iPhoneSimulator26.2.sdk/Developer/Library/Frameworks -filelist /Users/aryazaeri/Library/Developer/Xcode/DerivedData/BestBefore_Prototype_IOS-gbnddpnjsvathjdutdcktjqecxgh/Build/Intermediates.noindex/GoogleUtilities.build/Debug-iphonesimulator/GoogleUtilities-Network.build/Objects-normal/x86_64/GoogleUtilities-Network.LinkFileList -nostdlib -Xlinker -object_path_lto -Xlinker /Users/aryazaeri/Library/Developer/Xcode/DerivedData/BestBefore_Prototype_IOS-gbnddpnjsvathjdutdcktjqecxgh/Build/Intermediates.noindex/GoogleUtilities.build/Debug-iphonesimulator/GoogleUtilities-Network.build/Objects-normal/x86_64/GoogleUtilities-Network_lto.o -rdynamic -Xlinker -no_deduplicate -Xlinker -objc_abi_version -Xlinker 2 -Xlinker -dependency_info -Xlinker /Users/aryazaeri/Library/Developer/Xcode/DerivedData/BestBefore_Prototype_IOS-gbnddpnjsvathjdutdcktjqecxgh/Build/Intermediates.noindex/GoogleUtilities.build/Debug-iphonesimulator/GoogleUtilities-Network.build/Objects-normal/x86_64/GoogleUtilities-Network_dependency_info.dat -fobjc-arc -fobjc-link-runtime -o /Users/aryazaeri/Library/Developer/Xcode/DerivedData/BestBefore_Prototype_IOS-gbnddpnjsvathjdutdcktjqecxgh/Build/Intermediates.noindex/GoogleUtilities.build/Debug-iphonesimulator/GoogleUtilities-Network.build/Objects-normal/x86_64/Binary/GoogleUtilities-Network.o

ScanDependencies /Users/aryazaeri/Library/Developer/Xcode/DerivedData/BestBefore_Prototype_IOS-gbnddpnjsvathjdutdcktjqecxgh/Build/Intermediates.noindex/GoogleUtilities.build/Debug-iphonesimulator/GoogleUtilities-Network.build/Objects-normal/arm64/resource_bundle_accessor.o /Users/aryazaeri/Library/Developer/Xcode/DerivedData/BestBefore_Prototype_IOS-gbnddpnjsvathjdutdcktjqecxgh/Build/Intermediates.noindex/GoogleUtilities.build/Debug-iphonesimulator/GoogleUtilities-Network.build/DerivedSources/resource_bundle_accessor.m normal arm64 objective-c com.apple.compilers.llvm.clang.1_0.compiler (in target 'GoogleUtilities-Network' from project 'GoogleUtilities')
    cd /Users/aryazaeri/Desktop/BestBefore/BestBefore_V2/ios/BestBefore_Prototype_IOS/BestBefore_Prototype_IOS.xcodeproj
    
    Using response file: /Users/aryazaeri/Library/Developer/Xcode/DerivedData/BestBefore_Prototype_IOS-gbnddpnjsvathjdutdcktjqecxgh/Build/Intermediates.noindex/GoogleUtilities.build/Debug-iphonesimulator/GoogleUtilities-Network.build/Objects-normal/arm64/e6072d4f65d7061329687fe24e3d63a7-common-args.resp
    
    builtin-ScanDependencies -o /Users/aryazaeri/Library/Developer/Xcode/DerivedData/BestBefore_Prototype_IOS-gbnddpnjsvathjdutdcktjqecxgh/Build/Intermediates.noindex/GoogleUtilities.build/Debug-iphonesimulator/GoogleUtilities-Network.build/Objects-normal/arm64/resource_bundle_accessor.o.scan -- /Applications/Xcode.app/Contents/Developer/Toolchains/XcodeDefault.xctoolchain/usr/bin/clang -x objective-c -ivfsstatcache /Users/aryazaeri/Library/Developer/Xcode/DerivedData/SDKStatCaches.noindex/iphonesimulator26.2-23C53-7d00a8b37fbd7999ea79df8ebc024bf0.sdkstatcache -fmessage-length\=0 -fdiagnostics-show-note-include-stack -fmacro-backtrace-limit\=0 -fno-color-diagnostics -fmodules-prune-interval\=86400 -fmodules-prune-after\=345600 -fbuild-session-file\=/Users/aryazaeri/Library/Developer/Xcode/DerivedData/ModuleCache.noindex/Session.modulevalidation -fmodules-validate-once-per-build-session -Wnon-modular-include-in-framework-module -Werror\=non-modular-include-in-framework-module -Wno-trigraphs -Wno-missing-field-initializers -Wno-missing-prototypes -Wno-return-type -Wno-implicit-atomic-properties -Wno-objc-interface-ivars -Wno-arc-repeated-use-of-weak -Wno-missing-braces -Wparentheses -Wswitch -Wno-unused-function -Wno-unused-label -Wno-unused-parameter -Wno-unused-variable -Wunused-value -Wno-empty-body -Wno-uninitialized -Wno-unknown-pragmas -w -Wno-shadow -Wno-four-char-constants -Wno-conversion -Wno-constant-conversion -Wno-int-conversion -Wno-bool-conversion -Wno-enum-conversion -Wno-float-conversion -Wno-non-literal-null-conversion -Wno-objc-literal-conversion -Wshorten-64-to-32 -Wpointer-sign -Wno-newline-eof -Wno-selector -Wno-strict-selector-match -Wno-undeclared-selector -Wno-deprecated-implementations -Wno-implicit-fallthrough -fstrict-aliasing -Wprotocol -Wdeprecated-declarations -Wno-sign-conversion -Wno-infinite-recursion -Wno-comma -Wno-block-capture-autoreleasing -Wno-strict-prototypes -Wno-semicolon-before-method-body -index-store-path /Users/aryazaeri/Library/Developer/Xcode/DerivedData/BestBefore_Prototype_IOS-gbnddpnjsvathjdutdcktjqecxgh/Index.noindex/DataStore @/Users/aryazaeri/Library/Developer/Xcode/DerivedData/BestBefore_Prototype_IOS-gbnddpnjsvathjdutdcktjqecxgh/Build/Intermediates.noindex/GoogleUtilities.build/Debug-iphonesimulator/GoogleUtilities-Network.build/Objects-normal/arm64/e6072d4f65d7061329687fe24e3d63a7-common-args.resp -include /Users/aryazaeri/Library/Developer/Xcode/DerivedData/BestBefore_Prototype_IOS-gbnddpnjsvathjdutdcktjqecxgh/Build/Intermediates.noindex/GoogleUtilities.build/Debug-iphonesimulator/GoogleUtilities-Network.build/DerivedSources/resource_bundle_accessor.h -MMD -MT dependencies -MF /Users/aryazaeri/Library/Developer/Xcode/DerivedData/BestBefore_Prototype_IOS-gbnddpnjsvathjdutdcktjqecxgh/Build/Intermediates.noindex/GoogleUtilities.build/Debug-iphonesimulator/GoogleUtilities-Network.build/Objects-normal/arm64/resource_bundle_accessor.d --serialize-diagnostics /Users/aryazaeri/Library/Developer/Xcode/DerivedData/BestBefore_Prototype_IOS-gbnddpnjsvathjdutdcktjqecxgh/Build/Intermediates.noindex/GoogleUtilities.build/Debug-iphonesimulator/GoogleUtilities-Network.build/Objects-normal/arm64/resource_bundle_accessor.dia -c /Users/aryazaeri/Library/Developer/Xcode/DerivedData/BestBefore_Prototype_IOS-gbnddpnjsvathjdutdcktjqecxgh/Build/Intermediates.noindex/GoogleUtilities.build/Debug-iphonesimulator/GoogleUtilities-Network.build/DerivedSources/resource_bundle_accessor.m -o /Users/aryazaeri/Library/Developer/Xcode/DerivedData/BestBefore_Prototype_IOS-gbnddpnjsvathjdutdcktjqecxgh/Build/Intermediates.noindex/GoogleUtilities.build/Debug-iphonesimulator/GoogleUtilities-Network.build/Objects-normal/arm64/resource_bundle_accessor.o -index-unit-output-path /GoogleUtilities.build/Debug-iphonesimulator/GoogleUtilities-Network.build/Objects-normal/arm64/resource_bundle_accessor.o

CompileC /Users/aryazaeri/Library/Developer/Xcode/DerivedData/BestBefore_Prototype_IOS-gbnddpnjsvathjdutdcktjqecxgh/Build/Intermediates.noindex/Firebase.build/Debug-iphonesimulator/FirebaseCore.build/Objects-normal/x86_64/resource_bundle_accessor.o /Users/aryazaeri/Library/Developer/Xcode/DerivedData/BestBefore_Prototype_IOS-gbnddpnjsvathjdutdcktjqecxgh/Build/Intermediates.noindex/Firebase.build/Debug-iphonesimulator/FirebaseCore.build/DerivedSources/resource_bundle_accessor.m normal x86_64 objective-c com.apple.compilers.llvm.clang.1_0.compiler (in target 'FirebaseCore' from project 'Firebase')
    cd /Users/aryazaeri/Desktop/BestBefore/BestBefore_V2/ios/BestBefore_Prototype_IOS/BestBefore_Prototype_IOS.xcodeproj
    
    Using response file: /Users/aryazaeri/Library/Developer/Xcode/DerivedData/BestBefore_Prototype_IOS-gbnddpnjsvathjdutdcktjqecxgh/Build/Intermediates.noindex/Firebase.build/Debug-iphonesimulator/FirebaseCore.build/Objects-normal/x86_64/e6072d4f65d7061329687fe24e3d63a7-common-args.resp
    
    /Applications/Xcode.app/Contents/Developer/Toolchains/XcodeDefault.xctoolchain/usr/bin/clang -x objective-c -ivfsstatcache /Users/aryazaeri/Library/Developer/Xcode/DerivedData/SDKStatCaches.noindex/iphonesimulator26.2-23C53-7d00a8b37fbd7999ea79df8ebc024bf0.sdkstatcache -fmessage-length\=0 -fdiagnostics-show-note-include-stack -fmacro-backtrace-limit\=0 -fno-color-diagnostics -fmodules-prune-interval\=86400 -fmodules-prune-after\=345600 -fbuild-session-file\=/Users/aryazaeri/Library/Developer/Xcode/DerivedData/ModuleCache.noindex/Session.modulevalidation -fmodules-validate-once-per-build-session -Wnon-modular-include-in-framework-module -Werror\=non-modular-include-in-framework-module -Wno-trigraphs -Wno-missing-field-initializers -Wno-missing-prototypes -Wno-return-type -Wno-implicit-atomic-properties -Wno-objc-interface-ivars -Wno-arc-repeated-use-of-weak -Wno-missing-braces -Wparentheses -Wswitch -Wno-unused-function -Wno-unused-label -Wno-unused-parameter -Wno-unused-variable -Wunused-value -Wno-empty-body -Wno-uninitialized -Wno-unknown-pragmas -w -Wno-shadow -Wno-four-char-constants -Wno-conversion -Wno-constant-conversion -Wno-int-conversion -Wno-bool-conversion -Wno-enum-conversion -Wno-float-conversion -Wno-non-literal-null-conversion -Wno-objc-literal-conversion -Wshorten-64-to-32 -Wpointer-sign -Wno-newline-eof -Wno-selector -Wno-strict-selector-match -Wno-undeclared-selector -Wno-deprecated-implementations -Wno-implicit-fallthrough -fstrict-aliasing -Wprotocol -Wdeprecated-declarations -Wno-sign-conversion -Wno-infinite-recursion -Wno-comma -Wno-block-capture-autoreleasing -Wno-strict-prototypes -Wno-semicolon-before-method-body -index-store-path /Users/aryazaeri/Library/Developer/Xcode/DerivedData/BestBefore_Prototype_IOS-gbnddpnjsvathjdutdcktjqecxgh/Index.noindex/DataStore @/Users/aryazaeri/Library/Developer/Xcode/DerivedData/BestBefore_Prototype_IOS-gbnddpnjsvathjdutdcktjqecxgh/Build/Intermediates.noindex/Firebase.build/Debug-iphonesimulator/FirebaseCore.build/Objects-normal/x86_64/e6072d4f65d7061329687fe24e3d63a7-common-args.resp -include /Users/aryazaeri/Library/Developer/Xcode/DerivedData/BestBefore_Prototype_IOS-gbnddpnjsvathjdutdcktjqecxgh/Build/Intermediates.noindex/Firebase.build/Debug-iphonesimulator/FirebaseCore.build/DerivedSources/resource_bundle_accessor.h -MMD -MT dependencies -MF /Users/aryazaeri/Library/Developer/Xcode/DerivedData/BestBefore_Prototype_IOS-gbnddpnjsvathjdutdcktjqecxgh/Build/Intermediates.noindex/Firebase.build/Debug-iphonesimulator/FirebaseCore.build/Objects-normal/x86_64/resource_bundle_accessor.d --serialize-diagnostics /Users/aryazaeri/Library/Developer/Xcode/DerivedData/BestBefore_Prototype_IOS-gbnddpnjsvathjdutdcktjqecxgh/Build/Intermediates.noindex/Firebase.build/Debug-iphonesimulator/FirebaseCore.build/Objects-normal/x86_64/resource_bundle_accessor.dia -c /Users/aryazaeri/Library/Developer/Xcode/DerivedData/BestBefore_Prototype_IOS-gbnddpnjsvathjdutdcktjqecxgh/Build/Intermediates.noindex/Firebase.build/Debug-iphonesimulator/FirebaseCore.build/DerivedSources/resource_bundle_accessor.m -o /Users/aryazaeri/Library/Developer/Xcode/DerivedData/BestBefore_Prototype_IOS-gbnddpnjsvathjdutdcktjqecxgh/Build/Intermediates.noindex/Firebase.build/Debug-iphonesimulator/FirebaseCore.build/Objects-normal/x86_64/resource_bundle_accessor.o -index-unit-output-path /Firebase.build/Debug-iphonesimulator/FirebaseCore.build/Objects-normal/x86_64/resource_bundle_accessor.o

ScanDependencies /Users/aryazaeri/Library/Developer/Xcode/DerivedData/BestBefore_Prototype_IOS-gbnddpnjsvathjdutdcktjqecxgh/Build/Intermediates.noindex/Firebase.build/Debug-iphonesimulator/FirebaseCore.build/Objects-normal/x86_64/FIRVersion.o /Users/aryazaeri/Library/Developer/Xcode/DerivedData/BestBefore_Prototype_IOS-gbnddpnjsvathjdutdcktjqecxgh/SourcePackages/checkouts/firebase-ios-sdk/FirebaseCore/Sources/FIRVersion.m normal x86_64 objective-c com.apple.compilers.llvm.clang.1_0.compiler (in target 'FirebaseCore' from project 'Firebase')
    cd /Users/aryazaeri/Desktop/BestBefore/BestBefore_V2/ios/BestBefore_Prototype_IOS/BestBefore_Prototype_IOS.xcodeproj
    
    Using response file: /Users/aryazaeri/Library/Developer/Xcode/DerivedData/BestBefore_Prototype_IOS-gbnddpnjsvathjdutdcktjqecxgh/Build/Intermediates.noindex/Firebase.build/Debug-iphonesimulator/FirebaseCore.build/Objects-normal/x86_64/e6072d4f65d7061329687fe24e3d63a7-common-args.resp
    
    builtin-ScanDependencies -o /Users/aryazaeri/Library/Developer/Xcode/DerivedData/BestBefore_Prototype_IOS-gbnddpnjsvathjdutdcktjqecxgh/Build/Intermediates.noindex/Firebase.build/Debug-iphonesimulator/FirebaseCore.build/Objects-normal/x86_64/FIRVersion.o.scan -- /Applications/Xcode.app/Contents/Developer/Toolchains/XcodeDefault.xctoolchain/usr/bin/clang -x objective-c -ivfsstatcache /Users/aryazaeri/Library/Developer/Xcode/DerivedData/SDKStatCaches.noindex/iphonesimulator26.2-23C53-7d00a8b37fbd7999ea79df8ebc024bf0.sdkstatcache -fmessage-length\=0 -fdiagnostics-show-note-include-stack -fmacro-backtrace-limit\=0 -fno-color-diagnostics -fmodules-prune-interval\=86400 -fmodules-prune-after\=345600 -fbuild-session-file\=/Users/aryazaeri/Library/Developer/Xcode/DerivedData/ModuleCache.noindex/Session.modulevalidation -fmodules-validate-once-per-build-session -Wnon-modular-include-in-framework-module -Werror\=non-modular-include-in-framework-module -Wno-trigraphs -Wno-missing-field-initializers -Wno-missing-prototypes -Wno-return-type -Wno-implicit-atomic-properties -Wno-objc-interface-ivars -Wno-arc-repeated-use-of-weak -Wno-missing-braces -Wparentheses -Wswitch -Wno-unused-function -Wno-unused-label -Wno-unused-parameter -Wno-unused-variable -Wunused-value -Wno-empty-body -Wno-uninitialized -Wno-unknown-pragmas -w -Wno-shadow -Wno-four-char-constants -Wno-conversion -Wno-constant-conversion -Wno-int-conversion -Wno-bool-conversion -Wno-enum-conversion -Wno-float-conversion -Wno-non-literal-null-conversion -Wno-objc-literal-conversion -Wshorten-64-to-32 -Wpointer-sign -Wno-newline-eof -Wno-selector -Wno-strict-selector-match -Wno-undeclared-selector -Wno-deprecated-implementations -Wno-implicit-fallthrough -fstrict-aliasing -Wprotocol -Wdeprecated-declarations -Wno-sign-conversion -Wno-infinite-recursion -Wno-comma -Wno-block-capture-autoreleasing -Wno-strict-prototypes -Wno-semicolon-before-method-body -index-store-path /Users/aryazaeri/Library/Developer/Xcode/DerivedData/BestBefore_Prototype_IOS-gbnddpnjsvathjdutdcktjqecxgh/Index.noindex/DataStore @/Users/aryazaeri/Library/Developer/Xcode/DerivedData/BestBefore_Prototype_IOS-gbnddpnjsvathjdutdcktjqecxgh/Build/Intermediates.noindex/Firebase.build/Debug-iphonesimulator/FirebaseCore.build/Objects-normal/x86_64/e6072d4f65d7061329687fe24e3d63a7-common-args.resp -include /Users/aryazaeri/Library/Developer/Xcode/DerivedData/BestBefore_Prototype_IOS-gbnddpnjsvathjdutdcktjqecxgh/Build/Intermediates.noindex/Firebase.build/Debug-iphonesimulator/FirebaseCore.build/DerivedSources/resource_bundle_accessor.h -MMD -MT dependencies -MF /Users/aryazaeri/Library/Developer/Xcode/DerivedData/BestBefore_Prototype_IOS-gbnddpnjsvathjdutdcktjqecxgh/Build/Intermediates.noindex/Firebase.build/Debug-iphonesimulator/FirebaseCore.build/Objects-normal/x86_64/FIRVersion.d --serialize-diagnostics /Users/aryazaeri/Library/Developer/Xcode/DerivedData/BestBefore_Prototype_IOS-gbnddpnjsvathjdutdcktjqecxgh/Build/Intermediates.noindex/Firebase.build/Debug-iphonesimulator/FirebaseCore.build/Objects-normal/x86_64/FIRVersion.dia -c /Users/aryazaeri/Library/Developer/Xcode/DerivedData/BestBefore_Prototype_IOS-gbnddpnjsvathjdutdcktjqecxgh/SourcePackages/checkouts/firebase-ios-sdk/FirebaseCore/Sources/FIRVersion.m -o /Users/aryazaeri/Library/Developer/Xcode/DerivedData/BestBefore_Prototype_IOS-gbnddpnjsvathjdutdcktjqecxgh/Build/Intermediates.noindex/Firebase.build/Debug-iphonesimulator/FirebaseCore.build/Objects-normal/x86_64/FIRVersion.o -index-unit-output-path /Firebase.build/Debug-iphonesimulator/FirebaseCore.build/Objects-normal/x86_64/FIRVersion.o

ScanDependencies /Users/aryazaeri/Library/Developer/Xcode/DerivedData/BestBefore_Prototype_IOS-gbnddpnjsvathjdutdcktjqecxgh/Build/Intermediates.noindex/Firebase.build/Debug-iphonesimulator/FirebaseCore.build/Objects-normal/x86_64/FIRTimestamp.o /Users/aryazaeri/Library/Developer/Xcode/DerivedData/BestBefore_Prototype_IOS-gbnddpnjsvathjdutdcktjqecxgh/SourcePackages/checkouts/firebase-ios-sdk/FirebaseCore/Sources/FIRTimestamp.m normal x86_64 objective-c com.apple.compilers.llvm.clang.1_0.compiler (in target 'FirebaseCore' from project 'Firebase')
    cd /Users/aryazaeri/Desktop/BestBefore/BestBefore_V2/ios/BestBefore_Prototype_IOS/BestBefore_Prototype_IOS.xcodeproj
    
    Using response file: /Users/aryazaeri/Library/Developer/Xcode/DerivedData/BestBefore_Prototype_IOS-gbnddpnjsvathjdutdcktjqecxgh/Build/Intermediates.noindex/Firebase.build/Debug-iphonesimulator/FirebaseCore.build/Objects-normal/x86_64/e6072d4f65d7061329687fe24e3d63a7-common-args.resp
    
    builtin-ScanDependencies -o /Users/aryazaeri/Library/Developer/Xcode/DerivedData/BestBefore_Prototype_IOS-gbnddpnjsvathjdutdcktjqecxgh/Build/Intermediates.noindex/Firebase.build/Debug-iphonesimulator/FirebaseCore.build/Objects-normal/x86_64/FIRTimestamp.o.scan -- /Applications/Xcode.app/Contents/Developer/Toolchains/XcodeDefault.xctoolchain/usr/bin/clang -x objective-c -ivfsstatcache /Users/aryazaeri/Library/Developer/Xcode/DerivedData/SDKStatCaches.noindex/iphonesimulator26.2-23C53-7d00a8b37fbd7999ea79df8ebc024bf0.sdkstatcache -fmessage-length\=0 -fdiagnostics-show-note-include-stack -fmacro-backtrace-limit\=0 -fno-color-diagnostics -fmodules-prune-interval\=86400 -fmodules-prune-after\=345600 -fbuild-session-file\=/Users/aryazaeri/Library/Developer/Xcode/DerivedData/ModuleCache.noindex/Session.modulevalidation -fmodules-validate-once-per-build-session -Wnon-modular-include-in-framework-module -Werror\=non-modular-include-in-framework-module -Wno-trigraphs -Wno-missing-field-initializers -Wno-missing-prototypes -Wno-return-type -Wno-implicit-atomic-properties -Wno-objc-interface-ivars -Wno-arc-repeated-use-of-weak -Wno-missing-braces -Wparentheses -Wswitch -Wno-unused-function -Wno-unused-label -Wno-unused-parameter -Wno-unused-variable -Wunused-value -Wno-empty-body -Wno-uninitialized -Wno-unknown-pragmas -w -Wno-shadow -Wno-four-char-constants -Wno-conversion -Wno-constant-conversion -Wno-int-conversion -Wno-bool-conversion -Wno-enum-conversion -Wno-float-conversion -Wno-non-literal-null-conversion -Wno-objc-literal-conversion -Wshorten-64-to-32 -Wpointer-sign -Wno-newline-eof -Wno-selector -Wno-strict-selector-match -Wno-undeclared-selector -Wno-deprecated-implementations -Wno-implicit-fallthrough -fstrict-aliasing -Wprotocol -Wdeprecated-declarations -Wno-sign-conversion -Wno-infinite-recursion -Wno-comma -Wno-block-capture-autoreleasing -Wno-strict-prototypes -Wno-semicolon-before-method-body -index-store-path /Users/aryazaeri/Library/Developer/Xcode/DerivedData/BestBefore_Prototype_IOS-gbnddpnjsvathjdutdcktjqecxgh/Index.noindex/DataStore @/Users/aryazaeri/Library/Developer/Xcode/DerivedData/BestBefore_Prototype_IOS-gbnddpnjsvathjdutdcktjqecxgh/Build/Intermediates.noindex/Firebase.build/Debug-iphonesimulator/FirebaseCore.build/Objects-normal/x86_64/e6072d4f65d7061329687fe24e3d63a7-common-args.resp -include /Users/aryazaeri/Library/Developer/Xcode/DerivedData/BestBefore_Prototype_IOS-gbnddpnjsvathjdutdcktjqecxgh/Build/Intermediates.noindex/Firebase.build/Debug-iphonesimulator/FirebaseCore.build/DerivedSources/resource_bundle_accessor.h -MMD -MT dependencies -MF /Users/aryazaeri/Library/Developer/Xcode/DerivedData/BestBefore_Prototype_IOS-gbnddpnjsvathjdutdcktjqecxgh/Build/Intermediates.noindex/Firebase.build/Debug-iphonesimulator/FirebaseCore.build/Objects-normal/x86_64/FIRTimestamp.d --serialize-diagnostics /Users/aryazaeri/Library/Developer/Xcode/DerivedData/BestBefore_Prototype_IOS-gbnddpnjsvathjdutdcktjqecxgh/Build/Intermediates.noindex/Firebase.build/Debug-iphonesimulator/FirebaseCore.build/Objects-normal/x86_64/FIRTimestamp.dia -c /Users/aryazaeri/Library/Developer/Xcode/DerivedData/BestBefore_Prototype_IOS-gbnddpnjsvathjdutdcktjqecxgh/SourcePackages/checkouts/firebase-ios-sdk/FirebaseCore/Sources/FIRTimestamp.m -o /Users/aryazaeri/Library/Developer/Xcode/DerivedData/BestBefore_Prototype_IOS-gbnddpnjsvathjdutdcktjqecxgh/Build/Intermediates.noindex/Firebase.build/Debug-iphonesimulator/FirebaseCore.build/Objects-normal/x86_64/FIRTimestamp.o -index-unit-output-path /Firebase.build/Debug-iphonesimulator/FirebaseCore.build/Objects-normal/x86_64/FIRTimestamp.o

ScanDependencies /Users/aryazaeri/Library/Developer/Xcode/DerivedData/BestBefore_Prototype_IOS-gbnddpnjsvathjdutdcktjqecxgh/Build/Intermediates.noindex/Firebase.build/Debug-iphonesimulator/FirebaseCore.build/Objects-normal/x86_64/FIROptions.o /Users/aryazaeri/Library/Developer/Xcode/DerivedData/BestBefore_Prototype_IOS-gbnddpnjsvathjdutdcktjqecxgh/SourcePackages/checkouts/firebase-ios-sdk/FirebaseCore/Sources/FIROptions.m normal x86_64 objective-c com.apple.compilers.llvm.clang.1_0.compiler (in target 'FirebaseCore' from project 'Firebase')
    cd /Users/aryazaeri/Desktop/BestBefore/BestBefore_V2/ios/BestBefore_Prototype_IOS/BestBefore_Prototype_IOS.xcodeproj
    
    Using response file: /Users/aryazaeri/Library/Developer/Xcode/DerivedData/BestBefore_Prototype_IOS-gbnddpnjsvathjdutdcktjqecxgh/Build/Intermediates.noindex/Firebase.build/Debug-iphonesimulator/FirebaseCore.build/Objects-normal/x86_64/e6072d4f65d7061329687fe24e3d63a7-common-args.resp
    
    builtin-ScanDependencies -o /Users/aryazaeri/Library/Developer/Xcode/DerivedData/BestBefore_Prototype_IOS-gbnddpnjsvathjdutdcktjqecxgh/Build/Intermediates.noindex/Firebase.build/Debug-iphonesimulator/FirebaseCore.build/Objects-normal/x86_64/FIROptions.o.scan -- /Applications/Xcode.app/Contents/Developer/Toolchains/XcodeDefault.xctoolchain/usr/bin/clang -x objective-c -ivfsstatcache /Users/aryazaeri/Library/Developer/Xcode/DerivedData/SDKStatCaches.noindex/iphonesimulator26.2-23C53-7d00a8b37fbd7999ea79df8ebc024bf0.sdkstatcache -fmessage-length\=0 -fdiagnostics-show-note-include-stack -fmacro-backtrace-limit\=0 -fno-color-diagnostics -fmodules-prune-interval\=86400 -fmodules-prune-after\=345600 -fbuild-session-file\=/Users/aryazaeri/Library/Developer/Xcode/DerivedData/ModuleCache.noindex/Session.modulevalidation -fmodules-validate-once-per-build-session -Wnon-modular-include-in-framework-module -Werror\=non-modular-include-in-framework-module -Wno-trigraphs -Wno-missing-field-initializers -Wno-missing-prototypes -Wno-return-type -Wno-implicit-atomic-properties -Wno-objc-interface-ivars -Wno-arc-repeated-use-of-weak -Wno-missing-braces -Wparentheses -Wswitch -Wno-unused-function -Wno-unused-label -Wno-unused-parameter -Wno-unused-variable -Wunused-value -Wno-empty-body -Wno-uninitialized -Wno-unknown-pragmas -w -Wno-shadow -Wno-four-char-constants -Wno-conversion -Wno-constant-conversion -Wno-int-conversion -Wno-bool-conversion -Wno-enum-conversion -Wno-float-conversion -Wno-non-literal-null-conversion -Wno-objc-literal-conversion -Wshorten-64-to-32 -Wpointer-sign -Wno-newline-eof -Wno-selector -Wno-strict-selector-match -Wno-undeclared-selector -Wno-deprecated-implementations -Wno-implicit-fallthrough -fstrict-aliasing -Wprotocol -Wdeprecated-declarations -Wno-sign-conversion -Wno-infinite-recursion -Wno-comma -Wno-block-capture-autoreleasing -Wno-strict-prototypes -Wno-semicolon-before-method-body -index-store-path /Users/aryazaeri/Library/Developer/Xcode/DerivedData/BestBefore_Prototype_IOS-gbnddpnjsvathjdutdcktjqecxgh/Index.noindex/DataStore @/Users/aryazaeri/Library/Developer/Xcode/DerivedData/BestBefore_Prototype_IOS-gbnddpnjsvathjdutdcktjqecxgh/Build/Intermediates.noindex/Firebase.build/Debug-iphonesimulator/FirebaseCore.build/Objects-normal/x86_64/e6072d4f65d7061329687fe24e3d63a7-common-args.resp -include /Users/aryazaeri/Library/Developer/Xcode/DerivedData/BestBefore_Prototype_IOS-gbnddpnjsvathjdutdcktjqecxgh/Build/Intermediates.noindex/Firebase.build/Debug-iphonesimulator/FirebaseCore.build/DerivedSources/resource_bundle_accessor.h -MMD -MT dependencies -MF /Users/aryazaeri/Library/Developer/Xcode/DerivedData/BestBefore_Prototype_IOS-gbnddpnjsvathjdutdcktjqecxgh/Build/Intermediates.noindex/Firebase.build/Debug-iphonesimulator/FirebaseCore.build/Objects-normal/x86_64/FIROptions.d --serialize-diagnostics /Users/aryazaeri/Library/Developer/Xcode/DerivedData/BestBefore_Prototype_IOS-gbnddpnjsvathjdutdcktjqecxgh/Build/Intermediates.noindex/Firebase.build/Debug-iphonesimulator/FirebaseCore.build/Objects-normal/x86_64/FIROptions.dia -c /Users/aryazaeri/Library/Developer/Xcode/DerivedData/BestBefore_Prototype_IOS-gbnddpnjsvathjdutdcktjqecxgh/SourcePackages/checkouts/firebase-ios-sdk/FirebaseCore/Sources/FIROptions.m -o /Users/aryazaeri/Library/Developer/Xcode/DerivedData/BestBefore_Prototype_IOS-gbnddpnjsvathjdutdcktjqecxgh/Build/Intermediates.noindex/Firebase.build/Debug-iphonesimulator/FirebaseCore.build/Objects-normal/x86_64/FIROptions.o -index-unit-output-path /Firebase.build/Debug-iphonesimulator/FirebaseCore.build/Objects-normal/x86_64/FIROptions.o

ScanDependencies /Users/aryazaeri/Library/Developer/Xcode/DerivedData/BestBefore_Prototype_IOS-gbnddpnjsvathjdutdcktjqecxgh/Build/Intermediates.noindex/Firebase.build/Debug-iphonesimulator/FirebaseCore.build/Objects-normal/x86_64/FIRLogger.o /Users/aryazaeri/Library/Developer/Xcode/DerivedData/BestBefore_Prototype_IOS-gbnddpnjsvathjdutdcktjqecxgh/SourcePackages/checkouts/firebase-ios-sdk/FirebaseCore/Sources/FIRLogger.m normal x86_64 objective-c com.apple.compilers.llvm.clang.1_0.compiler (in target 'FirebaseCore' from project 'Firebase')
    cd /Users/aryazaeri/Desktop/BestBefore/BestBefore_V2/ios/BestBefore_Prototype_IOS/BestBefore_Prototype_IOS.xcodeproj
    
    Using response file: /Users/aryazaeri/Library/Developer/Xcode/DerivedData/BestBefore_Prototype_IOS-gbnddpnjsvathjdutdcktjqecxgh/Build/Intermediates.noindex/Firebase.build/Debug-iphonesimulator/FirebaseCore.build/Objects-normal/x86_64/e6072d4f65d7061329687fe24e3d63a7-common-args.resp
    
    builtin-ScanDependencies -o /Users/aryazaeri/Library/Developer/Xcode/DerivedData/BestBefore_Prototype_IOS-gbnddpnjsvathjdutdcktjqecxgh/Build/Intermediates.noindex/Firebase.build/Debug-iphonesimulator/FirebaseCore.build/Objects-normal/x86_64/FIRLogger.o.scan -- /Applications/Xcode.app/Contents/Developer/Toolchains/XcodeDefault.xctoolchain/usr/bin/clang -x objective-c -ivfsstatcache /Users/aryazaeri/Library/Developer/Xcode/DerivedData/SDKStatCaches.noindex/iphonesimulator26.2-23C53-7d00a8b37fbd7999ea79df8ebc024bf0.sdkstatcache -fmessage-length\=0 -fdiagnostics-show-note-include-stack -fmacro-backtrace-limit\=0 -fno-color-diagnostics -fmodules-prune-interval\=86400 -fmodules-prune-after\=345600 -fbuild-session-file\=/Users/aryazaeri/Library/Developer/Xcode/DerivedData/ModuleCache.noindex/Session.modulevalidation -fmodules-validate-once-per-build-session -Wnon-modular-include-in-framework-module -Werror\=non-modular-include-in-framework-module -Wno-trigraphs -Wno-missing-field-initializers -Wno-missing-prototypes -Wno-return-type -Wno-implicit-atomic-properties -Wno-objc-interface-ivars -Wno-arc-repeated-use-of-weak -Wno-missing-braces -Wparentheses -Wswitch -Wno-unused-function -Wno-unused-label -Wno-unused-parameter -Wno-unused-variable -Wunused-value -Wno-empty-body -Wno-uninitialized -Wno-unknown-pragmas -w -Wno-shadow -Wno-four-char-constants -Wno-conversion -Wno-constant-conversion -Wno-int-conversion -Wno-bool-conversion -Wno-enum-conversion -Wno-float-conversion -Wno-non-literal-null-conversion -Wno-objc-literal-conversion -Wshorten-64-to-32 -Wpointer-sign -Wno-newline-eof -Wno-selector -Wno-strict-selector-match -Wno-undeclared-selector -Wno-deprecated-implementations -Wno-implicit-fallthrough -fstrict-aliasing -Wprotocol -Wdeprecated-declarations -Wno-sign-conversion -Wno-infinite-recursion -Wno-comma -Wno-block-capture-autoreleasing -Wno-strict-prototypes -Wno-semicolon-before-method-body -index-store-path /Users/aryazaeri/Library/Developer/Xcode/DerivedData/BestBefore_Prototype_IOS-gbnddpnjsvathjdutdcktjqecxgh/Index.noindex/DataStore @/Users/aryazaeri/Library/Developer/Xcode/DerivedData/BestBefore_Prototype_IOS-gbnddpnjsvathjdutdcktjqecxgh/Build/Intermediates.noindex/Firebase.build/Debug-iphonesimulator/FirebaseCore.build/Objects-normal/x86_64/e6072d4f65d7061329687fe24e3d63a7-common-args.resp -include /Users/aryazaeri/Library/Developer/Xcode/DerivedData/BestBefore_Prototype_IOS-gbnddpnjsvathjdutdcktjqecxgh/Build/Intermediates.noindex/Firebase.build/Debug-iphonesimulator/FirebaseCore.build/DerivedSources/resource_bundle_accessor.h -MMD -MT dependencies -MF /Users/aryazaeri/Library/Developer/Xcode/DerivedData/BestBefore_Prototype_IOS-gbnddpnjsvathjdutdcktjqecxgh/Build/Intermediates.noindex/Firebase.build/Debug-iphonesimulator/FirebaseCore.build/Objects-normal/x86_64/FIRLogger.d --serialize-diagnostics /Users/aryazaeri/Library/Developer/Xcode/DerivedData/BestBefore_Prototype_IOS-gbnddpnjsvathjdutdcktjqecxgh/Build/Intermediates.noindex/Firebase.build/Debug-iphonesimulator/FirebaseCore.build/Objects-normal/x86_64/FIRLogger.dia -c /Users/aryazaeri/Library/Developer/Xcode/DerivedData/BestBefore_Prototype_IOS-gbnddpnjsvathjdutdcktjqecxgh/SourcePackages/checkouts/firebase-ios-sdk/FirebaseCore/Sources/FIRLogger.m -o /Users/aryazaeri/Library/Developer/Xcode/DerivedData/BestBefore_Prototype_IOS-gbnddpnjsvathjdutdcktjqecxgh/Build/Intermediates.noindex/Firebase.build/Debug-iphonesimulator/FirebaseCore.build/Objects-normal/x86_64/FIRLogger.o -index-unit-output-path /Firebase.build/Debug-iphonesimulator/FirebaseCore.build/Objects-normal/x86_64/FIRLogger.o

ScanDependencies /Users/aryazaeri/Library/Developer/Xcode/DerivedData/BestBefore_Prototype_IOS-gbnddpnjsvathjdutdcktjqecxgh/Build/Intermediates.noindex/Firebase.build/Debug-iphonesimulator/FirebaseCore.build/Objects-normal/x86_64/FIRHeartbeatLogger.o /Users/aryazaeri/Library/Developer/Xcode/DerivedData/BestBefore_Prototype_IOS-gbnddpnjsvathjdutdcktjqecxgh/SourcePackages/checkouts/firebase-ios-sdk/FirebaseCore/Sources/FIRHeartbeatLogger.m normal x86_64 objective-c com.apple.compilers.llvm.clang.1_0.compiler (in target 'FirebaseCore' from project 'Firebase')
    cd /Users/aryazaeri/Desktop/BestBefore/BestBefore_V2/ios/BestBefore_Prototype_IOS/BestBefore_Prototype_IOS.xcodeproj
    
    Using response file: /Users/aryazaeri/Library/Developer/Xcode/DerivedData/BestBefore_Prototype_IOS-gbnddpnjsvathjdutdcktjqecxgh/Build/Intermediates.noindex/Firebase.build/Debug-iphonesimulator/FirebaseCore.build/Objects-normal/x86_64/e6072d4f65d7061329687fe24e3d63a7-common-args.resp
    
    builtin-ScanDependencies -o /Users/aryazaeri/Library/Developer/Xcode/DerivedData/BestBefore_Prototype_IOS-gbnddpnjsvathjdutdcktjqecxgh/Build/Intermediates.noindex/Firebase.build/Debug-iphonesimulator/FirebaseCore.build/Objects-normal/x86_64/FIRHeartbeatLogger.o.scan -- /Applications/Xcode.app/Contents/Developer/Toolchains/XcodeDefault.xctoolchain/usr/bin/clang -x objective-c -ivfsstatcache /Users/aryazaeri/Library/Developer/Xcode/DerivedData/SDKStatCaches.noindex/iphonesimulator26.2-23C53-7d00a8b37fbd7999ea79df8ebc024bf0.sdkstatcache -fmessage-length\=0 -fdiagnostics-show-note-include-stack -fmacro-backtrace-limit\=0 -fno-color-diagnostics -fmodules-prune-interval\=86400 -fmodules-prune-after\=345600 -fbuild-session-file\=/Users/aryazaeri/Library/Developer/Xcode/DerivedData/ModuleCache.noindex/Session.modulevalidation -fmodules-validate-once-per-build-session -Wnon-modular-include-in-framework-module -Werror\=non-modular-include-in-framework-module -Wno-trigraphs -Wno-missing-field-initializers -Wno-missing-prototypes -Wno-return-type -Wno-implicit-atomic-properties -Wno-objc-interface-ivars -Wno-arc-repeated-use-of-weak -Wno-missing-braces -Wparentheses -Wswitch -Wno-unused-function -Wno-unused-label -Wno-unused-parameter -Wno-unused-variable -Wunused-value -Wno-empty-body -Wno-uninitialized -Wno-unknown-pragmas -w -Wno-shadow -Wno-four-char-constants -Wno-conversion -Wno-constant-conversion -Wno-int-conversion -Wno-bool-conversion -Wno-enum-conversion -Wno-float-conversion -Wno-non-literal-null-conversion -Wno-objc-literal-conversion -Wshorten-64-to-32 -Wpointer-sign -Wno-newline-eof -Wno-selector -Wno-strict-selector-match -Wno-undeclared-selector -Wno-deprecated-implementations -Wno-implicit-fallthrough -fstrict-aliasing -Wprotocol -Wdeprecated-declarations -Wno-sign-conversion -Wno-infinite-recursion -Wno-comma -Wno-block-capture-autoreleasing -Wno-strict-prototypes -Wno-semicolon-before-method-body -index-store-path /Users/aryazaeri/Library/Developer/Xcode/DerivedData/BestBefore_Prototype_IOS-gbnddpnjsvathjdutdcktjqecxgh/Index.noindex/DataStore @/Users/aryazaeri/Library/Developer/Xcode/DerivedData/BestBefore_Prototype_IOS-gbnddpnjsvathjdutdcktjqecxgh/Build/Intermediates.noindex/Firebase.build/Debug-iphonesimulator/FirebaseCore.build/Objects-normal/x86_64/e6072d4f65d7061329687fe24e3d63a7-common-args.resp -include /Users/aryazaeri/Library/Developer/Xcode/DerivedData/BestBefore_Prototype_IOS-gbnddpnjsvathjdutdcktjqecxgh/Build/Intermediates.noindex/Firebase.build/Debug-iphonesimulator/FirebaseCore.build/DerivedSources/resource_bundle_accessor.h -MMD -MT dependencies -MF /Users/aryazaeri/Library/Developer/Xcode/DerivedData/BestBefore_Prototype_IOS-gbnddpnjsvathjdutdcktjqecxgh/Build/Intermediates.noindex/Firebase.build/Debug-iphonesimulator/FirebaseCore.build/Objects-normal/x86_64/FIRHeartbeatLogger.d --serialize-diagnostics /Users/aryazaeri/Library/Developer/Xcode/DerivedData/BestBefore_Prototype_IOS-gbnddpnjsvathjdutdcktjqecxgh/Build/Intermediates.noindex/Firebase.build/Debug-iphonesimulator/FirebaseCore.build/Objects-normal/x86_64/FIRHeartbeatLogger.dia -c /Users/aryazaeri/Library/Developer/Xcode/DerivedData/BestBefore_Prototype_IOS-gbnddpnjsvathjdutdcktjqecxgh/SourcePackages/checkouts/firebase-ios-sdk/FirebaseCore/Sources/FIRHeartbeatLogger.m -o /Users/aryazaeri/Library/Developer/Xcode/DerivedData/BestBefore_Prototype_IOS-gbnddpnjsvathjdutdcktjqecxgh/Build/Intermediates.noindex/Firebase.build/Debug-iphonesimulator/FirebaseCore.build/Objects-normal/x86_64/FIRHeartbeatLogger.o -index-unit-output-path /Firebase.build/Debug-iphonesimulator/FirebaseCore.build/Objects-normal/x86_64/FIRHeartbeatLogger.o

ScanDependencies /Users/aryazaeri/Library/Developer/Xcode/DerivedData/BestBefore_Prototype_IOS-gbnddpnjsvathjdutdcktjqecxgh/Build/Intermediates.noindex/Firebase.build/Debug-iphonesimulator/FirebaseCore.build/Objects-normal/x86_64/FIRFirebaseUserAgent.o /Users/aryazaeri/Library/Developer/Xcode/DerivedData/BestBefore_Prototype_IOS-gbnddpnjsvathjdutdcktjqecxgh/SourcePackages/checkouts/firebase-ios-sdk/FirebaseCore/Sources/FIRFirebaseUserAgent.m normal x86_64 objective-c com.apple.compilers.llvm.clang.1_0.compiler (in target 'FirebaseCore' from project 'Firebase')
    cd /Users/aryazaeri/Desktop/BestBefore/BestBefore_V2/ios/BestBefore_Prototype_IOS/BestBefore_Prototype_IOS.xcodeproj
    
    Using response file: /Users/aryazaeri/Library/Developer/Xcode/DerivedData/BestBefore_Prototype_IOS-gbnddpnjsvathjdutdcktjqecxgh/Build/Intermediates.noindex/Firebase.build/Debug-iphonesimulator/FirebaseCore.build/Objects-normal/x86_64/e6072d4f65d7061329687fe24e3d63a7-common-args.resp
    
    builtin-ScanDependencies -o /Users/aryazaeri/Library/Developer/Xcode/DerivedData/BestBefore_Prototype_IOS-gbnddpnjsvathjdutdcktjqecxgh/Build/Intermediates.noindex/Firebase.build/Debug-iphonesimulator/FirebaseCore.build/Objects-normal/x86_64/FIRFirebaseUserAgent.o.scan -- /Applications/Xcode.app/Contents/Developer/Toolchains/XcodeDefault.xctoolchain/usr/bin/clang -x objective-c -ivfsstatcache /Users/aryazaeri/Library/Developer/Xcode/DerivedData/SDKStatCaches.noindex/iphonesimulator26.2-23C53-7d00a8b37fbd7999ea79df8ebc024bf0.sdkstatcache -fmessage-length\=0 -fdiagnostics-show-note-include-stack -fmacro-backtrace-limit\=0 -fno-color-diagnostics -fmodules-prune-interval\=86400 -fmodules-prune-after\=345600 -fbuild-session-file\=/Users/aryazaeri/Library/Developer/Xcode/DerivedData/ModuleCache.noindex/Session.modulevalidation -fmodules-validate-once-per-build-session -Wnon-modular-include-in-framework-module -Werror\=non-modular-include-in-framework-module -Wno-trigraphs -Wno-missing-field-initializers -Wno-missing-prototypes -Wno-return-type -Wno-implicit-atomic-properties -Wno-objc-interface-ivars -Wno-arc-repeated-use-of-weak -Wno-missing-braces -Wparentheses -Wswitch -Wno-unused-function -Wno-unused-label -Wno-unused-parameter -Wno-unused-variable -Wunused-value -Wno-empty-body -Wno-uninitialized -Wno-unknown-pragmas -w -Wno-shadow -Wno-four-char-constants -Wno-conversion -Wno-constant-conversion -Wno-int-conversion -Wno-bool-conversion -Wno-enum-conversion -Wno-float-conversion -Wno-non-literal-null-conversion -Wno-objc-literal-conversion -Wshorten-64-to-32 -Wpointer-sign -Wno-newline-eof -Wno-selector -Wno-strict-selector-match -Wno-undeclared-selector -Wno-deprecated-implementations -Wno-implicit-fallthrough -fstrict-aliasing -Wprotocol -Wdeprecated-declarations -Wno-sign-conversion -Wno-infinite-recursion -Wno-comma -Wno-block-capture-autoreleasing -Wno-strict-prototypes -Wno-semicolon-before-method-body -index-store-path /Users/aryazaeri/Library/Developer/Xcode/DerivedData/BestBefore_Prototype_IOS-gbnddpnjsvathjdutdcktjqecxgh/Index.noindex/DataStore @/Users/aryazaeri/Library/Developer/Xcode/DerivedData/BestBefore_Prototype_IOS-gbnddpnjsvathjdutdcktjqecxgh/Build/Intermediates.noindex/Firebase.build/Debug-iphonesimulator/FirebaseCore.build/Objects-normal/x86_64/e6072d4f65d7061329687fe24e3d63a7-common-args.resp -include /Users/aryazaeri/Library/Developer/Xcode/DerivedData/BestBefore_Prototype_IOS-gbnddpnjsvathjdutdcktjqecxgh/Build/Intermediates.noindex/Firebase.build/Debug-iphonesimulator/FirebaseCore.build/DerivedSources/resource_bundle_accessor.h -MMD -MT dependencies -MF /Users/aryazaeri/Library/Developer/Xcode/DerivedData/BestBefore_Prototype_IOS-gbnddpnjsvathjdutdcktjqecxgh/Build/Intermediates.noindex/Firebase.build/Debug-iphonesimulator/FirebaseCore.build/Objects-normal/x86_64/FIRFirebaseUserAgent.d --serialize-diagnostics /Users/aryazaeri/Library/Developer/Xcode/DerivedData/BestBefore_Prototype_IOS-gbnddpnjsvathjdutdcktjqecxgh/Build/Intermediates.noindex/Firebase.build/Debug-iphonesimulator/FirebaseCore.build/Objects-normal/x86_64/FIRFirebaseUserAgent.dia -c /Users/aryazaeri/Library/Developer/Xcode/DerivedData/BestBefore_Prototype_IOS-gbnddpnjsvathjdutdcktjqecxgh/SourcePackages/checkouts/firebase-ios-sdk/FirebaseCore/Sources/FIRFirebaseUserAgent.m -o /Users/aryazaeri/Library/Developer/Xcode/DerivedData/BestBefore_Prototype_IOS-gbnddpnjsvathjdutdcktjqecxgh/Build/Intermediates.noindex/Firebase.build/Debug-iphonesimulator/FirebaseCore.build/Objects-normal/x86_64/FIRFirebaseUserAgent.o -index-unit-output-path /Firebase.build/Debug-iphonesimulator/FirebaseCore.build/Objects-normal/x86_64/FIRFirebaseUserAgent.o

CompileC /Users/aryazaeri/Library/Developer/Xcode/DerivedData/BestBefore_Prototype_IOS-gbnddpnjsvathjdutdcktjqecxgh/Build/Intermediates.noindex/GoogleUtilities.build/Debug-iphonesimulator/GoogleUtilities-Network.build/Objects-normal/arm64/resource_bundle_accessor.o /Users/aryazaeri/Library/Developer/Xcode/DerivedData/BestBefore_Prototype_IOS-gbnddpnjsvathjdutdcktjqecxgh/Build/Intermediates.noindex/GoogleUtilities.build/Debug-iphonesimulator/GoogleUtilities-Network.build/DerivedSources/resource_bundle_accessor.m normal arm64 objective-c com.apple.compilers.llvm.clang.1_0.compiler (in target 'GoogleUtilities-Network' from project 'GoogleUtilities')
    cd /Users/aryazaeri/Desktop/BestBefore/BestBefore_V2/ios/BestBefore_Prototype_IOS/BestBefore_Prototype_IOS.xcodeproj
    
    Using response file: /Users/aryazaeri/Library/Developer/Xcode/DerivedData/BestBefore_Prototype_IOS-gbnddpnjsvathjdutdcktjqecxgh/Build/Intermediates.noindex/GoogleUtilities.build/Debug-iphonesimulator/GoogleUtilities-Network.build/Objects-normal/arm64/e6072d4f65d7061329687fe24e3d63a7-common-args.resp
    
    /Applications/Xcode.app/Contents/Developer/Toolchains/XcodeDefault.xctoolchain/usr/bin/clang -x objective-c -ivfsstatcache /Users/aryazaeri/Library/Developer/Xcode/DerivedData/SDKStatCaches.noindex/iphonesimulator26.2-23C53-7d00a8b37fbd7999ea79df8ebc024bf0.sdkstatcache -fmessage-length\=0 -fdiagnostics-show-note-include-stack -fmacro-backtrace-limit\=0 -fno-color-diagnostics -fmodules-prune-interval\=86400 -fmodules-prune-after\=345600 -fbuild-session-file\=/Users/aryazaeri/Library/Developer/Xcode/DerivedData/ModuleCache.noindex/Session.modulevalidation -fmodules-validate-once-per-build-session -Wnon-modular-include-in-framework-module -Werror\=non-modular-include-in-framework-module -Wno-trigraphs -Wno-missing-field-initializers -Wno-missing-prototypes -Wno-return-type -Wno-implicit-atomic-properties -Wno-objc-interface-ivars -Wno-arc-repeated-use-of-weak -Wno-missing-braces -Wparentheses -Wswitch -Wno-unused-function -Wno-unused-label -Wno-unused-parameter -Wno-unused-variable -Wunused-value -Wno-empty-body -Wno-uninitialized -Wno-unknown-pragmas -w -Wno-shadow -Wno-four-char-constants -Wno-conversion -Wno-constant-conversion -Wno-int-conversion -Wno-bool-conversion -Wno-enum-conversion -Wno-float-conversion -Wno-non-literal-null-conversion -Wno-objc-literal-conversion -Wshorten-64-to-32 -Wpointer-sign -Wno-newline-eof -Wno-selector -Wno-strict-selector-match -Wno-undeclared-selector -Wno-deprecated-implementations -Wno-implicit-fallthrough -fstrict-aliasing -Wprotocol -Wdeprecated-declarations -Wno-sign-conversion -Wno-infinite-recursion -Wno-comma -Wno-block-capture-autoreleasing -Wno-strict-prototypes -Wno-semicolon-before-method-body -index-store-path /Users/aryazaeri/Library/Developer/Xcode/DerivedData/BestBefore_Prototype_IOS-gbnddpnjsvathjdutdcktjqecxgh/Index.noindex/DataStore @/Users/aryazaeri/Library/Developer/Xcode/DerivedData/BestBefore_Prototype_IOS-gbnddpnjsvathjdutdcktjqecxgh/Build/Intermediates.noindex/GoogleUtilities.build/Debug-iphonesimulator/GoogleUtilities-Network.build/Objects-normal/arm64/e6072d4f65d7061329687fe24e3d63a7-common-args.resp -include /Users/aryazaeri/Library/Developer/Xcode/DerivedData/BestBefore_Prototype_IOS-gbnddpnjsvathjdutdcktjqecxgh/Build/Intermediates.noindex/GoogleUtilities.build/Debug-iphonesimulator/GoogleUtilities-Network.build/DerivedSources/resource_bundle_accessor.h -MMD -MT dependencies -MF /Users/aryazaeri/Library/Developer/Xcode/DerivedData/BestBefore_Prototype_IOS-gbnddpnjsvathjdutdcktjqecxgh/Build/Intermediates.noindex/GoogleUtilities.build/Debug-iphonesimulator/GoogleUtilities-Network.build/Objects-normal/arm64/resource_bundle_accessor.d --serialize-diagnostics /Users/aryazaeri/Library/Developer/Xcode/DerivedData/BestBefore_Prototype_IOS-gbnddpnjsvathjdutdcktjqecxgh/Build/Intermediates.noindex/GoogleUtilities.build/Debug-iphonesimulator/GoogleUtilities-Network.build/Objects-normal/arm64/resource_bundle_accessor.dia -c /Users/aryazaeri/Library/Developer/Xcode/DerivedData/BestBefore_Prototype_IOS-gbnddpnjsvathjdutdcktjqecxgh/Build/Intermediates.noindex/GoogleUtilities.build/Debug-iphonesimulator/GoogleUtilities-Network.build/DerivedSources/resource_bundle_accessor.m -o /Users/aryazaeri/Library/Developer/Xcode/DerivedData/BestBefore_Prototype_IOS-gbnddpnjsvathjdutdcktjqecxgh/Build/Intermediates.noindex/GoogleUtilities.build/Debug-iphonesimulator/GoogleUtilities-Network.build/Objects-normal/arm64/resource_bundle_accessor.o -index-unit-output-path /GoogleUtilities.build/Debug-iphonesimulator/GoogleUtilities-Network.build/Objects-normal/arm64/resource_bundle_accessor.o

ScanDependencies /Users/aryazaeri/Library/Developer/Xcode/DerivedData/BestBefore_Prototype_IOS-gbnddpnjsvathjdutdcktjqecxgh/Build/Intermediates.noindex/Firebase.build/Debug-iphonesimulator/FirebaseCore.build/Objects-normal/x86_64/FIRConfiguration.o /Users/aryazaeri/Library/Developer/Xcode/DerivedData/BestBefore_Prototype_IOS-gbnddpnjsvathjdutdcktjqecxgh/SourcePackages/checkouts/firebase-ios-sdk/FirebaseCore/Sources/FIRConfiguration.m normal x86_64 objective-c com.apple.compilers.llvm.clang.1_0.compiler (in target 'FirebaseCore' from project 'Firebase')
    cd /Users/aryazaeri/Desktop/BestBefore/BestBefore_V2/ios/BestBefore_Prototype_IOS/BestBefore_Prototype_IOS.xcodeproj
    
    Using response file: /Users/aryazaeri/Library/Developer/Xcode/DerivedData/BestBefore_Prototype_IOS-gbnddpnjsvathjdutdcktjqecxgh/Build/Intermediates.noindex/Firebase.build/Debug-iphonesimulator/FirebaseCore.build/Objects-normal/x86_64/e6072d4f65d7061329687fe24e3d63a7-common-args.resp
    
    builtin-ScanDependencies -o /Users/aryazaeri/Library/Developer/Xcode/DerivedData/BestBefore_Prototype_IOS-gbnddpnjsvathjdutdcktjqecxgh/Build/Intermediates.noindex/Firebase.build/Debug-iphonesimulator/FirebaseCore.build/Objects-normal/x86_64/FIRConfiguration.o.scan -- /Applications/Xcode.app/Contents/Developer/Toolchains/XcodeDefault.xctoolchain/usr/bin/clang -x objective-c -ivfsstatcache /Users/aryazaeri/Library/Developer/Xcode/DerivedData/SDKStatCaches.noindex/iphonesimulator26.2-23C53-7d00a8b37fbd7999ea79df8ebc024bf0.sdkstatcache -fmessage-length\=0 -fdiagnostics-show-note-include-stack -fmacro-backtrace-limit\=0 -fno-color-diagnostics -fmodules-prune-interval\=86400 -fmodules-prune-after\=345600 -fbuild-session-file\=/Users/aryazaeri/Library/Developer/Xcode/DerivedData/ModuleCache.noindex/Session.modulevalidation -fmodules-validate-once-per-build-session -Wnon-modular-include-in-framework-module -Werror\=non-modular-include-in-framework-module -Wno-trigraphs -Wno-missing-field-initializers -Wno-missing-prototypes -Wno-return-type -Wno-implicit-atomic-properties -Wno-objc-interface-ivars -Wno-arc-repeated-use-of-weak -Wno-missing-braces -Wparentheses -Wswitch -Wno-unused-function -Wno-unused-label -Wno-unused-parameter -Wno-unused-variable -Wunused-value -Wno-empty-body -Wno-uninitialized -Wno-unknown-pragmas -w -Wno-shadow -Wno-four-char-constants -Wno-conversion -Wno-constant-conversion -Wno-int-conversion -Wno-bool-conversion -Wno-enum-conversion -Wno-float-conversion -Wno-non-literal-null-conversion -Wno-objc-literal-conversion -Wshorten-64-to-32 -Wpointer-sign -Wno-newline-eof -Wno-selector -Wno-strict-selector-match -Wno-undeclared-selector -Wno-deprecated-implementations -Wno-implicit-fallthrough -fstrict-aliasing -Wprotocol -Wdeprecated-declarations -Wno-sign-conversion -Wno-infinite-recursion -Wno-comma -Wno-block-capture-autoreleasing -Wno-strict-prototypes -Wno-semicolon-before-method-body -index-store-path /Users/aryazaeri/Library/Developer/Xcode/DerivedData/BestBefore_Prototype_IOS-gbnddpnjsvathjdutdcktjqecxgh/Index.noindex/DataStore @/Users/aryazaeri/Library/Developer/Xcode/DerivedData/BestBefore_Prototype_IOS-gbnddpnjsvathjdutdcktjqecxgh/Build/Intermediates.noindex/Firebase.build/Debug-iphonesimulator/FirebaseCore.build/Objects-normal/x86_64/e6072d4f65d7061329687fe24e3d63a7-common-args.resp -include /Users/aryazaeri/Library/Developer/Xcode/DerivedData/BestBefore_Prototype_IOS-gbnddpnjsvathjdutdcktjqecxgh/Build/Intermediates.noindex/Firebase.build/Debug-iphonesimulator/FirebaseCore.build/DerivedSources/resource_bundle_accessor.h -MMD -MT dependencies -MF /Users/aryazaeri/Library/Developer/Xcode/DerivedData/BestBefore_Prototype_IOS-gbnddpnjsvathjdutdcktjqecxgh/Build/Intermediates.noindex/Firebase.build/Debug-iphonesimulator/FirebaseCore.build/Objects-normal/x86_64/FIRConfiguration.d --serialize-diagnostics /Users/aryazaeri/Library/Developer/Xcode/DerivedData/BestBefore_Prototype_IOS-gbnddpnjsvathjdutdcktjqecxgh/Build/Intermediates.noindex/Firebase.build/Debug-iphonesimulator/FirebaseCore.build/Objects-normal/x86_64/FIRConfiguration.dia -c /Users/aryazaeri/Library/Developer/Xcode/DerivedData/BestBefore_Prototype_IOS-gbnddpnjsvathjdutdcktjqecxgh/SourcePackages/checkouts/firebase-ios-sdk/FirebaseCore/Sources/FIRConfiguration.m -o /Users/aryazaeri/Library/Developer/Xcode/DerivedData/BestBefore_Prototype_IOS-gbnddpnjsvathjdutdcktjqecxgh/Build/Intermediates.noindex/Firebase.build/Debug-iphonesimulator/FirebaseCore.build/Objects-normal/x86_64/FIRConfiguration.o -index-unit-output-path /Firebase.build/Debug-iphonesimulator/FirebaseCore.build/Objects-normal/x86_64/FIRConfiguration.o

CompileC /Users/aryazaeri/Library/Developer/Xcode/DerivedData/BestBefore_Prototype_IOS-gbnddpnjsvathjdutdcktjqecxgh/Build/Intermediates.noindex/Firebase.build/Debug-iphonesimulator/FirebaseCore.build/Objects-normal/x86_64/FIRVersion.o /Users/aryazaeri/Library/Developer/Xcode/DerivedData/BestBefore_Prototype_IOS-gbnddpnjsvathjdutdcktjqecxgh/SourcePackages/checkouts/firebase-ios-sdk/FirebaseCore/Sources/FIRVersion.m normal x86_64 objective-c com.apple.compilers.llvm.clang.1_0.compiler (in target 'FirebaseCore' from project 'Firebase')
    cd /Users/aryazaeri/Desktop/BestBefore/BestBefore_V2/ios/BestBefore_Prototype_IOS/BestBefore_Prototype_IOS.xcodeproj
    
    Using response file: /Users/aryazaeri/Library/Developer/Xcode/DerivedData/BestBefore_Prototype_IOS-gbnddpnjsvathjdutdcktjqecxgh/Build/Intermediates.noindex/Firebase.build/Debug-iphonesimulator/FirebaseCore.build/Objects-normal/x86_64/e6072d4f65d7061329687fe24e3d63a7-common-args.resp
    
    /Applications/Xcode.app/Contents/Developer/Toolchains/XcodeDefault.xctoolchain/usr/bin/clang -x objective-c -ivfsstatcache /Users/aryazaeri/Library/Developer/Xcode/DerivedData/SDKStatCaches.noindex/iphonesimulator26.2-23C53-7d00a8b37fbd7999ea79df8ebc024bf0.sdkstatcache -fmessage-length\=0 -fdiagnostics-show-note-include-stack -fmacro-backtrace-limit\=0 -fno-color-diagnostics -fmodules-prune-interval\=86400 -fmodules-prune-after\=345600 -fbuild-session-file\=/Users/aryazaeri/Library/Developer/Xcode/DerivedData/ModuleCache.noindex/Session.modulevalidation -fmodules-validate-once-per-build-session -Wnon-modular-include-in-framework-module -Werror\=non-modular-include-in-framework-module -Wno-trigraphs -Wno-missing-field-initializers -Wno-missing-prototypes -Wno-return-type -Wno-implicit-atomic-properties -Wno-objc-interface-ivars -Wno-arc-repeated-use-of-weak -Wno-missing-braces -Wparentheses -Wswitch -Wno-unused-function -Wno-unused-label -Wno-unused-parameter -Wno-unused-variable -Wunused-value -Wno-empty-body -Wno-uninitialized -Wno-unknown-pragmas -w -Wno-shadow -Wno-four-char-constants -Wno-conversion -Wno-constant-conversion -Wno-int-conversion -Wno-bool-conversion -Wno-enum-conversion -Wno-float-conversion -Wno-non-literal-null-conversion -Wno-objc-literal-conversion -Wshorten-64-to-32 -Wpointer-sign -Wno-newline-eof -Wno-selector -Wno-strict-selector-match -Wno-undeclared-selector -Wno-deprecated-implementations -Wno-implicit-fallthrough -fstrict-aliasing -Wprotocol -Wdeprecated-declarations -Wno-sign-conversion -Wno-infinite-recursion -Wno-comma -Wno-block-capture-autoreleasing -Wno-strict-prototypes -Wno-semicolon-before-method-body -index-store-path /Users/aryazaeri/Library/Developer/Xcode/DerivedData/BestBefore_Prototype_IOS-gbnddpnjsvathjdutdcktjqecxgh/Index.noindex/DataStore @/Users/aryazaeri/Library/Developer/Xcode/DerivedData/BestBefore_Prototype_IOS-gbnddpnjsvathjdutdcktjqecxgh/Build/Intermediates.noindex/Firebase.build/Debug-iphonesimulator/FirebaseCore.build/Objects-normal/x86_64/e6072d4f65d7061329687fe24e3d63a7-common-args.resp -include /Users/aryazaeri/Library/Developer/Xcode/DerivedData/BestBefore_Prototype_IOS-gbnddpnjsvathjdutdcktjqecxgh/Build/Intermediates.noindex/Firebase.build/Debug-iphonesimulator/FirebaseCore.build/DerivedSources/resource_bundle_accessor.h -MMD -MT dependencies -MF /Users/aryazaeri/Library/Developer/Xcode/DerivedData/BestBefore_Prototype_IOS-gbnddpnjsvathjdutdcktjqecxgh/Build/Intermediates.noindex/Firebase.build/Debug-iphonesimulator/FirebaseCore.build/Objects-normal/x86_64/FIRVersion.d --serialize-diagnostics /Users/aryazaeri/Library/Developer/Xcode/DerivedData/BestBefore_Prototype_IOS-gbnddpnjsvathjdutdcktjqecxgh/Build/Intermediates.noindex/Firebase.build/Debug-iphonesimulator/FirebaseCore.build/Objects-normal/x86_64/FIRVersion.dia -c /Users/aryazaeri/Library/Developer/Xcode/DerivedData/BestBefore_Prototype_IOS-gbnddpnjsvathjdutdcktjqecxgh/SourcePackages/checkouts/firebase-ios-sdk/FirebaseCore/Sources/FIRVersion.m -o /Users/aryazaeri/Library/Developer/Xcode/DerivedData/BestBefore_Prototype_IOS-gbnddpnjsvathjdutdcktjqecxgh/Build/Intermediates.noindex/Firebase.build/Debug-iphonesimulator/FirebaseCore.build/Objects-normal/x86_64/FIRVersion.o -index-unit-output-path /Firebase.build/Debug-iphonesimulator/FirebaseCore.build/Objects-normal/x86_64/FIRVersion.o

CompileC /Users/aryazaeri/Library/Developer/Xcode/DerivedData/BestBefore_Prototype_IOS-gbnddpnjsvathjdutdcktjqecxgh/Build/Intermediates.noindex/Firebase.build/Debug-iphonesimulator/FirebaseCore.build/Objects-normal/x86_64/FIROptions.o /Users/aryazaeri/Library/Developer/Xcode/DerivedData/BestBefore_Prototype_IOS-gbnddpnjsvathjdutdcktjqecxgh/SourcePackages/checkouts/firebase-ios-sdk/FirebaseCore/Sources/FIROptions.m normal x86_64 objective-c com.apple.compilers.llvm.clang.1_0.compiler (in target 'FirebaseCore' from project 'Firebase')
    cd /Users/aryazaeri/Desktop/BestBefore/BestBefore_V2/ios/BestBefore_Prototype_IOS/BestBefore_Prototype_IOS.xcodeproj
    
    Using response file: /Users/aryazaeri/Library/Developer/Xcode/DerivedData/BestBefore_Prototype_IOS-gbnddpnjsvathjdutdcktjqecxgh/Build/Intermediates.noindex/Firebase.build/Debug-iphonesimulator/FirebaseCore.build/Objects-normal/x86_64/e6072d4f65d7061329687fe24e3d63a7-common-args.resp
    
    /Applications/Xcode.app/Contents/Developer/Toolchains/XcodeDefault.xctoolchain/usr/bin/clang -x objective-c -ivfsstatcache /Users/aryazaeri/Library/Developer/Xcode/DerivedData/SDKStatCaches.noindex/iphonesimulator26.2-23C53-7d00a8b37fbd7999ea79df8ebc024bf0.sdkstatcache -fmessage-length\=0 -fdiagnostics-show-note-include-stack -fmacro-backtrace-limit\=0 -fno-color-diagnostics -fmodules-prune-interval\=86400 -fmodules-prune-after\=345600 -fbuild-session-file\=/Users/aryazaeri/Library/Developer/Xcode/DerivedData/ModuleCache.noindex/Session.modulevalidation -fmodules-validate-once-per-build-session -Wnon-modular-include-in-framework-module -Werror\=non-modular-include-in-framework-module -Wno-trigraphs -Wno-missing-field-initializers -Wno-missing-prototypes -Wno-return-type -Wno-implicit-atomic-properties -Wno-objc-interface-ivars -Wno-arc-repeated-use-of-weak -Wno-missing-braces -Wparentheses -Wswitch -Wno-unused-function -Wno-unused-label -Wno-unused-parameter -Wno-unused-variable -Wunused-value -Wno-empty-body -Wno-uninitialized -Wno-unknown-pragmas -w -Wno-shadow -Wno-four-char-constants -Wno-conversion -Wno-constant-conversion -Wno-int-conversion -Wno-bool-conversion -Wno-enum-conversion -Wno-float-conversion -Wno-non-literal-null-conversion -Wno-objc-literal-conversion -Wshorten-64-to-32 -Wpointer-sign -Wno-newline-eof -Wno-selector -Wno-strict-selector-match -Wno-undeclared-selector -Wno-deprecated-implementations -Wno-implicit-fallthrough -fstrict-aliasing -Wprotocol -Wdeprecated-declarations -Wno-sign-conversion -Wno-infinite-recursion -Wno-comma -Wno-block-capture-autoreleasing -Wno-strict-prototypes -Wno-semicolon-before-method-body -index-store-path /Users/aryazaeri/Library/Developer/Xcode/DerivedData/BestBefore_Prototype_IOS-gbnddpnjsvathjdutdcktjqecxgh/Index.noindex/DataStore @/Users/aryazaeri/Library/Developer/Xcode/DerivedData/BestBefore_Prototype_IOS-gbnddpnjsvathjdutdcktjqecxgh/Build/Intermediates.noindex/Firebase.build/Debug-iphonesimulator/FirebaseCore.build/Objects-normal/x86_64/e6072d4f65d7061329687fe24e3d63a7-common-args.resp -include /Users/aryazaeri/Library/Developer/Xcode/DerivedData/BestBefore_Prototype_IOS-gbnddpnjsvathjdutdcktjqecxgh/Build/Intermediates.noindex/Firebase.build/Debug-iphonesimulator/FirebaseCore.build/DerivedSources/resource_bundle_accessor.h -MMD -MT dependencies -MF /Users/aryazaeri/Library/Developer/Xcode/DerivedData/BestBefore_Prototype_IOS-gbnddpnjsvathjdutdcktjqecxgh/Build/Intermediates.noindex/Firebase.build/Debug-iphonesimulator/FirebaseCore.build/Objects-normal/x86_64/FIROptions.d --serialize-diagnostics /Users/aryazaeri/Library/Developer/Xcode/DerivedData/BestBefore_Prototype_IOS-gbnddpnjsvathjdutdcktjqecxgh/Build/Intermediates.noindex/Firebase.build/Debug-iphonesimulator/FirebaseCore.build/Objects-normal/x86_64/FIROptions.dia -c /Users/aryazaeri/Library/Developer/Xcode/DerivedData/BestBefore_Prototype_IOS-gbnddpnjsvathjdutdcktjqecxgh/SourcePackages/checkouts/firebase-ios-sdk/FirebaseCore/Sources/FIROptions.m -o /Users/aryazaeri/Library/Developer/Xcode/DerivedData/BestBefore_Prototype_IOS-gbnddpnjsvathjdutdcktjqecxgh/Build/Intermediates.noindex/Firebase.build/Debug-iphonesimulator/FirebaseCore.build/Objects-normal/x86_64/FIROptions.o -index-unit-output-path /Firebase.build/Debug-iphonesimulator/FirebaseCore.build/Objects-normal/x86_64/FIROptions.o

PrecompileModule /Users/aryazaeri/Library/Developer/Xcode/DerivedData/BestBefore_Prototype_IOS-gbnddpnjsvathjdutdcktjqecxgh/Build/Intermediates.noindex/ExplicitPrecompiledModules/GoogleUtilities_Environment-73Q5RAISBRINU1JL55PSP6MZU.scan
    cd /
    builtin-precompileModule /Users/aryazaeri/Library/Developer/Xcode/DerivedData/BestBefore_Prototype_IOS-gbnddpnjsvathjdutdcktjqecxgh/Build/Intermediates.noindex/ExplicitPrecompiledModules/GoogleUtilities_Environment-73Q5RAISBRINU1JL55PSP6MZU.scan

CompileC /Users/aryazaeri/Library/Developer/Xcode/DerivedData/BestBefore_Prototype_IOS-gbnddpnjsvathjdutdcktjqecxgh/Build/Intermediates.noindex/Firebase.build/Debug-iphonesimulator/FirebaseCore.build/Objects-normal/x86_64/FIRTimestamp.o /Users/aryazaeri/Library/Developer/Xcode/DerivedData/BestBefore_Prototype_IOS-gbnddpnjsvathjdutdcktjqecxgh/SourcePackages/checkouts/firebase-ios-sdk/FirebaseCore/Sources/FIRTimestamp.m normal x86_64 objective-c com.apple.compilers.llvm.clang.1_0.compiler (in target 'FirebaseCore' from project 'Firebase')
    cd /Users/aryazaeri/Desktop/BestBefore/BestBefore_V2/ios/BestBefore_Prototype_IOS/BestBefore_Prototype_IOS.xcodeproj
    
    Using response file: /Users/aryazaeri/Library/Developer/Xcode/DerivedData/BestBefore_Prototype_IOS-gbnddpnjsvathjdutdcktjqecxgh/Build/Intermediates.noindex/Firebase.build/Debug-iphonesimulator/FirebaseCore.build/Objects-normal/x86_64/e6072d4f65d7061329687fe24e3d63a7-common-args.resp
    
    /Applications/Xcode.app/Contents/Developer/Toolchains/XcodeDefault.xctoolchain/usr/bin/clang -x objective-c -ivfsstatcache /Users/aryazaeri/Library/Developer/Xcode/DerivedData/SDKStatCaches.noindex/iphonesimulator26.2-23C53-7d00a8b37fbd7999ea79df8ebc024bf0.sdkstatcache -fmessage-length\=0 -fdiagnostics-show-note-include-stack -fmacro-backtrace-limit\=0 -fno-color-diagnostics -fmodules-prune-interval\=86400 -fmodules-prune-after\=345600 -fbuild-session-file\=/Users/aryazaeri/Library/Developer/Xcode/DerivedData/ModuleCache.noindex/Session.modulevalidation -fmodules-validate-once-per-build-session -Wnon-modular-include-in-framework-module -Werror\=non-modular-include-in-framework-module -Wno-trigraphs -Wno-missing-field-initializers -Wno-missing-prototypes -Wno-return-type -Wno-implicit-atomic-properties -Wno-objc-interface-ivars -Wno-arc-repeated-use-of-weak -Wno-missing-braces -Wparentheses -Wswitch -Wno-unused-function -Wno-unused-label -Wno-unused-parameter -Wno-unused-variable -Wunused-value -Wno-empty-body -Wno-uninitialized -Wno-unknown-pragmas -w -Wno-shadow -Wno-four-char-constants -Wno-conversion -Wno-constant-conversion -Wno-int-conversion -Wno-bool-conversion -Wno-enum-conversion -Wno-float-conversion -Wno-non-literal-null-conversion -Wno-objc-literal-conversion -Wshorten-64-to-32 -Wpointer-sign -Wno-newline-eof -Wno-selector -Wno-strict-selector-match -Wno-undeclared-selector -Wno-deprecated-implementations -Wno-implicit-fallthrough -fstrict-aliasing -Wprotocol -Wdeprecated-declarations -Wno-sign-conversion -Wno-infinite-recursion -Wno-comma -Wno-block-capture-autoreleasing -Wno-strict-prototypes -Wno-semicolon-before-method-body -index-store-path /Users/aryazaeri/Library/Developer/Xcode/DerivedData/BestBefore_Prototype_IOS-gbnddpnjsvathjdutdcktjqecxgh/Index.noindex/DataStore @/Users/aryazaeri/Library/Developer/Xcode/DerivedData/BestBefore_Prototype_IOS-gbnddpnjsvathjdutdcktjqecxgh/Build/Intermediates.noindex/Firebase.build/Debug-iphonesimulator/FirebaseCore.build/Objects-normal/x86_64/e6072d4f65d7061329687fe24e3d63a7-common-args.resp -include /Users/aryazaeri/Library/Developer/Xcode/DerivedData/BestBefore_Prototype_IOS-gbnddpnjsvathjdutdcktjqecxgh/Build/Intermediates.noindex/Firebase.build/Debug-iphonesimulator/FirebaseCore.build/DerivedSources/resource_bundle_accessor.h -MMD -MT dependencies -MF /Users/aryazaeri/Library/Developer/Xcode/DerivedData/BestBefore_Prototype_IOS-gbnddpnjsvathjdutdcktjqecxgh/Build/Intermediates.noindex/Firebase.build/Debug-iphonesimulator/FirebaseCore.build/Objects-normal/x86_64/FIRTimestamp.d --serialize-diagnostics /Users/aryazaeri/Library/Developer/Xcode/DerivedData/BestBefore_Prototype_IOS-gbnddpnjsvathjdutdcktjqecxgh/Build/Intermediates.noindex/Firebase.build/Debug-iphonesimulator/FirebaseCore.build/Objects-normal/x86_64/FIRTimestamp.dia -c /Users/aryazaeri/Library/Developer/Xcode/DerivedData/BestBefore_Prototype_IOS-gbnddpnjsvathjdutdcktjqecxgh/SourcePackages/checkouts/firebase-ios-sdk/FirebaseCore/Sources/FIRTimestamp.m -o /Users/aryazaeri/Library/Developer/Xcode/DerivedData/BestBefore_Prototype_IOS-gbnddpnjsvathjdutdcktjqecxgh/Build/Intermediates.noindex/Firebase.build/Debug-iphonesimulator/FirebaseCore.build/Objects-normal/x86_64/FIRTimestamp.o -index-unit-output-path /Firebase.build/Debug-iphonesimulator/FirebaseCore.build/Objects-normal/x86_64/FIRTimestamp.o

PrecompileModule /Users/aryazaeri/Library/Developer/Xcode/DerivedData/BestBefore_Prototype_IOS-gbnddpnjsvathjdutdcktjqecxgh/Build/Intermediates.noindex/ExplicitPrecompiledModules/GoogleUtilities_Logger-ASGFF9BJYJSOUUSNXTCI08QHT.scan
    cd /
    builtin-precompileModule /Users/aryazaeri/Library/Developer/Xcode/DerivedData/BestBefore_Prototype_IOS-gbnddpnjsvathjdutdcktjqecxgh/Build/Intermediates.noindex/ExplicitPrecompiledModules/GoogleUtilities_Logger-ASGFF9BJYJSOUUSNXTCI08QHT.scan

CompileC /Users/aryazaeri/Library/Developer/Xcode/DerivedData/BestBefore_Prototype_IOS-gbnddpnjsvathjdutdcktjqecxgh/Build/Intermediates.noindex/Firebase.build/Debug-iphonesimulator/FirebaseCore.build/Objects-normal/x86_64/FIRConfiguration.o /Users/aryazaeri/Library/Developer/Xcode/DerivedData/BestBefore_Prototype_IOS-gbnddpnjsvathjdutdcktjqecxgh/SourcePackages/checkouts/firebase-ios-sdk/FirebaseCore/Sources/FIRConfiguration.m normal x86_64 objective-c com.apple.compilers.llvm.clang.1_0.compiler (in target 'FirebaseCore' from project 'Firebase')
    cd /Users/aryazaeri/Desktop/BestBefore/BestBefore_V2/ios/BestBefore_Prototype_IOS/BestBefore_Prototype_IOS.xcodeproj
    
    Using response file: /Users/aryazaeri/Library/Developer/Xcode/DerivedData/BestBefore_Prototype_IOS-gbnddpnjsvathjdutdcktjqecxgh/Build/Intermediates.noindex/Firebase.build/Debug-iphonesimulator/FirebaseCore.build/Objects-normal/x86_64/e6072d4f65d7061329687fe24e3d63a7-common-args.resp
    
    /Applications/Xcode.app/Contents/Developer/Toolchains/XcodeDefault.xctoolchain/usr/bin/clang -x objective-c -ivfsstatcache /Users/aryazaeri/Library/Developer/Xcode/DerivedData/SDKStatCaches.noindex/iphonesimulator26.2-23C53-7d00a8b37fbd7999ea79df8ebc024bf0.sdkstatcache -fmessage-length\=0 -fdiagnostics-show-note-include-stack -fmacro-backtrace-limit\=0 -fno-color-diagnostics -fmodules-prune-interval\=86400 -fmodules-prune-after\=345600 -fbuild-session-file\=/Users/aryazaeri/Library/Developer/Xcode/DerivedData/ModuleCache.noindex/Session.modulevalidation -fmodules-validate-once-per-build-session -Wnon-modular-include-in-framework-module -Werror\=non-modular-include-in-framework-module -Wno-trigraphs -Wno-missing-field-initializers -Wno-missing-prototypes -Wno-return-type -Wno-implicit-atomic-properties -Wno-objc-interface-ivars -Wno-arc-repeated-use-of-weak -Wno-missing-braces -Wparentheses -Wswitch -Wno-unused-function -Wno-unused-label -Wno-unused-parameter -Wno-unused-variable -Wunused-value -Wno-empty-body -Wno-uninitialized -Wno-unknown-pragmas -w -Wno-shadow -Wno-four-char-constants -Wno-conversion -Wno-constant-conversion -Wno-int-conversion -Wno-bool-conversion -Wno-enum-conversion -Wno-float-conversion -Wno-non-literal-null-conversion -Wno-objc-literal-conversion -Wshorten-64-to-32 -Wpointer-sign -Wno-newline-eof -Wno-selector -Wno-strict-selector-match -Wno-undeclared-selector -Wno-deprecated-implementations -Wno-implicit-fallthrough -fstrict-aliasing -Wprotocol -Wdeprecated-declarations -Wno-sign-conversion -Wno-infinite-recursion -Wno-comma -Wno-block-capture-autoreleasing -Wno-strict-prototypes -Wno-semicolon-before-method-body -index-store-path /Users/aryazaeri/Library/Developer/Xcode/DerivedData/BestBefore_Prototype_IOS-gbnddpnjsvathjdutdcktjqecxgh/Index.noindex/DataStore @/Users/aryazaeri/Library/Developer/Xcode/DerivedData/BestBefore_Prototype_IOS-gbnddpnjsvathjdutdcktjqecxgh/Build/Intermediates.noindex/Firebase.build/Debug-iphonesimulator/FirebaseCore.build/Objects-normal/x86_64/e6072d4f65d7061329687fe24e3d63a7-common-args.resp -include /Users/aryazaeri/Library/Developer/Xcode/DerivedData/BestBefore_Prototype_IOS-gbnddpnjsvathjdutdcktjqecxgh/Build/Intermediates.noindex/Firebase.build/Debug-iphonesimulator/FirebaseCore.build/DerivedSources/resource_bundle_accessor.h -MMD -MT dependencies -MF /Users/aryazaeri/Library/Developer/Xcode/DerivedData/BestBefore_Prototype_IOS-gbnddpnjsvathjdutdcktjqecxgh/Build/Intermediates.noindex/Firebase.build/Debug-iphonesimulator/FirebaseCore.build/Objects-normal/x86_64/FIRConfiguration.d --serialize-diagnostics /Users/aryazaeri/Library/Developer/Xcode/DerivedData/BestBefore_Prototype_IOS-gbnddpnjsvathjdutdcktjqecxgh/Build/Intermediates.noindex/Firebase.build/Debug-iphonesimulator/FirebaseCore.build/Objects-normal/x86_64/FIRConfiguration.dia -c /Users/aryazaeri/Library/Developer/Xcode/DerivedData/BestBefore_Prototype_IOS-gbnddpnjsvathjdutdcktjqecxgh/SourcePackages/checkouts/firebase-ios-sdk/FirebaseCore/Sources/FIRConfiguration.m -o /Users/aryazaeri/Library/Developer/Xcode/DerivedData/BestBefore_Prototype_IOS-gbnddpnjsvathjdutdcktjqecxgh/Build/Intermediates.noindex/Firebase.build/Debug-iphonesimulator/FirebaseCore.build/Objects-normal/x86_64/FIRConfiguration.o -index-unit-output-path /Firebase.build/Debug-iphonesimulator/FirebaseCore.build/Objects-normal/x86_64/FIRConfiguration.o

PrecompileModule /Users/aryazaeri/Library/Developer/Xcode/DerivedData/BestBefore_Prototype_IOS-gbnddpnjsvathjdutdcktjqecxgh/Build/Intermediates.noindex/ExplicitPrecompiledModules/FirebaseCoreInternal-C265P9EHDOHKFMIUM2J4IDCAV.scan
    cd /
    builtin-precompileModule /Users/aryazaeri/Library/Developer/Xcode/DerivedData/BestBefore_Prototype_IOS-gbnddpnjsvathjdutdcktjqecxgh/Build/Intermediates.noindex/ExplicitPrecompiledModules/FirebaseCoreInternal-C265P9EHDOHKFMIUM2J4IDCAV.scan

ScanDependencies /Users/aryazaeri/Library/Developer/Xcode/DerivedData/BestBefore_Prototype_IOS-gbnddpnjsvathjdutdcktjqecxgh/Build/Intermediates.noindex/GoogleUtilities.build/Debug-iphonesimulator/GoogleUtilities-Network.build/Objects-normal/arm64/GULNetworkURLSession.o /Users/aryazaeri/Library/Developer/Xcode/DerivedData/BestBefore_Prototype_IOS-gbnddpnjsvathjdutdcktjqecxgh/SourcePackages/checkouts/GoogleUtilities/GoogleUtilities/Network/GULNetworkURLSession.m normal arm64 objective-c com.apple.compilers.llvm.clang.1_0.compiler (in target 'GoogleUtilities-Network' from project 'GoogleUtilities')
    cd /Users/aryazaeri/Desktop/BestBefore/BestBefore_V2/ios/BestBefore_Prototype_IOS/BestBefore_Prototype_IOS.xcodeproj
    
    Using response file: /Users/aryazaeri/Library/Developer/Xcode/DerivedData/BestBefore_Prototype_IOS-gbnddpnjsvathjdutdcktjqecxgh/Build/Intermediates.noindex/GoogleUtilities.build/Debug-iphonesimulator/GoogleUtilities-Network.build/Objects-normal/arm64/e6072d4f65d7061329687fe24e3d63a7-common-args.resp
    
    builtin-ScanDependencies -o /Users/aryazaeri/Library/Developer/Xcode/DerivedData/BestBefore_Prototype_IOS-gbnddpnjsvathjdutdcktjqecxgh/Build/Intermediates.noindex/GoogleUtilities.build/Debug-iphonesimulator/GoogleUtilities-Network.build/Objects-normal/arm64/GULNetworkURLSession.o.scan -- /Applications/Xcode.app/Contents/Developer/Toolchains/XcodeDefault.xctoolchain/usr/bin/clang -x objective-c -ivfsstatcache /Users/aryazaeri/Library/Developer/Xcode/DerivedData/SDKStatCaches.noindex/iphonesimulator26.2-23C53-7d00a8b37fbd7999ea79df8ebc024bf0.sdkstatcache -fmessage-length\=0 -fdiagnostics-show-note-include-stack -fmacro-backtrace-limit\=0 -fno-color-diagnostics -fmodules-prune-interval\=86400 -fmodules-prune-after\=345600 -fbuild-session-file\=/Users/aryazaeri/Library/Developer/Xcode/DerivedData/ModuleCache.noindex/Session.modulevalidation -fmodules-validate-once-per-build-session -Wnon-modular-include-in-framework-module -Werror\=non-modular-include-in-framework-module -Wno-trigraphs -Wno-missing-field-initializers -Wno-missing-prototypes -Wno-return-type -Wno-implicit-atomic-properties -Wno-objc-interface-ivars -Wno-arc-repeated-use-of-weak -Wno-missing-braces -Wparentheses -Wswitch -Wno-unused-function -Wno-unused-label -Wno-unused-parameter -Wno-unused-variable -Wunused-value -Wno-empty-body -Wno-uninitialized -Wno-unknown-pragmas -w -Wno-shadow -Wno-four-char-constants -Wno-conversion -Wno-constant-conversion -Wno-int-conversion -Wno-bool-conversion -Wno-enum-conversion -Wno-float-conversion -Wno-non-literal-null-conversion -Wno-objc-literal-conversion -Wshorten-64-to-32 -Wpointer-sign -Wno-newline-eof -Wno-selector -Wno-strict-selector-match -Wno-undeclared-selector -Wno-deprecated-implementations -Wno-implicit-fallthrough -fstrict-aliasing -Wprotocol -Wdeprecated-declarations -Wno-sign-conversion -Wno-infinite-recursion -Wno-comma -Wno-block-capture-autoreleasing -Wno-strict-prototypes -Wno-semicolon-before-method-body -index-store-path /Users/aryazaeri/Library/Developer/Xcode/DerivedData/BestBefore_Prototype_IOS-gbnddpnjsvathjdutdcktjqecxgh/Index.noindex/DataStore @/Users/aryazaeri/Library/Developer/Xcode/DerivedData/BestBefore_Prototype_IOS-gbnddpnjsvathjdutdcktjqecxgh/Build/Intermediates.noindex/GoogleUtilities.build/Debug-iphonesimulator/GoogleUtilities-Network.build/Objects-normal/arm64/e6072d4f65d7061329687fe24e3d63a7-common-args.resp -include /Users/aryazaeri/Library/Developer/Xcode/DerivedData/BestBefore_Prototype_IOS-gbnddpnjsvathjdutdcktjqecxgh/Build/Intermediates.noindex/GoogleUtilities.build/Debug-iphonesimulator/GoogleUtilities-Network.build/DerivedSources/resource_bundle_accessor.h -MMD -MT dependencies -MF /Users/aryazaeri/Library/Developer/Xcode/DerivedData/BestBefore_Prototype_IOS-gbnddpnjsvathjdutdcktjqecxgh/Build/Intermediates.noindex/GoogleUtilities.build/Debug-iphonesimulator/GoogleUtilities-Network.build/Objects-normal/arm64/GULNetworkURLSession.d --serialize-diagnostics /Users/aryazaeri/Library/Developer/Xcode/DerivedData/BestBefore_Prototype_IOS-gbnddpnjsvathjdutdcktjqecxgh/Build/Intermediates.noindex/GoogleUtilities.build/Debug-iphonesimulator/GoogleUtilities-Network.build/Objects-normal/arm64/GULNetworkURLSession.dia -c /Users/aryazaeri/Library/Developer/Xcode/DerivedData/BestBefore_Prototype_IOS-gbnddpnjsvathjdutdcktjqecxgh/SourcePackages/checkouts/GoogleUtilities/GoogleUtilities/Network/GULNetworkURLSession.m -o /Users/aryazaeri/Library/Developer/Xcode/DerivedData/BestBefore_Prototype_IOS-gbnddpnjsvathjdutdcktjqecxgh/Build/Intermediates.noindex/GoogleUtilities.build/Debug-iphonesimulator/GoogleUtilities-Network.build/Objects-normal/arm64/GULNetworkURLSession.o -index-unit-output-path /GoogleUtilities.build/Debug-iphonesimulator/GoogleUtilities-Network.build/Objects-normal/arm64/GULNetworkURLSession.o

ScanDependencies /Users/aryazaeri/Library/Developer/Xcode/DerivedData/BestBefore_Prototype_IOS-gbnddpnjsvathjdutdcktjqecxgh/Build/Intermediates.noindex/GoogleUtilities.build/Debug-iphonesimulator/GoogleUtilities-Network.build/Objects-normal/arm64/GULNetworkConstants.o /Users/aryazaeri/Library/Developer/Xcode/DerivedData/BestBefore_Prototype_IOS-gbnddpnjsvathjdutdcktjqecxgh/SourcePackages/checkouts/GoogleUtilities/GoogleUtilities/Network/GULNetworkConstants.m normal arm64 objective-c com.apple.compilers.llvm.clang.1_0.compiler (in target 'GoogleUtilities-Network' from project 'GoogleUtilities')
    cd /Users/aryazaeri/Desktop/BestBefore/BestBefore_V2/ios/BestBefore_Prototype_IOS/BestBefore_Prototype_IOS.xcodeproj
    
    Using response file: /Users/aryazaeri/Library/Developer/Xcode/DerivedData/BestBefore_Prototype_IOS-gbnddpnjsvathjdutdcktjqecxgh/Build/Intermediates.noindex/GoogleUtilities.build/Debug-iphonesimulator/GoogleUtilities-Network.build/Objects-normal/arm64/e6072d4f65d7061329687fe24e3d63a7-common-args.resp
    
    builtin-ScanDependencies -o /Users/aryazaeri/Library/Developer/Xcode/DerivedData/BestBefore_Prototype_IOS-gbnddpnjsvathjdutdcktjqecxgh/Build/Intermediates.noindex/GoogleUtilities.build/Debug-iphonesimulator/GoogleUtilities-Network.build/Objects-normal/arm64/GULNetworkConstants.o.scan -- /Applications/Xcode.app/Contents/Developer/Toolchains/XcodeDefault.xctoolchain/usr/bin/clang -x objective-c -ivfsstatcache /Users/aryazaeri/Library/Developer/Xcode/DerivedData/SDKStatCaches.noindex/iphonesimulator26.2-23C53-7d00a8b37fbd7999ea79df8ebc024bf0.sdkstatcache -fmessage-length\=0 -fdiagnostics-show-note-include-stack -fmacro-backtrace-limit\=0 -fno-color-diagnostics -fmodules-prune-interval\=86400 -fmodules-prune-after\=345600 -fbuild-session-file\=/Users/aryazaeri/Library/Developer/Xcode/DerivedData/ModuleCache.noindex/Session.modulevalidation -fmodules-validate-once-per-build-session -Wnon-modular-include-in-framework-module -Werror\=non-modular-include-in-framework-module -Wno-trigraphs -Wno-missing-field-initializers -Wno-missing-prototypes -Wno-return-type -Wno-implicit-atomic-properties -Wno-objc-interface-ivars -Wno-arc-repeated-use-of-weak -Wno-missing-braces -Wparentheses -Wswitch -Wno-unused-function -Wno-unused-label -Wno-unused-parameter -Wno-unused-variable -Wunused-value -Wno-empty-body -Wno-uninitialized -Wno-unknown-pragmas -w -Wno-shadow -Wno-four-char-constants -Wno-conversion -Wno-constant-conversion -Wno-int-conversion -Wno-bool-conversion -Wno-enum-conversion -Wno-float-conversion -Wno-non-literal-null-conversion -Wno-objc-literal-conversion -Wshorten-64-to-32 -Wpointer-sign -Wno-newline-eof -Wno-selector -Wno-strict-selector-match -Wno-undeclared-selector -Wno-deprecated-implementations -Wno-implicit-fallthrough -fstrict-aliasing -Wprotocol -Wdeprecated-declarations -Wno-sign-conversion -Wno-infinite-recursion -Wno-comma -Wno-block-capture-autoreleasing -Wno-strict-prototypes -Wno-semicolon-before-method-body -index-store-path /Users/aryazaeri/Library/Developer/Xcode/DerivedData/BestBefore_Prototype_IOS-gbnddpnjsvathjdutdcktjqecxgh/Index.noindex/DataStore @/Users/aryazaeri/Library/Developer/Xcode/DerivedData/BestBefore_Prototype_IOS-gbnddpnjsvathjdutdcktjqecxgh/Build/Intermediates.noindex/GoogleUtilities.build/Debug-iphonesimulator/GoogleUtilities-Network.build/Objects-normal/arm64/e6072d4f65d7061329687fe24e3d63a7-common-args.resp -include /Users/aryazaeri/Library/Developer/Xcode/DerivedData/BestBefore_Prototype_IOS-gbnddpnjsvathjdutdcktjqecxgh/Build/Intermediates.noindex/GoogleUtilities.build/Debug-iphonesimulator/GoogleUtilities-Network.build/DerivedSources/resource_bundle_accessor.h -MMD -MT dependencies -MF /Users/aryazaeri/Library/Developer/Xcode/DerivedData/BestBefore_Prototype_IOS-gbnddpnjsvathjdutdcktjqecxgh/Build/Intermediates.noindex/GoogleUtilities.build/Debug-iphonesimulator/GoogleUtilities-Network.build/Objects-normal/arm64/GULNetworkConstants.d --serialize-diagnostics /Users/aryazaeri/Library/Developer/Xcode/DerivedData/BestBefore_Prototype_IOS-gbnddpnjsvathjdutdcktjqecxgh/Build/Intermediates.noindex/GoogleUtilities.build/Debug-iphonesimulator/GoogleUtilities-Network.build/Objects-normal/arm64/GULNetworkConstants.dia -c /Users/aryazaeri/Library/Developer/Xcode/DerivedData/BestBefore_Prototype_IOS-gbnddpnjsvathjdutdcktjqecxgh/SourcePackages/checkouts/GoogleUtilities/GoogleUtilities/Network/GULNetworkConstants.m -o /Users/aryazaeri/Library/Developer/Xcode/DerivedData/BestBefore_Prototype_IOS-gbnddpnjsvathjdutdcktjqecxgh/Build/Intermediates.noindex/GoogleUtilities.build/Debug-iphonesimulator/GoogleUtilities-Network.build/Objects-normal/arm64/GULNetworkConstants.o -index-unit-output-path /GoogleUtilities.build/Debug-iphonesimulator/GoogleUtilities-Network.build/Objects-normal/arm64/GULNetworkConstants.o

CompileC /Users/aryazaeri/Library/Developer/Xcode/DerivedData/BestBefore_Prototype_IOS-gbnddpnjsvathjdutdcktjqecxgh/Build/Intermediates.noindex/Firebase.build/Debug-iphonesimulator/FirebaseCore.build/Objects-normal/x86_64/FIRLogger.o /Users/aryazaeri/Library/Developer/Xcode/DerivedData/BestBefore_Prototype_IOS-gbnddpnjsvathjdutdcktjqecxgh/SourcePackages/checkouts/firebase-ios-sdk/FirebaseCore/Sources/FIRLogger.m normal x86_64 objective-c com.apple.compilers.llvm.clang.1_0.compiler (in target 'FirebaseCore' from project 'Firebase')
    cd /Users/aryazaeri/Desktop/BestBefore/BestBefore_V2/ios/BestBefore_Prototype_IOS/BestBefore_Prototype_IOS.xcodeproj
    
    Using response file: /Users/aryazaeri/Library/Developer/Xcode/DerivedData/BestBefore_Prototype_IOS-gbnddpnjsvathjdutdcktjqecxgh/Build/Intermediates.noindex/Firebase.build/Debug-iphonesimulator/FirebaseCore.build/Objects-normal/x86_64/e6072d4f65d7061329687fe24e3d63a7-common-args.resp
    
    /Applications/Xcode.app/Contents/Developer/Toolchains/XcodeDefault.xctoolchain/usr/bin/clang -x objective-c -ivfsstatcache /Users/aryazaeri/Library/Developer/Xcode/DerivedData/SDKStatCaches.noindex/iphonesimulator26.2-23C53-7d00a8b37fbd7999ea79df8ebc024bf0.sdkstatcache -fmessage-length\=0 -fdiagnostics-show-note-include-stack -fmacro-backtrace-limit\=0 -fno-color-diagnostics -fmodules-prune-interval\=86400 -fmodules-prune-after\=345600 -fbuild-session-file\=/Users/aryazaeri/Library/Developer/Xcode/DerivedData/ModuleCache.noindex/Session.modulevalidation -fmodules-validate-once-per-build-session -Wnon-modular-include-in-framework-module -Werror\=non-modular-include-in-framework-module -Wno-trigraphs -Wno-missing-field-initializers -Wno-missing-prototypes -Wno-return-type -Wno-implicit-atomic-properties -Wno-objc-interface-ivars -Wno-arc-repeated-use-of-weak -Wno-missing-braces -Wparentheses -Wswitch -Wno-unused-function -Wno-unused-label -Wno-unused-parameter -Wno-unused-variable -Wunused-value -Wno-empty-body -Wno-uninitialized -Wno-unknown-pragmas -w -Wno-shadow -Wno-four-char-constants -Wno-conversion -Wno-constant-conversion -Wno-int-conversion -Wno-bool-conversion -Wno-enum-conversion -Wno-float-conversion -Wno-non-literal-null-conversion -Wno-objc-literal-conversion -Wshorten-64-to-32 -Wpointer-sign -Wno-newline-eof -Wno-selector -Wno-strict-selector-match -Wno-undeclared-selector -Wno-deprecated-implementations -Wno-implicit-fallthrough -fstrict-aliasing -Wprotocol -Wdeprecated-declarations -Wno-sign-conversion -Wno-infinite-recursion -Wno-comma -Wno-block-capture-autoreleasing -Wno-strict-prototypes -Wno-semicolon-before-method-body -index-store-path /Users/aryazaeri/Library/Developer/Xcode/DerivedData/BestBefore_Prototype_IOS-gbnddpnjsvathjdutdcktjqecxgh/Index.noindex/DataStore @/Users/aryazaeri/Library/Developer/Xcode/DerivedData/BestBefore_Prototype_IOS-gbnddpnjsvathjdutdcktjqecxgh/Build/Intermediates.noindex/Firebase.build/Debug-iphonesimulator/FirebaseCore.build/Objects-normal/x86_64/e6072d4f65d7061329687fe24e3d63a7-common-args.resp -include /Users/aryazaeri/Library/Developer/Xcode/DerivedData/BestBefore_Prototype_IOS-gbnddpnjsvathjdutdcktjqecxgh/Build/Intermediates.noindex/Firebase.build/Debug-iphonesimulator/FirebaseCore.build/DerivedSources/resource_bundle_accessor.h -MMD -MT dependencies -MF /Users/aryazaeri/Library/Developer/Xcode/DerivedData/BestBefore_Prototype_IOS-gbnddpnjsvathjdutdcktjqecxgh/Build/Intermediates.noindex/Firebase.build/Debug-iphonesimulator/FirebaseCore.build/Objects-normal/x86_64/FIRLogger.d --serialize-diagnostics /Users/aryazaeri/Library/Developer/Xcode/DerivedData/BestBefore_Prototype_IOS-gbnddpnjsvathjdutdcktjqecxgh/Build/Intermediates.noindex/Firebase.build/Debug-iphonesimulator/FirebaseCore.build/Objects-normal/x86_64/FIRLogger.dia -c /Users/aryazaeri/Library/Developer/Xcode/DerivedData/BestBefore_Prototype_IOS-gbnddpnjsvathjdutdcktjqecxgh/SourcePackages/checkouts/firebase-ios-sdk/FirebaseCore/Sources/FIRLogger.m -o /Users/aryazaeri/Library/Developer/Xcode/DerivedData/BestBefore_Prototype_IOS-gbnddpnjsvathjdutdcktjqecxgh/Build/Intermediates.noindex/Firebase.build/Debug-iphonesimulator/FirebaseCore.build/Objects-normal/x86_64/FIRLogger.o -index-unit-output-path /Firebase.build/Debug-iphonesimulator/FirebaseCore.build/Objects-normal/x86_64/FIRLogger.o

CompileC /Users/aryazaeri/Library/Developer/Xcode/DerivedData/BestBefore_Prototype_IOS-gbnddpnjsvathjdutdcktjqecxgh/Build/Intermediates.noindex/Firebase.build/Debug-iphonesimulator/FirebaseCore.build/Objects-normal/x86_64/FIRFirebaseUserAgent.o /Users/aryazaeri/Library/Developer/Xcode/DerivedData/BestBefore_Prototype_IOS-gbnddpnjsvathjdutdcktjqecxgh/SourcePackages/checkouts/firebase-ios-sdk/FirebaseCore/Sources/FIRFirebaseUserAgent.m normal x86_64 objective-c com.apple.compilers.llvm.clang.1_0.compiler (in target 'FirebaseCore' from project 'Firebase')
    cd /Users/aryazaeri/Desktop/BestBefore/BestBefore_V2/ios/BestBefore_Prototype_IOS/BestBefore_Prototype_IOS.xcodeproj
    
    Using response file: /Users/aryazaeri/Library/Developer/Xcode/DerivedData/BestBefore_Prototype_IOS-gbnddpnjsvathjdutdcktjqecxgh/Build/Intermediates.noindex/Firebase.build/Debug-iphonesimulator/FirebaseCore.build/Objects-normal/x86_64/e6072d4f65d7061329687fe24e3d63a7-common-args.resp
    
    /Applications/Xcode.app/Contents/Developer/Toolchains/XcodeDefault.xctoolchain/usr/bin/clang -x objective-c -ivfsstatcache /Users/aryazaeri/Library/Developer/Xcode/DerivedData/SDKStatCaches.noindex/iphonesimulator26.2-23C53-7d00a8b37fbd7999ea79df8ebc024bf0.sdkstatcache -fmessage-length\=0 -fdiagnostics-show-note-include-stack -fmacro-backtrace-limit\=0 -fno-color-diagnostics -fmodules-prune-interval\=86400 -fmodules-prune-after\=345600 -fbuild-session-file\=/Users/aryazaeri/Library/Developer/Xcode/DerivedData/ModuleCache.noindex/Session.modulevalidation -fmodules-validate-once-per-build-session -Wnon-modular-include-in-framework-module -Werror\=non-modular-include-in-framework-module -Wno-trigraphs -Wno-missing-field-initializers -Wno-missing-prototypes -Wno-return-type -Wno-implicit-atomic-properties -Wno-objc-interface-ivars -Wno-arc-repeated-use-of-weak -Wno-missing-braces -Wparentheses -Wswitch -Wno-unused-function -Wno-unused-label -Wno-unused-parameter -Wno-unused-variable -Wunused-value -Wno-empty-body -Wno-uninitialized -Wno-unknown-pragmas -w -Wno-shadow -Wno-four-char-constants -Wno-conversion -Wno-constant-conversion -Wno-int-conversion -Wno-bool-conversion -Wno-enum-conversion -Wno-float-conversion -Wno-non-literal-null-conversion -Wno-objc-literal-conversion -Wshorten-64-to-32 -Wpointer-sign -Wno-newline-eof -Wno-selector -Wno-strict-selector-match -Wno-undeclared-selector -Wno-deprecated-implementations -Wno-implicit-fallthrough -fstrict-aliasing -Wprotocol -Wdeprecated-declarations -Wno-sign-conversion -Wno-infinite-recursion -Wno-comma -Wno-block-capture-autoreleasing -Wno-strict-prototypes -Wno-semicolon-before-method-body -index-store-path /Users/aryazaeri/Library/Developer/Xcode/DerivedData/BestBefore_Prototype_IOS-gbnddpnjsvathjdutdcktjqecxgh/Index.noindex/DataStore @/Users/aryazaeri/Library/Developer/Xcode/DerivedData/BestBefore_Prototype_IOS-gbnddpnjsvathjdutdcktjqecxgh/Build/Intermediates.noindex/Firebase.build/Debug-iphonesimulator/FirebaseCore.build/Objects-normal/x86_64/e6072d4f65d7061329687fe24e3d63a7-common-args.resp -include /Users/aryazaeri/Library/Developer/Xcode/DerivedData/BestBefore_Prototype_IOS-gbnddpnjsvathjdutdcktjqecxgh/Build/Intermediates.noindex/Firebase.build/Debug-iphonesimulator/FirebaseCore.build/DerivedSources/resource_bundle_accessor.h -MMD -MT dependencies -MF /Users/aryazaeri/Library/Developer/Xcode/DerivedData/BestBefore_Prototype_IOS-gbnddpnjsvathjdutdcktjqecxgh/Build/Intermediates.noindex/Firebase.build/Debug-iphonesimulator/FirebaseCore.build/Objects-normal/x86_64/FIRFirebaseUserAgent.d --serialize-diagnostics /Users/aryazaeri/Library/Developer/Xcode/DerivedData/BestBefore_Prototype_IOS-gbnddpnjsvathjdutdcktjqecxgh/Build/Intermediates.noindex/Firebase.build/Debug-iphonesimulator/FirebaseCore.build/Objects-normal/x86_64/FIRFirebaseUserAgent.dia -c /Users/aryazaeri/Library/Developer/Xcode/DerivedData/BestBefore_Prototype_IOS-gbnddpnjsvathjdutdcktjqecxgh/SourcePackages/checkouts/firebase-ios-sdk/FirebaseCore/Sources/FIRFirebaseUserAgent.m -o /Users/aryazaeri/Library/Developer/Xcode/DerivedData/BestBefore_Prototype_IOS-gbnddpnjsvathjdutdcktjqecxgh/Build/Intermediates.noindex/Firebase.build/Debug-iphonesimulator/FirebaseCore.build/Objects-normal/x86_64/FIRFirebaseUserAgent.o -index-unit-output-path /Firebase.build/Debug-iphonesimulator/FirebaseCore.build/Objects-normal/x86_64/FIRFirebaseUserAgent.o

ScanDependencies /Users/aryazaeri/Library/Developer/Xcode/DerivedData/BestBefore_Prototype_IOS-gbnddpnjsvathjdutdcktjqecxgh/Build/Intermediates.noindex/GoogleUtilities.build/Debug-iphonesimulator/GoogleUtilities-Network.build/Objects-normal/arm64/GULNetwork.o /Users/aryazaeri/Library/Developer/Xcode/DerivedData/BestBefore_Prototype_IOS-gbnddpnjsvathjdutdcktjqecxgh/SourcePackages/checkouts/GoogleUtilities/GoogleUtilities/Network/GULNetwork.m normal arm64 objective-c com.apple.compilers.llvm.clang.1_0.compiler (in target 'GoogleUtilities-Network' from project 'GoogleUtilities')
    cd /Users/aryazaeri/Desktop/BestBefore/BestBefore_V2/ios/BestBefore_Prototype_IOS/BestBefore_Prototype_IOS.xcodeproj
    
    Using response file: /Users/aryazaeri/Library/Developer/Xcode/DerivedData/BestBefore_Prototype_IOS-gbnddpnjsvathjdutdcktjqecxgh/Build/Intermediates.noindex/GoogleUtilities.build/Debug-iphonesimulator/GoogleUtilities-Network.build/Objects-normal/arm64/e6072d4f65d7061329687fe24e3d63a7-common-args.resp
    
    builtin-ScanDependencies -o /Users/aryazaeri/Library/Developer/Xcode/DerivedData/BestBefore_Prototype_IOS-gbnddpnjsvathjdutdcktjqecxgh/Build/Intermediates.noindex/GoogleUtilities.build/Debug-iphonesimulator/GoogleUtilities-Network.build/Objects-normal/arm64/GULNetwork.o.scan -- /Applications/Xcode.app/Contents/Developer/Toolchains/XcodeDefault.xctoolchain/usr/bin/clang -x objective-c -ivfsstatcache /Users/aryazaeri/Library/Developer/Xcode/DerivedData/SDKStatCaches.noindex/iphonesimulator26.2-23C53-7d00a8b37fbd7999ea79df8ebc024bf0.sdkstatcache -fmessage-length\=0 -fdiagnostics-show-note-include-stack -fmacro-backtrace-limit\=0 -fno-color-diagnostics -fmodules-prune-interval\=86400 -fmodules-prune-after\=345600 -fbuild-session-file\=/Users/aryazaeri/Library/Developer/Xcode/DerivedData/ModuleCache.noindex/Session.modulevalidation -fmodules-validate-once-per-build-session -Wnon-modular-include-in-framework-module -Werror\=non-modular-include-in-framework-module -Wno-trigraphs -Wno-missing-field-initializers -Wno-missing-prototypes -Wno-return-type -Wno-implicit-atomic-properties -Wno-objc-interface-ivars -Wno-arc-repeated-use-of-weak -Wno-missing-braces -Wparentheses -Wswitch -Wno-unused-function -Wno-unused-label -Wno-unused-parameter -Wno-unused-variable -Wunused-value -Wno-empty-body -Wno-uninitialized -Wno-unknown-pragmas -w -Wno-shadow -Wno-four-char-constants -Wno-conversion -Wno-constant-conversion -Wno-int-conversion -Wno-bool-conversion -Wno-enum-conversion -Wno-float-conversion -Wno-non-literal-null-conversion -Wno-objc-literal-conversion -Wshorten-64-to-32 -Wpointer-sign -Wno-newline-eof -Wno-selector -Wno-strict-selector-match -Wno-undeclared-selector -Wno-deprecated-implementations -Wno-implicit-fallthrough -fstrict-aliasing -Wprotocol -Wdeprecated-declarations -Wno-sign-conversion -Wno-infinite-recursion -Wno-comma -Wno-block-capture-autoreleasing -Wno-strict-prototypes -Wno-semicolon-before-method-body -index-store-path /Users/aryazaeri/Library/Developer/Xcode/DerivedData/BestBefore_Prototype_IOS-gbnddpnjsvathjdutdcktjqecxgh/Index.noindex/DataStore @/Users/aryazaeri/Library/Developer/Xcode/DerivedData/BestBefore_Prototype_IOS-gbnddpnjsvathjdutdcktjqecxgh/Build/Intermediates.noindex/GoogleUtilities.build/Debug-iphonesimulator/GoogleUtilities-Network.build/Objects-normal/arm64/e6072d4f65d7061329687fe24e3d63a7-common-args.resp -include /Users/aryazaeri/Library/Developer/Xcode/DerivedData/BestBefore_Prototype_IOS-gbnddpnjsvathjdutdcktjqecxgh/Build/Intermediates.noindex/GoogleUtilities.build/Debug-iphonesimulator/GoogleUtilities-Network.build/DerivedSources/resource_bundle_accessor.h -MMD -MT dependencies -MF /Users/aryazaeri/Library/Developer/Xcode/DerivedData/BestBefore_Prototype_IOS-gbnddpnjsvathjdutdcktjqecxgh/Build/Intermediates.noindex/GoogleUtilities.build/Debug-iphonesimulator/GoogleUtilities-Network.build/Objects-normal/arm64/GULNetwork.d --serialize-diagnostics /Users/aryazaeri/Library/Developer/Xcode/DerivedData/BestBefore_Prototype_IOS-gbnddpnjsvathjdutdcktjqecxgh/Build/Intermediates.noindex/GoogleUtilities.build/Debug-iphonesimulator/GoogleUtilities-Network.build/Objects-normal/arm64/GULNetwork.dia -c /Users/aryazaeri/Library/Developer/Xcode/DerivedData/BestBefore_Prototype_IOS-gbnddpnjsvathjdutdcktjqecxgh/SourcePackages/checkouts/GoogleUtilities/GoogleUtilities/Network/GULNetwork.m -o /Users/aryazaeri/Library/Developer/Xcode/DerivedData/BestBefore_Prototype_IOS-gbnddpnjsvathjdutdcktjqecxgh/Build/Intermediates.noindex/GoogleUtilities.build/Debug-iphonesimulator/GoogleUtilities-Network.build/Objects-normal/arm64/GULNetwork.o -index-unit-output-path /GoogleUtilities.build/Debug-iphonesimulator/GoogleUtilities-Network.build/Objects-normal/arm64/GULNetwork.o

ScanDependencies /Users/aryazaeri/Library/Developer/Xcode/DerivedData/BestBefore_Prototype_IOS-gbnddpnjsvathjdutdcktjqecxgh/Build/Intermediates.noindex/GoogleUtilities.build/Debug-iphonesimulator/GoogleUtilities-Network.build/Objects-normal/arm64/GULMutableDictionary.o /Users/aryazaeri/Library/Developer/Xcode/DerivedData/BestBefore_Prototype_IOS-gbnddpnjsvathjdutdcktjqecxgh/SourcePackages/checkouts/GoogleUtilities/GoogleUtilities/Network/GULMutableDictionary.m normal arm64 objective-c com.apple.compilers.llvm.clang.1_0.compiler (in target 'GoogleUtilities-Network' from project 'GoogleUtilities')
    cd /Users/aryazaeri/Desktop/BestBefore/BestBefore_V2/ios/BestBefore_Prototype_IOS/BestBefore_Prototype_IOS.xcodeproj
    
    Using response file: /Users/aryazaeri/Library/Developer/Xcode/DerivedData/BestBefore_Prototype_IOS-gbnddpnjsvathjdutdcktjqecxgh/Build/Intermediates.noindex/GoogleUtilities.build/Debug-iphonesimulator/GoogleUtilities-Network.build/Objects-normal/arm64/e6072d4f65d7061329687fe24e3d63a7-common-args.resp
    
    builtin-ScanDependencies -o /Users/aryazaeri/Library/Developer/Xcode/DerivedData/BestBefore_Prototype_IOS-gbnddpnjsvathjdutdcktjqecxgh/Build/Intermediates.noindex/GoogleUtilities.build/Debug-iphonesimulator/GoogleUtilities-Network.build/Objects-normal/arm64/GULMutableDictionary.o.scan -- /Applications/Xcode.app/Contents/Developer/Toolchains/XcodeDefault.xctoolchain/usr/bin/clang -x objective-c -ivfsstatcache /Users/aryazaeri/Library/Developer/Xcode/DerivedData/SDKStatCaches.noindex/iphonesimulator26.2-23C53-7d00a8b37fbd7999ea79df8ebc024bf0.sdkstatcache -fmessage-length\=0 -fdiagnostics-show-note-include-stack -fmacro-backtrace-limit\=0 -fno-color-diagnostics -fmodules-prune-interval\=86400 -fmodules-prune-after\=345600 -fbuild-session-file\=/Users/aryazaeri/Library/Developer/Xcode/DerivedData/ModuleCache.noindex/Session.modulevalidation -fmodules-validate-once-per-build-session -Wnon-modular-include-in-framework-module -Werror\=non-modular-include-in-framework-module -Wno-trigraphs -Wno-missing-field-initializers -Wno-missing-prototypes -Wno-return-type -Wno-implicit-atomic-properties -Wno-objc-interface-ivars -Wno-arc-repeated-use-of-weak -Wno-missing-braces -Wparentheses -Wswitch -Wno-unused-function -Wno-unused-label -Wno-unused-parameter -Wno-unused-variable -Wunused-value -Wno-empty-body -Wno-uninitialized -Wno-unknown-pragmas -w -Wno-shadow -Wno-four-char-constants -Wno-conversion -Wno-constant-conversion -Wno-int-conversion -Wno-bool-conversion -Wno-enum-conversion -Wno-float-conversion -Wno-non-literal-null-conversion -Wno-objc-literal-conversion -Wshorten-64-to-32 -Wpointer-sign -Wno-newline-eof -Wno-selector -Wno-strict-selector-match -Wno-undeclared-selector -Wno-deprecated-implementations -Wno-implicit-fallthrough -fstrict-aliasing -Wprotocol -Wdeprecated-declarations -Wno-sign-conversion -Wno-infinite-recursion -Wno-comma -Wno-block-capture-autoreleasing -Wno-strict-prototypes -Wno-semicolon-before-method-body -index-store-path /Users/aryazaeri/Library/Developer/Xcode/DerivedData/BestBefore_Prototype_IOS-gbnddpnjsvathjdutdcktjqecxgh/Index.noindex/DataStore @/Users/aryazaeri/Library/Developer/Xcode/DerivedData/BestBefore_Prototype_IOS-gbnddpnjsvathjdutdcktjqecxgh/Build/Intermediates.noindex/GoogleUtilities.build/Debug-iphonesimulator/GoogleUtilities-Network.build/Objects-normal/arm64/e6072d4f65d7061329687fe24e3d63a7-common-args.resp -include /Users/aryazaeri/Library/Developer/Xcode/DerivedData/BestBefore_Prototype_IOS-gbnddpnjsvathjdutdcktjqecxgh/Build/Intermediates.noindex/GoogleUtilities.build/Debug-iphonesimulator/GoogleUtilities-Network.build/DerivedSources/resource_bundle_accessor.h -MMD -MT dependencies -MF /Users/aryazaeri/Library/Developer/Xcode/DerivedData/BestBefore_Prototype_IOS-gbnddpnjsvathjdutdcktjqecxgh/Build/Intermediates.noindex/GoogleUtilities.build/Debug-iphonesimulator/GoogleUtilities-Network.build/Objects-normal/arm64/GULMutableDictionary.d --serialize-diagnostics /Users/aryazaeri/Library/Developer/Xcode/DerivedData/BestBefore_Prototype_IOS-gbnddpnjsvathjdutdcktjqecxgh/Build/Intermediates.noindex/GoogleUtilities.build/Debug-iphonesimulator/GoogleUtilities-Network.build/Objects-normal/arm64/GULMutableDictionary.dia -c /Users/aryazaeri/Library/Developer/Xcode/DerivedData/BestBefore_Prototype_IOS-gbnddpnjsvathjdutdcktjqecxgh/SourcePackages/checkouts/GoogleUtilities/GoogleUtilities/Network/GULMutableDictionary.m -o /Users/aryazaeri/Library/Developer/Xcode/DerivedData/BestBefore_Prototype_IOS-gbnddpnjsvathjdutdcktjqecxgh/Build/Intermediates.noindex/GoogleUtilities.build/Debug-iphonesimulator/GoogleUtilities-Network.build/Objects-normal/arm64/GULMutableDictionary.o -index-unit-output-path /GoogleUtilities.build/Debug-iphonesimulator/GoogleUtilities-Network.build/Objects-normal/arm64/GULMutableDictionary.o

PrecompileModule /Users/aryazaeri/Library/Developer/Xcode/DerivedData/BestBefore_Prototype_IOS-gbnddpnjsvathjdutdcktjqecxgh/Build/Intermediates.noindex/ExplicitPrecompiledModules/GoogleUtilities_Logger-DTIHAPW0V4B5DWUKG8VMP6WR5.scan
    cd /
    builtin-precompileModule /Users/aryazaeri/Library/Developer/Xcode/DerivedData/BestBefore_Prototype_IOS-gbnddpnjsvathjdutdcktjqecxgh/Build/Intermediates.noindex/ExplicitPrecompiledModules/GoogleUtilities_Logger-DTIHAPW0V4B5DWUKG8VMP6WR5.scan

ScanDependencies /Users/aryazaeri/Library/Developer/Xcode/DerivedData/BestBefore_Prototype_IOS-gbnddpnjsvathjdutdcktjqecxgh/Build/Intermediates.noindex/Firebase.build/Debug-iphonesimulator/FirebaseCore.build/Objects-normal/x86_64/FIRComponentType.o /Users/aryazaeri/Library/Developer/Xcode/DerivedData/BestBefore_Prototype_IOS-gbnddpnjsvathjdutdcktjqecxgh/SourcePackages/checkouts/firebase-ios-sdk/FirebaseCore/Sources/FIRComponentType.m normal x86_64 objective-c com.apple.compilers.llvm.clang.1_0.compiler (in target 'FirebaseCore' from project 'Firebase')
    cd /Users/aryazaeri/Desktop/BestBefore/BestBefore_V2/ios/BestBefore_Prototype_IOS/BestBefore_Prototype_IOS.xcodeproj
    
    Using response file: /Users/aryazaeri/Library/Developer/Xcode/DerivedData/BestBefore_Prototype_IOS-gbnddpnjsvathjdutdcktjqecxgh/Build/Intermediates.noindex/Firebase.build/Debug-iphonesimulator/FirebaseCore.build/Objects-normal/x86_64/e6072d4f65d7061329687fe24e3d63a7-common-args.resp
    
    builtin-ScanDependencies -o /Users/aryazaeri/Library/Developer/Xcode/DerivedData/BestBefore_Prototype_IOS-gbnddpnjsvathjdutdcktjqecxgh/Build/Intermediates.noindex/Firebase.build/Debug-iphonesimulator/FirebaseCore.build/Objects-normal/x86_64/FIRComponentType.o.scan -- /Applications/Xcode.app/Contents/Developer/Toolchains/XcodeDefault.xctoolchain/usr/bin/clang -x objective-c -ivfsstatcache /Users/aryazaeri/Library/Developer/Xcode/DerivedData/SDKStatCaches.noindex/iphonesimulator26.2-23C53-7d00a8b37fbd7999ea79df8ebc024bf0.sdkstatcache -fmessage-length\=0 -fdiagnostics-show-note-include-stack -fmacro-backtrace-limit\=0 -fno-color-diagnostics -fmodules-prune-interval\=86400 -fmodules-prune-after\=345600 -fbuild-session-file\=/Users/aryazaeri/Library/Developer/Xcode/DerivedData/ModuleCache.noindex/Session.modulevalidation -fmodules-validate-once-per-build-session -Wnon-modular-include-in-framework-module -Werror\=non-modular-include-in-framework-module -Wno-trigraphs -Wno-missing-field-initializers -Wno-missing-prototypes -Wno-return-type -Wno-implicit-atomic-properties -Wno-objc-interface-ivars -Wno-arc-repeated-use-of-weak -Wno-missing-braces -Wparentheses -Wswitch -Wno-unused-function -Wno-unused-label -Wno-unused-parameter -Wno-unused-variable -Wunused-value -Wno-empty-body -Wno-uninitialized -Wno-unknown-pragmas -w -Wno-shadow -Wno-four-char-constants -Wno-conversion -Wno-constant-conversion -Wno-int-conversion -Wno-bool-conversion -Wno-enum-conversion -Wno-float-conversion -Wno-non-literal-null-conversion -Wno-objc-literal-conversion -Wshorten-64-to-32 -Wpointer-sign -Wno-newline-eof -Wno-selector -Wno-strict-selector-match -Wno-undeclared-selector -Wno-deprecated-implementations -Wno-implicit-fallthrough -fstrict-aliasing -Wprotocol -Wdeprecated-declarations -Wno-sign-conversion -Wno-infinite-recursion -Wno-comma -Wno-block-capture-autoreleasing -Wno-strict-prototypes -Wno-semicolon-before-method-body -index-store-path /Users/aryazaeri/Library/Developer/Xcode/DerivedData/BestBefore_Prototype_IOS-gbnddpnjsvathjdutdcktjqecxgh/Index.noindex/DataStore @/Users/aryazaeri/Library/Developer/Xcode/DerivedData/BestBefore_Prototype_IOS-gbnddpnjsvathjdutdcktjqecxgh/Build/Intermediates.noindex/Firebase.build/Debug-iphonesimulator/FirebaseCore.build/Objects-normal/x86_64/e6072d4f65d7061329687fe24e3d63a7-common-args.resp -include /Users/aryazaeri/Library/Developer/Xcode/DerivedData/BestBefore_Prototype_IOS-gbnddpnjsvathjdutdcktjqecxgh/Build/Intermediates.noindex/Firebase.build/Debug-iphonesimulator/FirebaseCore.build/DerivedSources/resource_bundle_accessor.h -MMD -MT dependencies -MF /Users/aryazaeri/Library/Developer/Xcode/DerivedData/BestBefore_Prototype_IOS-gbnddpnjsvathjdutdcktjqecxgh/Build/Intermediates.noindex/Firebase.build/Debug-iphonesimulator/FirebaseCore.build/Objects-normal/x86_64/FIRComponentType.d --serialize-diagnostics /Users/aryazaeri/Library/Developer/Xcode/DerivedData/BestBefore_Prototype_IOS-gbnddpnjsvathjdutdcktjqecxgh/Build/Intermediates.noindex/Firebase.build/Debug-iphonesimulator/FirebaseCore.build/Objects-normal/x86_64/FIRComponentType.dia -c /Users/aryazaeri/Library/Developer/Xcode/DerivedData/BestBefore_Prototype_IOS-gbnddpnjsvathjdutdcktjqecxgh/SourcePackages/checkouts/firebase-ios-sdk/FirebaseCore/Sources/FIRComponentType.m -o /Users/aryazaeri/Library/Developer/Xcode/DerivedData/BestBefore_Prototype_IOS-gbnddpnjsvathjdutdcktjqecxgh/Build/Intermediates.noindex/Firebase.build/Debug-iphonesimulator/FirebaseCore.build/Objects-normal/x86_64/FIRComponentType.o -index-unit-output-path /Firebase.build/Debug-iphonesimulator/FirebaseCore.build/Objects-normal/x86_64/FIRComponentType.o

CompileC /Users/aryazaeri/Library/Developer/Xcode/DerivedData/BestBefore_Prototype_IOS-gbnddpnjsvathjdutdcktjqecxgh/Build/Intermediates.noindex/Firebase.build/Debug-iphonesimulator/FirebaseCore.build/Objects-normal/x86_64/FIRHeartbeatLogger.o /Users/aryazaeri/Library/Developer/Xcode/DerivedData/BestBefore_Prototype_IOS-gbnddpnjsvathjdutdcktjqecxgh/SourcePackages/checkouts/firebase-ios-sdk/FirebaseCore/Sources/FIRHeartbeatLogger.m normal x86_64 objective-c com.apple.compilers.llvm.clang.1_0.compiler (in target 'FirebaseCore' from project 'Firebase')
    cd /Users/aryazaeri/Desktop/BestBefore/BestBefore_V2/ios/BestBefore_Prototype_IOS/BestBefore_Prototype_IOS.xcodeproj
    
    Using response file: /Users/aryazaeri/Library/Developer/Xcode/DerivedData/BestBefore_Prototype_IOS-gbnddpnjsvathjdutdcktjqecxgh/Build/Intermediates.noindex/Firebase.build/Debug-iphonesimulator/FirebaseCore.build/Objects-normal/x86_64/e6072d4f65d7061329687fe24e3d63a7-common-args.resp
    
    /Applications/Xcode.app/Contents/Developer/Toolchains/XcodeDefault.xctoolchain/usr/bin/clang -x objective-c -ivfsstatcache /Users/aryazaeri/Library/Developer/Xcode/DerivedData/SDKStatCaches.noindex/iphonesimulator26.2-23C53-7d00a8b37fbd7999ea79df8ebc024bf0.sdkstatcache -fmessage-length\=0 -fdiagnostics-show-note-include-stack -fmacro-backtrace-limit\=0 -fno-color-diagnostics -fmodules-prune-interval\=86400 -fmodules-prune-after\=345600 -fbuild-session-file\=/Users/aryazaeri/Library/Developer/Xcode/DerivedData/ModuleCache.noindex/Session.modulevalidation -fmodules-validate-once-per-build-session -Wnon-modular-include-in-framework-module -Werror\=non-modular-include-in-framework-module -Wno-trigraphs -Wno-missing-field-initializers -Wno-missing-prototypes -Wno-return-type -Wno-implicit-atomic-properties -Wno-objc-interface-ivars -Wno-arc-repeated-use-of-weak -Wno-missing-braces -Wparentheses -Wswitch -Wno-unused-function -Wno-unused-label -Wno-unused-parameter -Wno-unused-variable -Wunused-value -Wno-empty-body -Wno-uninitialized -Wno-unknown-pragmas -w -Wno-shadow -Wno-four-char-constants -Wno-conversion -Wno-constant-conversion -Wno-int-conversion -Wno-bool-conversion -Wno-enum-conversion -Wno-float-conversion -Wno-non-literal-null-conversion -Wno-objc-literal-conversion -Wshorten-64-to-32 -Wpointer-sign -Wno-newline-eof -Wno-selector -Wno-strict-selector-match -Wno-undeclared-selector -Wno-deprecated-implementations -Wno-implicit-fallthrough -fstrict-aliasing -Wprotocol -Wdeprecated-declarations -Wno-sign-conversion -Wno-infinite-recursion -Wno-comma -Wno-block-capture-autoreleasing -Wno-strict-prototypes -Wno-semicolon-before-method-body -index-store-path /Users/aryazaeri/Library/Developer/Xcode/DerivedData/BestBefore_Prototype_IOS-gbnddpnjsvathjdutdcktjqecxgh/Index.noindex/DataStore @/Users/aryazaeri/Library/Developer/Xcode/DerivedData/BestBefore_Prototype_IOS-gbnddpnjsvathjdutdcktjqecxgh/Build/Intermediates.noindex/Firebase.build/Debug-iphonesimulator/FirebaseCore.build/Objects-normal/x86_64/e6072d4f65d7061329687fe24e3d63a7-common-args.resp -include /Users/aryazaeri/Library/Developer/Xcode/DerivedData/BestBefore_Prototype_IOS-gbnddpnjsvathjdutdcktjqecxgh/Build/Intermediates.noindex/Firebase.build/Debug-iphonesimulator/FirebaseCore.build/DerivedSources/resource_bundle_accessor.h -MMD -MT dependencies -MF /Users/aryazaeri/Library/Developer/Xcode/DerivedData/BestBefore_Prototype_IOS-gbnddpnjsvathjdutdcktjqecxgh/Build/Intermediates.noindex/Firebase.build/Debug-iphonesimulator/FirebaseCore.build/Objects-normal/x86_64/FIRHeartbeatLogger.d --serialize-diagnostics /Users/aryazaeri/Library/Developer/Xcode/DerivedData/BestBefore_Prototype_IOS-gbnddpnjsvathjdutdcktjqecxgh/Build/Intermediates.noindex/Firebase.build/Debug-iphonesimulator/FirebaseCore.build/Objects-normal/x86_64/FIRHeartbeatLogger.dia -c /Users/aryazaeri/Library/Developer/Xcode/DerivedData/BestBefore_Prototype_IOS-gbnddpnjsvathjdutdcktjqecxgh/SourcePackages/checkouts/firebase-ios-sdk/FirebaseCore/Sources/FIRHeartbeatLogger.m -o /Users/aryazaeri/Library/Developer/Xcode/DerivedData/BestBefore_Prototype_IOS-gbnddpnjsvathjdutdcktjqecxgh/Build/Intermediates.noindex/Firebase.build/Debug-iphonesimulator/FirebaseCore.build/Objects-normal/x86_64/FIRHeartbeatLogger.o -index-unit-output-path /Firebase.build/Debug-iphonesimulator/FirebaseCore.build/Objects-normal/x86_64/FIRHeartbeatLogger.o

ScanDependencies /Users/aryazaeri/Library/Developer/Xcode/DerivedData/BestBefore_Prototype_IOS-gbnddpnjsvathjdutdcktjqecxgh/Build/Intermediates.noindex/Firebase.build/Debug-iphonesimulator/FirebaseCore.build/Objects-normal/x86_64/FIRComponentContainer.o /Users/aryazaeri/Library/Developer/Xcode/DerivedData/BestBefore_Prototype_IOS-gbnddpnjsvathjdutdcktjqecxgh/SourcePackages/checkouts/firebase-ios-sdk/FirebaseCore/Sources/FIRComponentContainer.m normal x86_64 objective-c com.apple.compilers.llvm.clang.1_0.compiler (in target 'FirebaseCore' from project 'Firebase')
    cd /Users/aryazaeri/Desktop/BestBefore/BestBefore_V2/ios/BestBefore_Prototype_IOS/BestBefore_Prototype_IOS.xcodeproj
    
    Using response file: /Users/aryazaeri/Library/Developer/Xcode/DerivedData/BestBefore_Prototype_IOS-gbnddpnjsvathjdutdcktjqecxgh/Build/Intermediates.noindex/Firebase.build/Debug-iphonesimulator/FirebaseCore.build/Objects-normal/x86_64/e6072d4f65d7061329687fe24e3d63a7-common-args.resp
    
    builtin-ScanDependencies -o /Users/aryazaeri/Library/Developer/Xcode/DerivedData/BestBefore_Prototype_IOS-gbnddpnjsvathjdutdcktjqecxgh/Build/Intermediates.noindex/Firebase.build/Debug-iphonesimulator/FirebaseCore.build/Objects-normal/x86_64/FIRComponentContainer.o.scan -- /Applications/Xcode.app/Contents/Developer/Toolchains/XcodeDefault.xctoolchain/usr/bin/clang -x objective-c -ivfsstatcache /Users/aryazaeri/Library/Developer/Xcode/DerivedData/SDKStatCaches.noindex/iphonesimulator26.2-23C53-7d00a8b37fbd7999ea79df8ebc024bf0.sdkstatcache -fmessage-length\=0 -fdiagnostics-show-note-include-stack -fmacro-backtrace-limit\=0 -fno-color-diagnostics -fmodules-prune-interval\=86400 -fmodules-prune-after\=345600 -fbuild-session-file\=/Users/aryazaeri/Library/Developer/Xcode/DerivedData/ModuleCache.noindex/Session.modulevalidation -fmodules-validate-once-per-build-session -Wnon-modular-include-in-framework-module -Werror\=non-modular-include-in-framework-module -Wno-trigraphs -Wno-missing-field-initializers -Wno-missing-prototypes -Wno-return-type -Wno-implicit-atomic-properties -Wno-objc-interface-ivars -Wno-arc-repeated-use-of-weak -Wno-missing-braces -Wparentheses -Wswitch -Wno-unused-function -Wno-unused-label -Wno-unused-parameter -Wno-unused-variable -Wunused-value -Wno-empty-body -Wno-uninitialized -Wno-unknown-pragmas -w -Wno-shadow -Wno-four-char-constants -Wno-conversion -Wno-constant-conversion -Wno-int-conversion -Wno-bool-conversion -Wno-enum-conversion -Wno-float-conversion -Wno-non-literal-null-conversion -Wno-objc-literal-conversion -Wshorten-64-to-32 -Wpointer-sign -Wno-newline-eof -Wno-selector -Wno-strict-selector-match -Wno-undeclared-selector -Wno-deprecated-implementations -Wno-implicit-fallthrough -fstrict-aliasing -Wprotocol -Wdeprecated-declarations -Wno-sign-conversion -Wno-infinite-recursion -Wno-comma -Wno-block-capture-autoreleasing -Wno-strict-prototypes -Wno-semicolon-before-method-body -index-store-path /Users/aryazaeri/Library/Developer/Xcode/DerivedData/BestBefore_Prototype_IOS-gbnddpnjsvathjdutdcktjqecxgh/Index.noindex/DataStore @/Users/aryazaeri/Library/Developer/Xcode/DerivedData/BestBefore_Prototype_IOS-gbnddpnjsvathjdutdcktjqecxgh/Build/Intermediates.noindex/Firebase.build/Debug-iphonesimulator/FirebaseCore.build/Objects-normal/x86_64/e6072d4f65d7061329687fe24e3d63a7-common-args.resp -include /Users/aryazaeri/Library/Developer/Xcode/DerivedData/BestBefore_Prototype_IOS-gbnddpnjsvathjdutdcktjqecxgh/Build/Intermediates.noindex/Firebase.build/Debug-iphonesimulator/FirebaseCore.build/DerivedSources/resource_bundle_accessor.h -MMD -MT dependencies -MF /Users/aryazaeri/Library/Developer/Xcode/DerivedData/BestBefore_Prototype_IOS-gbnddpnjsvathjdutdcktjqecxgh/Build/Intermediates.noindex/Firebase.build/Debug-iphonesimulator/FirebaseCore.build/Objects-normal/x86_64/FIRComponentContainer.d --serialize-diagnostics /Users/aryazaeri/Library/Developer/Xcode/DerivedData/BestBefore_Prototype_IOS-gbnddpnjsvathjdutdcktjqecxgh/Build/Intermediates.noindex/Firebase.build/Debug-iphonesimulator/FirebaseCore.build/Objects-normal/x86_64/FIRComponentContainer.dia -c /Users/aryazaeri/Library/Developer/Xcode/DerivedData/BestBefore_Prototype_IOS-gbnddpnjsvathjdutdcktjqecxgh/SourcePackages/checkouts/firebase-ios-sdk/FirebaseCore/Sources/FIRComponentContainer.m -o /Users/aryazaeri/Library/Developer/Xcode/DerivedData/BestBefore_Prototype_IOS-gbnddpnjsvathjdutdcktjqecxgh/Build/Intermediates.noindex/Firebase.build/Debug-iphonesimulator/FirebaseCore.build/Objects-normal/x86_64/FIRComponentContainer.o -index-unit-output-path /Firebase.build/Debug-iphonesimulator/FirebaseCore.build/Objects-normal/x86_64/FIRComponentContainer.o

CompileC /Users/aryazaeri/Library/Developer/Xcode/DerivedData/BestBefore_Prototype_IOS-gbnddpnjsvathjdutdcktjqecxgh/Build/Intermediates.noindex/GoogleUtilities.build/Debug-iphonesimulator/GoogleUtilities-Network.build/Objects-normal/arm64/GULMutableDictionary.o /Users/aryazaeri/Library/Developer/Xcode/DerivedData/BestBefore_Prototype_IOS-gbnddpnjsvathjdutdcktjqecxgh/SourcePackages/checkouts/GoogleUtilities/GoogleUtilities/Network/GULMutableDictionary.m normal arm64 objective-c com.apple.compilers.llvm.clang.1_0.compiler (in target 'GoogleUtilities-Network' from project 'GoogleUtilities')
    cd /Users/aryazaeri/Desktop/BestBefore/BestBefore_V2/ios/BestBefore_Prototype_IOS/BestBefore_Prototype_IOS.xcodeproj
    
    Using response file: /Users/aryazaeri/Library/Developer/Xcode/DerivedData/BestBefore_Prototype_IOS-gbnddpnjsvathjdutdcktjqecxgh/Build/Intermediates.noindex/GoogleUtilities.build/Debug-iphonesimulator/GoogleUtilities-Network.build/Objects-normal/arm64/e6072d4f65d7061329687fe24e3d63a7-common-args.resp
    
    /Applications/Xcode.app/Contents/Developer/Toolchains/XcodeDefault.xctoolchain/usr/bin/clang -x objective-c -ivfsstatcache /Users/aryazaeri/Library/Developer/Xcode/DerivedData/SDKStatCaches.noindex/iphonesimulator26.2-23C53-7d00a8b37fbd7999ea79df8ebc024bf0.sdkstatcache -fmessage-length\=0 -fdiagnostics-show-note-include-stack -fmacro-backtrace-limit\=0 -fno-color-diagnostics -fmodules-prune-interval\=86400 -fmodules-prune-after\=345600 -fbuild-session-file\=/Users/aryazaeri/Library/Developer/Xcode/DerivedData/ModuleCache.noindex/Session.modulevalidation -fmodules-validate-once-per-build-session -Wnon-modular-include-in-framework-module -Werror\=non-modular-include-in-framework-module -Wno-trigraphs -Wno-missing-field-initializers -Wno-missing-prototypes -Wno-return-type -Wno-implicit-atomic-properties -Wno-objc-interface-ivars -Wno-arc-repeated-use-of-weak -Wno-missing-braces -Wparentheses -Wswitch -Wno-unused-function -Wno-unused-label -Wno-unused-parameter -Wno-unused-variable -Wunused-value -Wno-empty-body -Wno-uninitialized -Wno-unknown-pragmas -w -Wno-shadow -Wno-four-char-constants -Wno-conversion -Wno-constant-conversion -Wno-int-conversion -Wno-bool-conversion -Wno-enum-conversion -Wno-float-conversion -Wno-non-literal-null-conversion -Wno-objc-literal-conversion -Wshorten-64-to-32 -Wpointer-sign -Wno-newline-eof -Wno-selector -Wno-strict-selector-match -Wno-undeclared-selector -Wno-deprecated-implementations -Wno-implicit-fallthrough -fstrict-aliasing -Wprotocol -Wdeprecated-declarations -Wno-sign-conversion -Wno-infinite-recursion -Wno-comma -Wno-block-capture-autoreleasing -Wno-strict-prototypes -Wno-semicolon-before-method-body -index-store-path /Users/aryazaeri/Library/Developer/Xcode/DerivedData/BestBefore_Prototype_IOS-gbnddpnjsvathjdutdcktjqecxgh/Index.noindex/DataStore @/Users/aryazaeri/Library/Developer/Xcode/DerivedData/BestBefore_Prototype_IOS-gbnddpnjsvathjdutdcktjqecxgh/Build/Intermediates.noindex/GoogleUtilities.build/Debug-iphonesimulator/GoogleUtilities-Network.build/Objects-normal/arm64/e6072d4f65d7061329687fe24e3d63a7-common-args.resp -include /Users/aryazaeri/Library/Developer/Xcode/DerivedData/BestBefore_Prototype_IOS-gbnddpnjsvathjdutdcktjqecxgh/Build/Intermediates.noindex/GoogleUtilities.build/Debug-iphonesimulator/GoogleUtilities-Network.build/DerivedSources/resource_bundle_accessor.h -MMD -MT dependencies -MF /Users/aryazaeri/Library/Developer/Xcode/DerivedData/BestBefore_Prototype_IOS-gbnddpnjsvathjdutdcktjqecxgh/Build/Intermediates.noindex/GoogleUtilities.build/Debug-iphonesimulator/GoogleUtilities-Network.build/Objects-normal/arm64/GULMutableDictionary.d --serialize-diagnostics /Users/aryazaeri/Library/Developer/Xcode/DerivedData/BestBefore_Prototype_IOS-gbnddpnjsvathjdutdcktjqecxgh/Build/Intermediates.noindex/GoogleUtilities.build/Debug-iphonesimulator/GoogleUtilities-Network.build/Objects-normal/arm64/GULMutableDictionary.dia -c /Users/aryazaeri/Library/Developer/Xcode/DerivedData/BestBefore_Prototype_IOS-gbnddpnjsvathjdutdcktjqecxgh/SourcePackages/checkouts/GoogleUtilities/GoogleUtilities/Network/GULMutableDictionary.m -o /Users/aryazaeri/Library/Developer/Xcode/DerivedData/BestBefore_Prototype_IOS-gbnddpnjsvathjdutdcktjqecxgh/Build/Intermediates.noindex/GoogleUtilities.build/Debug-iphonesimulator/GoogleUtilities-Network.build/Objects-normal/arm64/GULMutableDictionary.o -index-unit-output-path /GoogleUtilities.build/Debug-iphonesimulator/GoogleUtilities-Network.build/Objects-normal/arm64/GULMutableDictionary.o

ScanDependencies /Users/aryazaeri/Library/Developer/Xcode/DerivedData/BestBefore_Prototype_IOS-gbnddpnjsvathjdutdcktjqecxgh/Build/Intermediates.noindex/Firebase.build/Debug-iphonesimulator/FirebaseCore.build/Objects-normal/x86_64/FIRComponent.o /Users/aryazaeri/Library/Developer/Xcode/DerivedData/BestBefore_Prototype_IOS-gbnddpnjsvathjdutdcktjqecxgh/SourcePackages/checkouts/firebase-ios-sdk/FirebaseCore/Sources/FIRComponent.m normal x86_64 objective-c com.apple.compilers.llvm.clang.1_0.compiler (in target 'FirebaseCore' from project 'Firebase')
    cd /Users/aryazaeri/Desktop/BestBefore/BestBefore_V2/ios/BestBefore_Prototype_IOS/BestBefore_Prototype_IOS.xcodeproj
    
    Using response file: /Users/aryazaeri/Library/Developer/Xcode/DerivedData/BestBefore_Prototype_IOS-gbnddpnjsvathjdutdcktjqecxgh/Build/Intermediates.noindex/Firebase.build/Debug-iphonesimulator/FirebaseCore.build/Objects-normal/x86_64/e6072d4f65d7061329687fe24e3d63a7-common-args.resp
    
    builtin-ScanDependencies -o /Users/aryazaeri/Library/Developer/Xcode/DerivedData/BestBefore_Prototype_IOS-gbnddpnjsvathjdutdcktjqecxgh/Build/Intermediates.noindex/Firebase.build/Debug-iphonesimulator/FirebaseCore.build/Objects-normal/x86_64/FIRComponent.o.scan -- /Applications/Xcode.app/Contents/Developer/Toolchains/XcodeDefault.xctoolchain/usr/bin/clang -x objective-c -ivfsstatcache /Users/aryazaeri/Library/Developer/Xcode/DerivedData/SDKStatCaches.noindex/iphonesimulator26.2-23C53-7d00a8b37fbd7999ea79df8ebc024bf0.sdkstatcache -fmessage-length\=0 -fdiagnostics-show-note-include-stack -fmacro-backtrace-limit\=0 -fno-color-diagnostics -fmodules-prune-interval\=86400 -fmodules-prune-after\=345600 -fbuild-session-file\=/Users/aryazaeri/Library/Developer/Xcode/DerivedData/ModuleCache.noindex/Session.modulevalidation -fmodules-validate-once-per-build-session -Wnon-modular-include-in-framework-module -Werror\=non-modular-include-in-framework-module -Wno-trigraphs -Wno-missing-field-initializers -Wno-missing-prototypes -Wno-return-type -Wno-implicit-atomic-properties -Wno-objc-interface-ivars -Wno-arc-repeated-use-of-weak -Wno-missing-braces -Wparentheses -Wswitch -Wno-unused-function -Wno-unused-label -Wno-unused-parameter -Wno-unused-variable -Wunused-value -Wno-empty-body -Wno-uninitialized -Wno-unknown-pragmas -w -Wno-shadow -Wno-four-char-constants -Wno-conversion -Wno-constant-conversion -Wno-int-conversion -Wno-bool-conversion -Wno-enum-conversion -Wno-float-conversion -Wno-non-literal-null-conversion -Wno-objc-literal-conversion -Wshorten-64-to-32 -Wpointer-sign -Wno-newline-eof -Wno-selector -Wno-strict-selector-match -Wno-undeclared-selector -Wno-deprecated-implementations -Wno-implicit-fallthrough -fstrict-aliasing -Wprotocol -Wdeprecated-declarations -Wno-sign-conversion -Wno-infinite-recursion -Wno-comma -Wno-block-capture-autoreleasing -Wno-strict-prototypes -Wno-semicolon-before-method-body -index-store-path /Users/aryazaeri/Library/Developer/Xcode/DerivedData/BestBefore_Prototype_IOS-gbnddpnjsvathjdutdcktjqecxgh/Index.noindex/DataStore @/Users/aryazaeri/Library/Developer/Xcode/DerivedData/BestBefore_Prototype_IOS-gbnddpnjsvathjdutdcktjqecxgh/Build/Intermediates.noindex/Firebase.build/Debug-iphonesimulator/FirebaseCore.build/Objects-normal/x86_64/e6072d4f65d7061329687fe24e3d63a7-common-args.resp -include /Users/aryazaeri/Library/Developer/Xcode/DerivedData/BestBefore_Prototype_IOS-gbnddpnjsvathjdutdcktjqecxgh/Build/Intermediates.noindex/Firebase.build/Debug-iphonesimulator/FirebaseCore.build/DerivedSources/resource_bundle_accessor.h -MMD -MT dependencies -MF /Users/aryazaeri/Library/Developer/Xcode/DerivedData/BestBefore_Prototype_IOS-gbnddpnjsvathjdutdcktjqecxgh/Build/Intermediates.noindex/Firebase.build/Debug-iphonesimulator/FirebaseCore.build/Objects-normal/x86_64/FIRComponent.d --serialize-diagnostics /Users/aryazaeri/Library/Developer/Xcode/DerivedData/BestBefore_Prototype_IOS-gbnddpnjsvathjdutdcktjqecxgh/Build/Intermediates.noindex/Firebase.build/Debug-iphonesimulator/FirebaseCore.build/Objects-normal/x86_64/FIRComponent.dia -c /Users/aryazaeri/Library/Developer/Xcode/DerivedData/BestBefore_Prototype_IOS-gbnddpnjsvathjdutdcktjqecxgh/SourcePackages/checkouts/firebase-ios-sdk/FirebaseCore/Sources/FIRComponent.m -o /Users/aryazaeri/Library/Developer/Xcode/DerivedData/BestBefore_Prototype_IOS-gbnddpnjsvathjdutdcktjqecxgh/Build/Intermediates.noindex/Firebase.build/Debug-iphonesimulator/FirebaseCore.build/Objects-normal/x86_64/FIRComponent.o -index-unit-output-path /Firebase.build/Debug-iphonesimulator/FirebaseCore.build/Objects-normal/x86_64/FIRComponent.o

CompileC /Users/aryazaeri/Library/Developer/Xcode/DerivedData/BestBefore_Prototype_IOS-gbnddpnjsvathjdutdcktjqecxgh/Build/Intermediates.noindex/Firebase.build/Debug-iphonesimulator/FirebaseCore.build/Objects-normal/x86_64/FIRComponentType.o /Users/aryazaeri/Library/Developer/Xcode/DerivedData/BestBefore_Prototype_IOS-gbnddpnjsvathjdutdcktjqecxgh/SourcePackages/checkouts/firebase-ios-sdk/FirebaseCore/Sources/FIRComponentType.m normal x86_64 objective-c com.apple.compilers.llvm.clang.1_0.compiler (in target 'FirebaseCore' from project 'Firebase')
    cd /Users/aryazaeri/Desktop/BestBefore/BestBefore_V2/ios/BestBefore_Prototype_IOS/BestBefore_Prototype_IOS.xcodeproj
    
    Using response file: /Users/aryazaeri/Library/Developer/Xcode/DerivedData/BestBefore_Prototype_IOS-gbnddpnjsvathjdutdcktjqecxgh/Build/Intermediates.noindex/Firebase.build/Debug-iphonesimulator/FirebaseCore.build/Objects-normal/x86_64/e6072d4f65d7061329687fe24e3d63a7-common-args.resp
    
    /Applications/Xcode.app/Contents/Developer/Toolchains/XcodeDefault.xctoolchain/usr/bin/clang -x objective-c -ivfsstatcache /Users/aryazaeri/Library/Developer/Xcode/DerivedData/SDKStatCaches.noindex/iphonesimulator26.2-23C53-7d00a8b37fbd7999ea79df8ebc024bf0.sdkstatcache -fmessage-length\=0 -fdiagnostics-show-note-include-stack -fmacro-backtrace-limit\=0 -fno-color-diagnostics -fmodules-prune-interval\=86400 -fmodules-prune-after\=345600 -fbuild-session-file\=/Users/aryazaeri/Library/Developer/Xcode/DerivedData/ModuleCache.noindex/Session.modulevalidation -fmodules-validate-once-per-build-session -Wnon-modular-include-in-framework-module -Werror\=non-modular-include-in-framework-module -Wno-trigraphs -Wno-missing-field-initializers -Wno-missing-prototypes -Wno-return-type -Wno-implicit-atomic-properties -Wno-objc-interface-ivars -Wno-arc-repeated-use-of-weak -Wno-missing-braces -Wparentheses -Wswitch -Wno-unused-function -Wno-unused-label -Wno-unused-parameter -Wno-unused-variable -Wunused-value -Wno-empty-body -Wno-uninitialized -Wno-unknown-pragmas -w -Wno-shadow -Wno-four-char-constants -Wno-conversion -Wno-constant-conversion -Wno-int-conversion -Wno-bool-conversion -Wno-enum-conversion -Wno-float-conversion -Wno-non-literal-null-conversion -Wno-objc-literal-conversion -Wshorten-64-to-32 -Wpointer-sign -Wno-newline-eof -Wno-selector -Wno-strict-selector-match -Wno-undeclared-selector -Wno-deprecated-implementations -Wno-implicit-fallthrough -fstrict-aliasing -Wprotocol -Wdeprecated-declarations -Wno-sign-conversion -Wno-infinite-recursion -Wno-comma -Wno-block-capture-autoreleasing -Wno-strict-prototypes -Wno-semicolon-before-method-body -index-store-path /Users/aryazaeri/Library/Developer/Xcode/DerivedData/BestBefore_Prototype_IOS-gbnddpnjsvathjdutdcktjqecxgh/Index.noindex/DataStore @/Users/aryazaeri/Library/Developer/Xcode/DerivedData/BestBefore_Prototype_IOS-gbnddpnjsvathjdutdcktjqecxgh/Build/Intermediates.noindex/Firebase.build/Debug-iphonesimulator/FirebaseCore.build/Objects-normal/x86_64/e6072d4f65d7061329687fe24e3d63a7-common-args.resp -include /Users/aryazaeri/Library/Developer/Xcode/DerivedData/BestBefore_Prototype_IOS-gbnddpnjsvathjdutdcktjqecxgh/Build/Intermediates.noindex/Firebase.build/Debug-iphonesimulator/FirebaseCore.build/DerivedSources/resource_bundle_accessor.h -MMD -MT dependencies -MF /Users/aryazaeri/Library/Developer/Xcode/DerivedData/BestBefore_Prototype_IOS-gbnddpnjsvathjdutdcktjqecxgh/Build/Intermediates.noindex/Firebase.build/Debug-iphonesimulator/FirebaseCore.build/Objects-normal/x86_64/FIRComponentType.d --serialize-diagnostics /Users/aryazaeri/Library/Developer/Xcode/DerivedData/BestBefore_Prototype_IOS-gbnddpnjsvathjdutdcktjqecxgh/Build/Intermediates.noindex/Firebase.build/Debug-iphonesimulator/FirebaseCore.build/Objects-normal/x86_64/FIRComponentType.dia -c /Users/aryazaeri/Library/Developer/Xcode/DerivedData/BestBefore_Prototype_IOS-gbnddpnjsvathjdutdcktjqecxgh/SourcePackages/checkouts/firebase-ios-sdk/FirebaseCore/Sources/FIRComponentType.m -o /Users/aryazaeri/Library/Developer/Xcode/DerivedData/BestBefore_Prototype_IOS-gbnddpnjsvathjdutdcktjqecxgh/Build/Intermediates.noindex/Firebase.build/Debug-iphonesimulator/FirebaseCore.build/Objects-normal/x86_64/FIRComponentType.o -index-unit-output-path /Firebase.build/Debug-iphonesimulator/FirebaseCore.build/Objects-normal/x86_64/FIRComponentType.o

PrecompileModule /Users/aryazaeri/Library/Developer/Xcode/DerivedData/BestBefore_Prototype_IOS-gbnddpnjsvathjdutdcktjqecxgh/Build/Intermediates.noindex/ExplicitPrecompiledModules/GoogleUtilities_Reachability-L862L7XB7AY666HE3SBZL97Q.scan
    cd /
    builtin-precompileModule /Users/aryazaeri/Library/Developer/Xcode/DerivedData/BestBefore_Prototype_IOS-gbnddpnjsvathjdutdcktjqecxgh/Build/Intermediates.noindex/ExplicitPrecompiledModules/GoogleUtilities_Reachability-L862L7XB7AY666HE3SBZL97Q.scan

CompileC /Users/aryazaeri/Library/Developer/Xcode/DerivedData/BestBefore_Prototype_IOS-gbnddpnjsvathjdutdcktjqecxgh/Build/Intermediates.noindex/GoogleUtilities.build/Debug-iphonesimulator/GoogleUtilities-Network.build/Objects-normal/arm64/GULNetworkURLSession.o /Users/aryazaeri/Library/Developer/Xcode/DerivedData/BestBefore_Prototype_IOS-gbnddpnjsvathjdutdcktjqecxgh/SourcePackages/checkouts/GoogleUtilities/GoogleUtilities/Network/GULNetworkURLSession.m normal arm64 objective-c com.apple.compilers.llvm.clang.1_0.compiler (in target 'GoogleUtilities-Network' from project 'GoogleUtilities')
    cd /Users/aryazaeri/Desktop/BestBefore/BestBefore_V2/ios/BestBefore_Prototype_IOS/BestBefore_Prototype_IOS.xcodeproj
    
    Using response file: /Users/aryazaeri/Library/Developer/Xcode/DerivedData/BestBefore_Prototype_IOS-gbnddpnjsvathjdutdcktjqecxgh/Build/Intermediates.noindex/GoogleUtilities.build/Debug-iphonesimulator/GoogleUtilities-Network.build/Objects-normal/arm64/e6072d4f65d7061329687fe24e3d63a7-common-args.resp
    
    /Applications/Xcode.app/Contents/Developer/Toolchains/XcodeDefault.xctoolchain/usr/bin/clang -x objective-c -ivfsstatcache /Users/aryazaeri/Library/Developer/Xcode/DerivedData/SDKStatCaches.noindex/iphonesimulator26.2-23C53-7d00a8b37fbd7999ea79df8ebc024bf0.sdkstatcache -fmessage-length\=0 -fdiagnostics-show-note-include-stack -fmacro-backtrace-limit\=0 -fno-color-diagnostics -fmodules-prune-interval\=86400 -fmodules-prune-after\=345600 -fbuild-session-file\=/Users/aryazaeri/Library/Developer/Xcode/DerivedData/ModuleCache.noindex/Session.modulevalidation -fmodules-validate-once-per-build-session -Wnon-modular-include-in-framework-module -Werror\=non-modular-include-in-framework-module -Wno-trigraphs -Wno-missing-field-initializers -Wno-missing-prototypes -Wno-return-type -Wno-implicit-atomic-properties -Wno-objc-interface-ivars -Wno-arc-repeated-use-of-weak -Wno-missing-braces -Wparentheses -Wswitch -Wno-unused-function -Wno-unused-label -Wno-unused-parameter -Wno-unused-variable -Wunused-value -Wno-empty-body -Wno-uninitialized -Wno-unknown-pragmas -w -Wno-shadow -Wno-four-char-constants -Wno-conversion -Wno-constant-conversion -Wno-int-conversion -Wno-bool-conversion -Wno-enum-conversion -Wno-float-conversion -Wno-non-literal-null-conversion -Wno-objc-literal-conversion -Wshorten-64-to-32 -Wpointer-sign -Wno-newline-eof -Wno-selector -Wno-strict-selector-match -Wno-undeclared-selector -Wno-deprecated-implementations -Wno-implicit-fallthrough -fstrict-aliasing -Wprotocol -Wdeprecated-declarations -Wno-sign-conversion -Wno-infinite-recursion -Wno-comma -Wno-block-capture-autoreleasing -Wno-strict-prototypes -Wno-semicolon-before-method-body -index-store-path /Users/aryazaeri/Library/Developer/Xcode/DerivedData/BestBefore_Prototype_IOS-gbnddpnjsvathjdutdcktjqecxgh/Index.noindex/DataStore @/Users/aryazaeri/Library/Developer/Xcode/DerivedData/BestBefore_Prototype_IOS-gbnddpnjsvathjdutdcktjqecxgh/Build/Intermediates.noindex/GoogleUtilities.build/Debug-iphonesimulator/GoogleUtilities-Network.build/Objects-normal/arm64/e6072d4f65d7061329687fe24e3d63a7-common-args.resp -include /Users/aryazaeri/Library/Developer/Xcode/DerivedData/BestBefore_Prototype_IOS-gbnddpnjsvathjdutdcktjqecxgh/Build/Intermediates.noindex/GoogleUtilities.build/Debug-iphonesimulator/GoogleUtilities-Network.build/DerivedSources/resource_bundle_accessor.h -MMD -MT dependencies -MF /Users/aryazaeri/Library/Developer/Xcode/DerivedData/BestBefore_Prototype_IOS-gbnddpnjsvathjdutdcktjqecxgh/Build/Intermediates.noindex/GoogleUtilities.build/Debug-iphonesimulator/GoogleUtilities-Network.build/Objects-normal/arm64/GULNetworkURLSession.d --serialize-diagnostics /Users/aryazaeri/Library/Developer/Xcode/DerivedData/BestBefore_Prototype_IOS-gbnddpnjsvathjdutdcktjqecxgh/Build/Intermediates.noindex/GoogleUtilities.build/Debug-iphonesimulator/GoogleUtilities-Network.build/Objects-normal/arm64/GULNetworkURLSession.dia -c /Users/aryazaeri/Library/Developer/Xcode/DerivedData/BestBefore_Prototype_IOS-gbnddpnjsvathjdutdcktjqecxgh/SourcePackages/checkouts/GoogleUtilities/GoogleUtilities/Network/GULNetworkURLSession.m -o /Users/aryazaeri/Library/Developer/Xcode/DerivedData/BestBefore_Prototype_IOS-gbnddpnjsvathjdutdcktjqecxgh/Build/Intermediates.noindex/GoogleUtilities.build/Debug-iphonesimulator/GoogleUtilities-Network.build/Objects-normal/arm64/GULNetworkURLSession.o -index-unit-output-path /GoogleUtilities.build/Debug-iphonesimulator/GoogleUtilities-Network.build/Objects-normal/arm64/GULNetworkURLSession.o

CompileC /Users/aryazaeri/Library/Developer/Xcode/DerivedData/BestBefore_Prototype_IOS-gbnddpnjsvathjdutdcktjqecxgh/Build/Intermediates.noindex/GoogleUtilities.build/Debug-iphonesimulator/GoogleUtilities-Network.build/Objects-normal/arm64/GULNetworkConstants.o /Users/aryazaeri/Library/Developer/Xcode/DerivedData/BestBefore_Prototype_IOS-gbnddpnjsvathjdutdcktjqecxgh/SourcePackages/checkouts/GoogleUtilities/GoogleUtilities/Network/GULNetworkConstants.m normal arm64 objective-c com.apple.compilers.llvm.clang.1_0.compiler (in target 'GoogleUtilities-Network' from project 'GoogleUtilities')
    cd /Users/aryazaeri/Desktop/BestBefore/BestBefore_V2/ios/BestBefore_Prototype_IOS/BestBefore_Prototype_IOS.xcodeproj
    
    Using response file: /Users/aryazaeri/Library/Developer/Xcode/DerivedData/BestBefore_Prototype_IOS-gbnddpnjsvathjdutdcktjqecxgh/Build/Intermediates.noindex/GoogleUtilities.build/Debug-iphonesimulator/GoogleUtilities-Network.build/Objects-normal/arm64/e6072d4f65d7061329687fe24e3d63a7-common-args.resp
    
    /Applications/Xcode.app/Contents/Developer/Toolchains/XcodeDefault.xctoolchain/usr/bin/clang -x objective-c -ivfsstatcache /Users/aryazaeri/Library/Developer/Xcode/DerivedData/SDKStatCaches.noindex/iphonesimulator26.2-23C53-7d00a8b37fbd7999ea79df8ebc024bf0.sdkstatcache -fmessage-length\=0 -fdiagnostics-show-note-include-stack -fmacro-backtrace-limit\=0 -fno-color-diagnostics -fmodules-prune-interval\=86400 -fmodules-prune-after\=345600 -fbuild-session-file\=/Users/aryazaeri/Library/Developer/Xcode/DerivedData/ModuleCache.noindex/Session.modulevalidation -fmodules-validate-once-per-build-session -Wnon-modular-include-in-framework-module -Werror\=non-modular-include-in-framework-module -Wno-trigraphs -Wno-missing-field-initializers -Wno-missing-prototypes -Wno-return-type -Wno-implicit-atomic-properties -Wno-objc-interface-ivars -Wno-arc-repeated-use-of-weak -Wno-missing-braces -Wparentheses -Wswitch -Wno-unused-function -Wno-unused-label -Wno-unused-parameter -Wno-unused-variable -Wunused-value -Wno-empty-body -Wno-uninitialized -Wno-unknown-pragmas -w -Wno-shadow -Wno-four-char-constants -Wno-conversion -Wno-constant-conversion -Wno-int-conversion -Wno-bool-conversion -Wno-enum-conversion -Wno-float-conversion -Wno-non-literal-null-conversion -Wno-objc-literal-conversion -Wshorten-64-to-32 -Wpointer-sign -Wno-newline-eof -Wno-selector -Wno-strict-selector-match -Wno-undeclared-selector -Wno-deprecated-implementations -Wno-implicit-fallthrough -fstrict-aliasing -Wprotocol -Wdeprecated-declarations -Wno-sign-conversion -Wno-infinite-recursion -Wno-comma -Wno-block-capture-autoreleasing -Wno-strict-prototypes -Wno-semicolon-before-method-body -index-store-path /Users/aryazaeri/Library/Developer/Xcode/DerivedData/BestBefore_Prototype_IOS-gbnddpnjsvathjdutdcktjqecxgh/Index.noindex/DataStore @/Users/aryazaeri/Library/Developer/Xcode/DerivedData/BestBefore_Prototype_IOS-gbnddpnjsvathjdutdcktjqecxgh/Build/Intermediates.noindex/GoogleUtilities.build/Debug-iphonesimulator/GoogleUtilities-Network.build/Objects-normal/arm64/e6072d4f65d7061329687fe24e3d63a7-common-args.resp -include /Users/aryazaeri/Library/Developer/Xcode/DerivedData/BestBefore_Prototype_IOS-gbnddpnjsvathjdutdcktjqecxgh/Build/Intermediates.noindex/GoogleUtilities.build/Debug-iphonesimulator/GoogleUtilities-Network.build/DerivedSources/resource_bundle_accessor.h -MMD -MT dependencies -MF /Users/aryazaeri/Library/Developer/Xcode/DerivedData/BestBefore_Prototype_IOS-gbnddpnjsvathjdutdcktjqecxgh/Build/Intermediates.noindex/GoogleUtilities.build/Debug-iphonesimulator/GoogleUtilities-Network.build/Objects-normal/arm64/GULNetworkConstants.d --serialize-diagnostics /Users/aryazaeri/Library/Developer/Xcode/DerivedData/BestBefore_Prototype_IOS-gbnddpnjsvathjdutdcktjqecxgh/Build/Intermediates.noindex/GoogleUtilities.build/Debug-iphonesimulator/GoogleUtilities-Network.build/Objects-normal/arm64/GULNetworkConstants.dia -c /Users/aryazaeri/Library/Developer/Xcode/DerivedData/BestBefore_Prototype_IOS-gbnddpnjsvathjdutdcktjqecxgh/SourcePackages/checkouts/GoogleUtilities/GoogleUtilities/Network/GULNetworkConstants.m -o /Users/aryazaeri/Library/Developer/Xcode/DerivedData/BestBefore_Prototype_IOS-gbnddpnjsvathjdutdcktjqecxgh/Build/Intermediates.noindex/GoogleUtilities.build/Debug-iphonesimulator/GoogleUtilities-Network.build/Objects-normal/arm64/GULNetworkConstants.o -index-unit-output-path /GoogleUtilities.build/Debug-iphonesimulator/GoogleUtilities-Network.build/Objects-normal/arm64/GULNetworkConstants.o

CompileC /Users/aryazaeri/Library/Developer/Xcode/DerivedData/BestBefore_Prototype_IOS-gbnddpnjsvathjdutdcktjqecxgh/Build/Intermediates.noindex/Firebase.build/Debug-iphonesimulator/FirebaseCore.build/Objects-normal/x86_64/FIRComponent.o /Users/aryazaeri/Library/Developer/Xcode/DerivedData/BestBefore_Prototype_IOS-gbnddpnjsvathjdutdcktjqecxgh/SourcePackages/checkouts/firebase-ios-sdk/FirebaseCore/Sources/FIRComponent.m normal x86_64 objective-c com.apple.compilers.llvm.clang.1_0.compiler (in target 'FirebaseCore' from project 'Firebase')
    cd /Users/aryazaeri/Desktop/BestBefore/BestBefore_V2/ios/BestBefore_Prototype_IOS/BestBefore_Prototype_IOS.xcodeproj
    
    Using response file: /Users/aryazaeri/Library/Developer/Xcode/DerivedData/BestBefore_Prototype_IOS-gbnddpnjsvathjdutdcktjqecxgh/Build/Intermediates.noindex/Firebase.build/Debug-iphonesimulator/FirebaseCore.build/Objects-normal/x86_64/e6072d4f65d7061329687fe24e3d63a7-common-args.resp
    
    /Applications/Xcode.app/Contents/Developer/Toolchains/XcodeDefault.xctoolchain/usr/bin/clang -x objective-c -ivfsstatcache /Users/aryazaeri/Library/Developer/Xcode/DerivedData/SDKStatCaches.noindex/iphonesimulator26.2-23C53-7d00a8b37fbd7999ea79df8ebc024bf0.sdkstatcache -fmessage-length\=0 -fdiagnostics-show-note-include-stack -fmacro-backtrace-limit\=0 -fno-color-diagnostics -fmodules-prune-interval\=86400 -fmodules-prune-after\=345600 -fbuild-session-file\=/Users/aryazaeri/Library/Developer/Xcode/DerivedData/ModuleCache.noindex/Session.modulevalidation -fmodules-validate-once-per-build-session -Wnon-modular-include-in-framework-module -Werror\=non-modular-include-in-framework-module -Wno-trigraphs -Wno-missing-field-initializers -Wno-missing-prototypes -Wno-return-type -Wno-implicit-atomic-properties -Wno-objc-interface-ivars -Wno-arc-repeated-use-of-weak -Wno-missing-braces -Wparentheses -Wswitch -Wno-unused-function -Wno-unused-label -Wno-unused-parameter -Wno-unused-variable -Wunused-value -Wno-empty-body -Wno-uninitialized -Wno-unknown-pragmas -w -Wno-shadow -Wno-four-char-constants -Wno-conversion -Wno-constant-conversion -Wno-int-conversion -Wno-bool-conversion -Wno-enum-conversion -Wno-float-conversion -Wno-non-literal-null-conversion -Wno-objc-literal-conversion -Wshorten-64-to-32 -Wpointer-sign -Wno-newline-eof -Wno-selector -Wno-strict-selector-match -Wno-undeclared-selector -Wno-deprecated-implementations -Wno-implicit-fallthrough -fstrict-aliasing -Wprotocol -Wdeprecated-declarations -Wno-sign-conversion -Wno-infinite-recursion -Wno-comma -Wno-block-capture-autoreleasing -Wno-strict-prototypes -Wno-semicolon-before-method-body -index-store-path /Users/aryazaeri/Library/Developer/Xcode/DerivedData/BestBefore_Prototype_IOS-gbnddpnjsvathjdutdcktjqecxgh/Index.noindex/DataStore @/Users/aryazaeri/Library/Developer/Xcode/DerivedData/BestBefore_Prototype_IOS-gbnddpnjsvathjdutdcktjqecxgh/Build/Intermediates.noindex/Firebase.build/Debug-iphonesimulator/FirebaseCore.build/Objects-normal/x86_64/e6072d4f65d7061329687fe24e3d63a7-common-args.resp -include /Users/aryazaeri/Library/Developer/Xcode/DerivedData/BestBefore_Prototype_IOS-gbnddpnjsvathjdutdcktjqecxgh/Build/Intermediates.noindex/Firebase.build/Debug-iphonesimulator/FirebaseCore.build/DerivedSources/resource_bundle_accessor.h -MMD -MT dependencies -MF /Users/aryazaeri/Library/Developer/Xcode/DerivedData/BestBefore_Prototype_IOS-gbnddpnjsvathjdutdcktjqecxgh/Build/Intermediates.noindex/Firebase.build/Debug-iphonesimulator/FirebaseCore.build/Objects-normal/x86_64/FIRComponent.d --serialize-diagnostics /Users/aryazaeri/Library/Developer/Xcode/DerivedData/BestBefore_Prototype_IOS-gbnddpnjsvathjdutdcktjqecxgh/Build/Intermediates.noindex/Firebase.build/Debug-iphonesimulator/FirebaseCore.build/Objects-normal/x86_64/FIRComponent.dia -c /Users/aryazaeri/Library/Developer/Xcode/DerivedData/BestBefore_Prototype_IOS-gbnddpnjsvathjdutdcktjqecxgh/SourcePackages/checkouts/firebase-ios-sdk/FirebaseCore/Sources/FIRComponent.m -o /Users/aryazaeri/Library/Developer/Xcode/DerivedData/BestBefore_Prototype_IOS-gbnddpnjsvathjdutdcktjqecxgh/Build/Intermediates.noindex/Firebase.build/Debug-iphonesimulator/FirebaseCore.build/Objects-normal/x86_64/FIRComponent.o -index-unit-output-path /Firebase.build/Debug-iphonesimulator/FirebaseCore.build/Objects-normal/x86_64/FIRComponent.o

CompileC /Users/aryazaeri/Library/Developer/Xcode/DerivedData/BestBefore_Prototype_IOS-gbnddpnjsvathjdutdcktjqecxgh/Build/Intermediates.noindex/Firebase.build/Debug-iphonesimulator/FirebaseCore.build/Objects-normal/x86_64/FIRComponentContainer.o /Users/aryazaeri/Library/Developer/Xcode/DerivedData/BestBefore_Prototype_IOS-gbnddpnjsvathjdutdcktjqecxgh/SourcePackages/checkouts/firebase-ios-sdk/FirebaseCore/Sources/FIRComponentContainer.m normal x86_64 objective-c com.apple.compilers.llvm.clang.1_0.compiler (in target 'FirebaseCore' from project 'Firebase')
    cd /Users/aryazaeri/Desktop/BestBefore/BestBefore_V2/ios/BestBefore_Prototype_IOS/BestBefore_Prototype_IOS.xcodeproj
    
    Using response file: /Users/aryazaeri/Library/Developer/Xcode/DerivedData/BestBefore_Prototype_IOS-gbnddpnjsvathjdutdcktjqecxgh/Build/Intermediates.noindex/Firebase.build/Debug-iphonesimulator/FirebaseCore.build/Objects-normal/x86_64/e6072d4f65d7061329687fe24e3d63a7-common-args.resp
    
    /Applications/Xcode.app/Contents/Developer/Toolchains/XcodeDefault.xctoolchain/usr/bin/clang -x objective-c -ivfsstatcache /Users/aryazaeri/Library/Developer/Xcode/DerivedData/SDKStatCaches.noindex/iphonesimulator26.2-23C53-7d00a8b37fbd7999ea79df8ebc024bf0.sdkstatcache -fmessage-length\=0 -fdiagnostics-show-note-include-stack -fmacro-backtrace-limit\=0 -fno-color-diagnostics -fmodules-prune-interval\=86400 -fmodules-prune-after\=345600 -fbuild-session-file\=/Users/aryazaeri/Library/Developer/Xcode/DerivedData/ModuleCache.noindex/Session.modulevalidation -fmodules-validate-once-per-build-session -Wnon-modular-include-in-framework-module -Werror\=non-modular-include-in-framework-module -Wno-trigraphs -Wno-missing-field-initializers -Wno-missing-prototypes -Wno-return-type -Wno-implicit-atomic-properties -Wno-objc-interface-ivars -Wno-arc-repeated-use-of-weak -Wno-missing-braces -Wparentheses -Wswitch -Wno-unused-function -Wno-unused-label -Wno-unused-parameter -Wno-unused-variable -Wunused-value -Wno-empty-body -Wno-uninitialized -Wno-unknown-pragmas -w -Wno-shadow -Wno-four-char-constants -Wno-conversion -Wno-constant-conversion -Wno-int-conversion -Wno-bool-conversion -Wno-enum-conversion -Wno-float-conversion -Wno-non-literal-null-conversion -Wno-objc-literal-conversion -Wshorten-64-to-32 -Wpointer-sign -Wno-newline-eof -Wno-selector -Wno-strict-selector-match -Wno-undeclared-selector -Wno-deprecated-implementations -Wno-implicit-fallthrough -fstrict-aliasing -Wprotocol -Wdeprecated-declarations -Wno-sign-conversion -Wno-infinite-recursion -Wno-comma -Wno-block-capture-autoreleasing -Wno-strict-prototypes -Wno-semicolon-before-method-body -index-store-path /Users/aryazaeri/Library/Developer/Xcode/DerivedData/BestBefore_Prototype_IOS-gbnddpnjsvathjdutdcktjqecxgh/Index.noindex/DataStore @/Users/aryazaeri/Library/Developer/Xcode/DerivedData/BestBefore_Prototype_IOS-gbnddpnjsvathjdutdcktjqecxgh/Build/Intermediates.noindex/Firebase.build/Debug-iphonesimulator/FirebaseCore.build/Objects-normal/x86_64/e6072d4f65d7061329687fe24e3d63a7-common-args.resp -include /Users/aryazaeri/Library/Developer/Xcode/DerivedData/BestBefore_Prototype_IOS-gbnddpnjsvathjdutdcktjqecxgh/Build/Intermediates.noindex/Firebase.build/Debug-iphonesimulator/FirebaseCore.build/DerivedSources/resource_bundle_accessor.h -MMD -MT dependencies -MF /Users/aryazaeri/Library/Developer/Xcode/DerivedData/BestBefore_Prototype_IOS-gbnddpnjsvathjdutdcktjqecxgh/Build/Intermediates.noindex/Firebase.build/Debug-iphonesimulator/FirebaseCore.build/Objects-normal/x86_64/FIRComponentContainer.d --serialize-diagnostics /Users/aryazaeri/Library/Developer/Xcode/DerivedData/BestBefore_Prototype_IOS-gbnddpnjsvathjdutdcktjqecxgh/Build/Intermediates.noindex/Firebase.build/Debug-iphonesimulator/FirebaseCore.build/Objects-normal/x86_64/FIRComponentContainer.dia -c /Users/aryazaeri/Library/Developer/Xcode/DerivedData/BestBefore_Prototype_IOS-gbnddpnjsvathjdutdcktjqecxgh/SourcePackages/checkouts/firebase-ios-sdk/FirebaseCore/Sources/FIRComponentContainer.m -o /Users/aryazaeri/Library/Developer/Xcode/DerivedData/BestBefore_Prototype_IOS-gbnddpnjsvathjdutdcktjqecxgh/Build/Intermediates.noindex/Firebase.build/Debug-iphonesimulator/FirebaseCore.build/Objects-normal/x86_64/FIRComponentContainer.o -index-unit-output-path /Firebase.build/Debug-iphonesimulator/FirebaseCore.build/Objects-normal/x86_64/FIRComponentContainer.o

PrecompileModule /Users/aryazaeri/Library/Developer/Xcode/DerivedData/BestBefore_Prototype_IOS-gbnddpnjsvathjdutdcktjqecxgh/Build/Intermediates.noindex/ExplicitPrecompiledModules/GoogleUtilities_NSData-3CFEH1L19MBYIDVQWR9XUARQZ.scan
    cd /
    builtin-precompileModule /Users/aryazaeri/Library/Developer/Xcode/DerivedData/BestBefore_Prototype_IOS-gbnddpnjsvathjdutdcktjqecxgh/Build/Intermediates.noindex/ExplicitPrecompiledModules/GoogleUtilities_NSData-3CFEH1L19MBYIDVQWR9XUARQZ.scan

ScanDependencies /Users/aryazaeri/Library/Developer/Xcode/DerivedData/BestBefore_Prototype_IOS-gbnddpnjsvathjdutdcktjqecxgh/Build/Intermediates.noindex/Firebase.build/Debug-iphonesimulator/FirebaseCore.build/Objects-normal/x86_64/FIRBundleUtil.o /Users/aryazaeri/Library/Developer/Xcode/DerivedData/BestBefore_Prototype_IOS-gbnddpnjsvathjdutdcktjqecxgh/SourcePackages/checkouts/firebase-ios-sdk/FirebaseCore/Sources/FIRBundleUtil.m normal x86_64 objective-c com.apple.compilers.llvm.clang.1_0.compiler (in target 'FirebaseCore' from project 'Firebase')
    cd /Users/aryazaeri/Desktop/BestBefore/BestBefore_V2/ios/BestBefore_Prototype_IOS/BestBefore_Prototype_IOS.xcodeproj
    
    Using response file: /Users/aryazaeri/Library/Developer/Xcode/DerivedData/BestBefore_Prototype_IOS-gbnddpnjsvathjdutdcktjqecxgh/Build/Intermediates.noindex/Firebase.build/Debug-iphonesimulator/FirebaseCore.build/Objects-normal/x86_64/e6072d4f65d7061329687fe24e3d63a7-common-args.resp
    
    builtin-ScanDependencies -o /Users/aryazaeri/Library/Developer/Xcode/DerivedData/BestBefore_Prototype_IOS-gbnddpnjsvathjdutdcktjqecxgh/Build/Intermediates.noindex/Firebase.build/Debug-iphonesimulator/FirebaseCore.build/Objects-normal/x86_64/FIRBundleUtil.o.scan -- /Applications/Xcode.app/Contents/Developer/Toolchains/XcodeDefault.xctoolchain/usr/bin/clang -x objective-c -ivfsstatcache /Users/aryazaeri/Library/Developer/Xcode/DerivedData/SDKStatCaches.noindex/iphonesimulator26.2-23C53-7d00a8b37fbd7999ea79df8ebc024bf0.sdkstatcache -fmessage-length\=0 -fdiagnostics-show-note-include-stack -fmacro-backtrace-limit\=0 -fno-color-diagnostics -fmodules-prune-interval\=86400 -fmodules-prune-after\=345600 -fbuild-session-file\=/Users/aryazaeri/Library/Developer/Xcode/DerivedData/ModuleCache.noindex/Session.modulevalidation -fmodules-validate-once-per-build-session -Wnon-modular-include-in-framework-module -Werror\=non-modular-include-in-framework-module -Wno-trigraphs -Wno-missing-field-initializers -Wno-missing-prototypes -Wno-return-type -Wno-implicit-atomic-properties -Wno-objc-interface-ivars -Wno-arc-repeated-use-of-weak -Wno-missing-braces -Wparentheses -Wswitch -Wno-unused-function -Wno-unused-label -Wno-unused-parameter -Wno-unused-variable -Wunused-value -Wno-empty-body -Wno-uninitialized -Wno-unknown-pragmas -w -Wno-shadow -Wno-four-char-constants -Wno-conversion -Wno-constant-conversion -Wno-int-conversion -Wno-bool-conversion -Wno-enum-conversion -Wno-float-conversion -Wno-non-literal-null-conversion -Wno-objc-literal-conversion -Wshorten-64-to-32 -Wpointer-sign -Wno-newline-eof -Wno-selector -Wno-strict-selector-match -Wno-undeclared-selector -Wno-deprecated-implementations -Wno-implicit-fallthrough -fstrict-aliasing -Wprotocol -Wdeprecated-declarations -Wno-sign-conversion -Wno-infinite-recursion -Wno-comma -Wno-block-capture-autoreleasing -Wno-strict-prototypes -Wno-semicolon-before-method-body -index-store-path /Users/aryazaeri/Library/Developer/Xcode/DerivedData/BestBefore_Prototype_IOS-gbnddpnjsvathjdutdcktjqecxgh/Index.noindex/DataStore @/Users/aryazaeri/Library/Developer/Xcode/DerivedData/BestBefore_Prototype_IOS-gbnddpnjsvathjdutdcktjqecxgh/Build/Intermediates.noindex/Firebase.build/Debug-iphonesimulator/FirebaseCore.build/Objects-normal/x86_64/e6072d4f65d7061329687fe24e3d63a7-common-args.resp -include /Users/aryazaeri/Library/Developer/Xcode/DerivedData/BestBefore_Prototype_IOS-gbnddpnjsvathjdutdcktjqecxgh/Build/Intermediates.noindex/Firebase.build/Debug-iphonesimulator/FirebaseCore.build/DerivedSources/resource_bundle_accessor.h -MMD -MT dependencies -MF /Users/aryazaeri/Library/Developer/Xcode/DerivedData/BestBefore_Prototype_IOS-gbnddpnjsvathjdutdcktjqecxgh/Build/Intermediates.noindex/Firebase.build/Debug-iphonesimulator/FirebaseCore.build/Objects-normal/x86_64/FIRBundleUtil.d --serialize-diagnostics /Users/aryazaeri/Library/Developer/Xcode/DerivedData/BestBefore_Prototype_IOS-gbnddpnjsvathjdutdcktjqecxgh/Build/Intermediates.noindex/Firebase.build/Debug-iphonesimulator/FirebaseCore.build/Objects-normal/x86_64/FIRBundleUtil.dia -c /Users/aryazaeri/Library/Developer/Xcode/DerivedData/BestBefore_Prototype_IOS-gbnddpnjsvathjdutdcktjqecxgh/SourcePackages/checkouts/firebase-ios-sdk/FirebaseCore/Sources/FIRBundleUtil.m -o /Users/aryazaeri/Library/Developer/Xcode/DerivedData/BestBefore_Prototype_IOS-gbnddpnjsvathjdutdcktjqecxgh/Build/Intermediates.noindex/Firebase.build/Debug-iphonesimulator/FirebaseCore.build/Objects-normal/x86_64/FIRBundleUtil.o -index-unit-output-path /Firebase.build/Debug-iphonesimulator/FirebaseCore.build/Objects-normal/x86_64/FIRBundleUtil.o

ScanDependencies /Users/aryazaeri/Library/Developer/Xcode/DerivedData/BestBefore_Prototype_IOS-gbnddpnjsvathjdutdcktjqecxgh/Build/Intermediates.noindex/Firebase.build/Debug-iphonesimulator/FirebaseCore.build/Objects-normal/x86_64/FIRApp.o /Users/aryazaeri/Library/Developer/Xcode/DerivedData/BestBefore_Prototype_IOS-gbnddpnjsvathjdutdcktjqecxgh/SourcePackages/checkouts/firebase-ios-sdk/FirebaseCore/Sources/FIRApp.m normal x86_64 objective-c com.apple.compilers.llvm.clang.1_0.compiler (in target 'FirebaseCore' from project 'Firebase')
    cd /Users/aryazaeri/Desktop/BestBefore/BestBefore_V2/ios/BestBefore_Prototype_IOS/BestBefore_Prototype_IOS.xcodeproj
    
    Using response file: /Users/aryazaeri/Library/Developer/Xcode/DerivedData/BestBefore_Prototype_IOS-gbnddpnjsvathjdutdcktjqecxgh/Build/Intermediates.noindex/Firebase.build/Debug-iphonesimulator/FirebaseCore.build/Objects-normal/x86_64/e6072d4f65d7061329687fe24e3d63a7-common-args.resp
    
    builtin-ScanDependencies -o /Users/aryazaeri/Library/Developer/Xcode/DerivedData/BestBefore_Prototype_IOS-gbnddpnjsvathjdutdcktjqecxgh/Build/Intermediates.noindex/Firebase.build/Debug-iphonesimulator/FirebaseCore.build/Objects-normal/x86_64/FIRApp.o.scan -- /Applications/Xcode.app/Contents/Developer/Toolchains/XcodeDefault.xctoolchain/usr/bin/clang -x objective-c -ivfsstatcache /Users/aryazaeri/Library/Developer/Xcode/DerivedData/SDKStatCaches.noindex/iphonesimulator26.2-23C53-7d00a8b37fbd7999ea79df8ebc024bf0.sdkstatcache -fmessage-length\=0 -fdiagnostics-show-note-include-stack -fmacro-backtrace-limit\=0 -fno-color-diagnostics -fmodules-prune-interval\=86400 -fmodules-prune-after\=345600 -fbuild-session-file\=/Users/aryazaeri/Library/Developer/Xcode/DerivedData/ModuleCache.noindex/Session.modulevalidation -fmodules-validate-once-per-build-session -Wnon-modular-include-in-framework-module -Werror\=non-modular-include-in-framework-module -Wno-trigraphs -Wno-missing-field-initializers -Wno-missing-prototypes -Wno-return-type -Wno-implicit-atomic-properties -Wno-objc-interface-ivars -Wno-arc-repeated-use-of-weak -Wno-missing-braces -Wparentheses -Wswitch -Wno-unused-function -Wno-unused-label -Wno-unused-parameter -Wno-unused-variable -Wunused-value -Wno-empty-body -Wno-uninitialized -Wno-unknown-pragmas -w -Wno-shadow -Wno-four-char-constants -Wno-conversion -Wno-constant-conversion -Wno-int-conversion -Wno-bool-conversion -Wno-enum-conversion -Wno-float-conversion -Wno-non-literal-null-conversion -Wno-objc-literal-conversion -Wshorten-64-to-32 -Wpointer-sign -Wno-newline-eof -Wno-selector -Wno-strict-selector-match -Wno-undeclared-selector -Wno-deprecated-implementations -Wno-implicit-fallthrough -fstrict-aliasing -Wprotocol -Wdeprecated-declarations -Wno-sign-conversion -Wno-infinite-recursion -Wno-comma -Wno-block-capture-autoreleasing -Wno-strict-prototypes -Wno-semicolon-before-method-body -index-store-path /Users/aryazaeri/Library/Developer/Xcode/DerivedData/BestBefore_Prototype_IOS-gbnddpnjsvathjdutdcktjqecxgh/Index.noindex/DataStore @/Users/aryazaeri/Library/Developer/Xcode/DerivedData/BestBefore_Prototype_IOS-gbnddpnjsvathjdutdcktjqecxgh/Build/Intermediates.noindex/Firebase.build/Debug-iphonesimulator/FirebaseCore.build/Objects-normal/x86_64/e6072d4f65d7061329687fe24e3d63a7-common-args.resp -include /Users/aryazaeri/Library/Developer/Xcode/DerivedData/BestBefore_Prototype_IOS-gbnddpnjsvathjdutdcktjqecxgh/Build/Intermediates.noindex/Firebase.build/Debug-iphonesimulator/FirebaseCore.build/DerivedSources/resource_bundle_accessor.h -MMD -MT dependencies -MF /Users/aryazaeri/Library/Developer/Xcode/DerivedData/BestBefore_Prototype_IOS-gbnddpnjsvathjdutdcktjqecxgh/Build/Intermediates.noindex/Firebase.build/Debug-iphonesimulator/FirebaseCore.build/Objects-normal/x86_64/FIRApp.d --serialize-diagnostics /Users/aryazaeri/Library/Developer/Xcode/DerivedData/BestBefore_Prototype_IOS-gbnddpnjsvathjdutdcktjqecxgh/Build/Intermediates.noindex/Firebase.build/Debug-iphonesimulator/FirebaseCore.build/Objects-normal/x86_64/FIRApp.dia -c /Users/aryazaeri/Library/Developer/Xcode/DerivedData/BestBefore_Prototype_IOS-gbnddpnjsvathjdutdcktjqecxgh/SourcePackages/checkouts/firebase-ios-sdk/FirebaseCore/Sources/FIRApp.m -o /Users/aryazaeri/Library/Developer/Xcode/DerivedData/BestBefore_Prototype_IOS-gbnddpnjsvathjdutdcktjqecxgh/Build/Intermediates.noindex/Firebase.build/Debug-iphonesimulator/FirebaseCore.build/Objects-normal/x86_64/FIRApp.o -index-unit-output-path /Firebase.build/Debug-iphonesimulator/FirebaseCore.build/Objects-normal/x86_64/FIRApp.o

ScanDependencies /Users/aryazaeri/Library/Developer/Xcode/DerivedData/BestBefore_Prototype_IOS-gbnddpnjsvathjdutdcktjqecxgh/Build/Intermediates.noindex/Firebase.build/Debug-iphonesimulator/FirebaseCore.build/Objects-normal/x86_64/FIRAnalyticsConfiguration.o /Users/aryazaeri/Library/Developer/Xcode/DerivedData/BestBefore_Prototype_IOS-gbnddpnjsvathjdutdcktjqecxgh/SourcePackages/checkouts/firebase-ios-sdk/FirebaseCore/Sources/FIRAnalyticsConfiguration.m normal x86_64 objective-c com.apple.compilers.llvm.clang.1_0.compiler (in target 'FirebaseCore' from project 'Firebase')
    cd /Users/aryazaeri/Desktop/BestBefore/BestBefore_V2/ios/BestBefore_Prototype_IOS/BestBefore_Prototype_IOS.xcodeproj
    
    Using response file: /Users/aryazaeri/Library/Developer/Xcode/DerivedData/BestBefore_Prototype_IOS-gbnddpnjsvathjdutdcktjqecxgh/Build/Intermediates.noindex/Firebase.build/Debug-iphonesimulator/FirebaseCore.build/Objects-normal/x86_64/e6072d4f65d7061329687fe24e3d63a7-common-args.resp
    
    builtin-ScanDependencies -o /Users/aryazaeri/Library/Developer/Xcode/DerivedData/BestBefore_Prototype_IOS-gbnddpnjsvathjdutdcktjqecxgh/Build/Intermediates.noindex/Firebase.build/Debug-iphonesimulator/FirebaseCore.build/Objects-normal/x86_64/FIRAnalyticsConfiguration.o.scan -- /Applications/Xcode.app/Contents/Developer/Toolchains/XcodeDefault.xctoolchain/usr/bin/clang -x objective-c -ivfsstatcache /Users/aryazaeri/Library/Developer/Xcode/DerivedData/SDKStatCaches.noindex/iphonesimulator26.2-23C53-7d00a8b37fbd7999ea79df8ebc024bf0.sdkstatcache -fmessage-length\=0 -fdiagnostics-show-note-include-stack -fmacro-backtrace-limit\=0 -fno-color-diagnostics -fmodules-prune-interval\=86400 -fmodules-prune-after\=345600 -fbuild-session-file\=/Users/aryazaeri/Library/Developer/Xcode/DerivedData/ModuleCache.noindex/Session.modulevalidation -fmodules-validate-once-per-build-session -Wnon-modular-include-in-framework-module -Werror\=non-modular-include-in-framework-module -Wno-trigraphs -Wno-missing-field-initializers -Wno-missing-prototypes -Wno-return-type -Wno-implicit-atomic-properties -Wno-objc-interface-ivars -Wno-arc-repeated-use-of-weak -Wno-missing-braces -Wparentheses -Wswitch -Wno-unused-function -Wno-unused-label -Wno-unused-parameter -Wno-unused-variable -Wunused-value -Wno-empty-body -Wno-uninitialized -Wno-unknown-pragmas -w -Wno-shadow -Wno-four-char-constants -Wno-conversion -Wno-constant-conversion -Wno-int-conversion -Wno-bool-conversion -Wno-enum-conversion -Wno-float-conversion -Wno-non-literal-null-conversion -Wno-objc-literal-conversion -Wshorten-64-to-32 -Wpointer-sign -Wno-newline-eof -Wno-selector -Wno-strict-selector-match -Wno-undeclared-selector -Wno-deprecated-implementations -Wno-implicit-fallthrough -fstrict-aliasing -Wprotocol -Wdeprecated-declarations -Wno-sign-conversion -Wno-infinite-recursion -Wno-comma -Wno-block-capture-autoreleasing -Wno-strict-prototypes -Wno-semicolon-before-method-body -index-store-path /Users/aryazaeri/Library/Developer/Xcode/DerivedData/BestBefore_Prototype_IOS-gbnddpnjsvathjdutdcktjqecxgh/Index.noindex/DataStore @/Users/aryazaeri/Library/Developer/Xcode/DerivedData/BestBefore_Prototype_IOS-gbnddpnjsvathjdutdcktjqecxgh/Build/Intermediates.noindex/Firebase.build/Debug-iphonesimulator/FirebaseCore.build/Objects-normal/x86_64/e6072d4f65d7061329687fe24e3d63a7-common-args.resp -include /Users/aryazaeri/Library/Developer/Xcode/DerivedData/BestBefore_Prototype_IOS-gbnddpnjsvathjdutdcktjqecxgh/Build/Intermediates.noindex/Firebase.build/Debug-iphonesimulator/FirebaseCore.build/DerivedSources/resource_bundle_accessor.h -MMD -MT dependencies -MF /Users/aryazaeri/Library/Developer/Xcode/DerivedData/BestBefore_Prototype_IOS-gbnddpnjsvathjdutdcktjqecxgh/Build/Intermediates.noindex/Firebase.build/Debug-iphonesimulator/FirebaseCore.build/Objects-normal/x86_64/FIRAnalyticsConfiguration.d --serialize-diagnostics /Users/aryazaeri/Library/Developer/Xcode/DerivedData/BestBefore_Prototype_IOS-gbnddpnjsvathjdutdcktjqecxgh/Build/Intermediates.noindex/Firebase.build/Debug-iphonesimulator/FirebaseCore.build/Objects-normal/x86_64/FIRAnalyticsConfiguration.dia -c /Users/aryazaeri/Library/Developer/Xcode/DerivedData/BestBefore_Prototype_IOS-gbnddpnjsvathjdutdcktjqecxgh/SourcePackages/checkouts/firebase-ios-sdk/FirebaseCore/Sources/FIRAnalyticsConfiguration.m -o /Users/aryazaeri/Library/Developer/Xcode/DerivedData/BestBefore_Prototype_IOS-gbnddpnjsvathjdutdcktjqecxgh/Build/Intermediates.noindex/Firebase.build/Debug-iphonesimulator/FirebaseCore.build/Objects-normal/x86_64/FIRAnalyticsConfiguration.o -index-unit-output-path /Firebase.build/Debug-iphonesimulator/FirebaseCore.build/Objects-normal/x86_64/FIRAnalyticsConfiguration.o

CompileC /Users/aryazaeri/Library/Developer/Xcode/DerivedData/BestBefore_Prototype_IOS-gbnddpnjsvathjdutdcktjqecxgh/Build/Intermediates.noindex/Firebase.build/Debug-iphonesimulator/FirebaseCore.build/Objects-normal/x86_64/FIRBundleUtil.o /Users/aryazaeri/Library/Developer/Xcode/DerivedData/BestBefore_Prototype_IOS-gbnddpnjsvathjdutdcktjqecxgh/SourcePackages/checkouts/firebase-ios-sdk/FirebaseCore/Sources/FIRBundleUtil.m normal x86_64 objective-c com.apple.compilers.llvm.clang.1_0.compiler (in target 'FirebaseCore' from project 'Firebase')
    cd /Users/aryazaeri/Desktop/BestBefore/BestBefore_V2/ios/BestBefore_Prototype_IOS/BestBefore_Prototype_IOS.xcodeproj
    
    Using response file: /Users/aryazaeri/Library/Developer/Xcode/DerivedData/BestBefore_Prototype_IOS-gbnddpnjsvathjdutdcktjqecxgh/Build/Intermediates.noindex/Firebase.build/Debug-iphonesimulator/FirebaseCore.build/Objects-normal/x86_64/e6072d4f65d7061329687fe24e3d63a7-common-args.resp
    
    /Applications/Xcode.app/Contents/Developer/Toolchains/XcodeDefault.xctoolchain/usr/bin/clang -x objective-c -ivfsstatcache /Users/aryazaeri/Library/Developer/Xcode/DerivedData/SDKStatCaches.noindex/iphonesimulator26.2-23C53-7d00a8b37fbd7999ea79df8ebc024bf0.sdkstatcache -fmessage-length\=0 -fdiagnostics-show-note-include-stack -fmacro-backtrace-limit\=0 -fno-color-diagnostics -fmodules-prune-interval\=86400 -fmodules-prune-after\=345600 -fbuild-session-file\=/Users/aryazaeri/Library/Developer/Xcode/DerivedData/ModuleCache.noindex/Session.modulevalidation -fmodules-validate-once-per-build-session -Wnon-modular-include-in-framework-module -Werror\=non-modular-include-in-framework-module -Wno-trigraphs -Wno-missing-field-initializers -Wno-missing-prototypes -Wno-return-type -Wno-implicit-atomic-properties -Wno-objc-interface-ivars -Wno-arc-repeated-use-of-weak -Wno-missing-braces -Wparentheses -Wswitch -Wno-unused-function -Wno-unused-label -Wno-unused-parameter -Wno-unused-variable -Wunused-value -Wno-empty-body -Wno-uninitialized -Wno-unknown-pragmas -w -Wno-shadow -Wno-four-char-constants -Wno-conversion -Wno-constant-conversion -Wno-int-conversion -Wno-bool-conversion -Wno-enum-conversion -Wno-float-conversion -Wno-non-literal-null-conversion -Wno-objc-literal-conversion -Wshorten-64-to-32 -Wpointer-sign -Wno-newline-eof -Wno-selector -Wno-strict-selector-match -Wno-undeclared-selector -Wno-deprecated-implementations -Wno-implicit-fallthrough -fstrict-aliasing -Wprotocol -Wdeprecated-declarations -Wno-sign-conversion -Wno-infinite-recursion -Wno-comma -Wno-block-capture-autoreleasing -Wno-strict-prototypes -Wno-semicolon-before-method-body -index-store-path /Users/aryazaeri/Library/Developer/Xcode/DerivedData/BestBefore_Prototype_IOS-gbnddpnjsvathjdutdcktjqecxgh/Index.noindex/DataStore @/Users/aryazaeri/Library/Developer/Xcode/DerivedData/BestBefore_Prototype_IOS-gbnddpnjsvathjdutdcktjqecxgh/Build/Intermediates.noindex/Firebase.build/Debug-iphonesimulator/FirebaseCore.build/Objects-normal/x86_64/e6072d4f65d7061329687fe24e3d63a7-common-args.resp -include /Users/aryazaeri/Library/Developer/Xcode/DerivedData/BestBefore_Prototype_IOS-gbnddpnjsvathjdutdcktjqecxgh/Build/Intermediates.noindex/Firebase.build/Debug-iphonesimulator/FirebaseCore.build/DerivedSources/resource_bundle_accessor.h -MMD -MT dependencies -MF /Users/aryazaeri/Library/Developer/Xcode/DerivedData/BestBefore_Prototype_IOS-gbnddpnjsvathjdutdcktjqecxgh/Build/Intermediates.noindex/Firebase.build/Debug-iphonesimulator/FirebaseCore.build/Objects-normal/x86_64/FIRBundleUtil.d --serialize-diagnostics /Users/aryazaeri/Library/Developer/Xcode/DerivedData/BestBefore_Prototype_IOS-gbnddpnjsvathjdutdcktjqecxgh/Build/Intermediates.noindex/Firebase.build/Debug-iphonesimulator/FirebaseCore.build/Objects-normal/x86_64/FIRBundleUtil.dia -c /Users/aryazaeri/Library/Developer/Xcode/DerivedData/BestBefore_Prototype_IOS-gbnddpnjsvathjdutdcktjqecxgh/SourcePackages/checkouts/firebase-ios-sdk/FirebaseCore/Sources/FIRBundleUtil.m -o /Users/aryazaeri/Library/Developer/Xcode/DerivedData/BestBefore_Prototype_IOS-gbnddpnjsvathjdutdcktjqecxgh/Build/Intermediates.noindex/Firebase.build/Debug-iphonesimulator/FirebaseCore.build/Objects-normal/x86_64/FIRBundleUtil.o -index-unit-output-path /Firebase.build/Debug-iphonesimulator/FirebaseCore.build/Objects-normal/x86_64/FIRBundleUtil.o

CompileC /Users/aryazaeri/Library/Developer/Xcode/DerivedData/BestBefore_Prototype_IOS-gbnddpnjsvathjdutdcktjqecxgh/Build/Intermediates.noindex/GoogleUtilities.build/Debug-iphonesimulator/GoogleUtilities-Network.build/Objects-normal/arm64/GULNetwork.o /Users/aryazaeri/Library/Developer/Xcode/DerivedData/BestBefore_Prototype_IOS-gbnddpnjsvathjdutdcktjqecxgh/SourcePackages/checkouts/GoogleUtilities/GoogleUtilities/Network/GULNetwork.m normal arm64 objective-c com.apple.compilers.llvm.clang.1_0.compiler (in target 'GoogleUtilities-Network' from project 'GoogleUtilities')
    cd /Users/aryazaeri/Desktop/BestBefore/BestBefore_V2/ios/BestBefore_Prototype_IOS/BestBefore_Prototype_IOS.xcodeproj
    
    Using response file: /Users/aryazaeri/Library/Developer/Xcode/DerivedData/BestBefore_Prototype_IOS-gbnddpnjsvathjdutdcktjqecxgh/Build/Intermediates.noindex/GoogleUtilities.build/Debug-iphonesimulator/GoogleUtilities-Network.build/Objects-normal/arm64/e6072d4f65d7061329687fe24e3d63a7-common-args.resp
    
    /Applications/Xcode.app/Contents/Developer/Toolchains/XcodeDefault.xctoolchain/usr/bin/clang -x objective-c -ivfsstatcache /Users/aryazaeri/Library/Developer/Xcode/DerivedData/SDKStatCaches.noindex/iphonesimulator26.2-23C53-7d00a8b37fbd7999ea79df8ebc024bf0.sdkstatcache -fmessage-length\=0 -fdiagnostics-show-note-include-stack -fmacro-backtrace-limit\=0 -fno-color-diagnostics -fmodules-prune-interval\=86400 -fmodules-prune-after\=345600 -fbuild-session-file\=/Users/aryazaeri/Library/Developer/Xcode/DerivedData/ModuleCache.noindex/Session.modulevalidation -fmodules-validate-once-per-build-session -Wnon-modular-include-in-framework-module -Werror\=non-modular-include-in-framework-module -Wno-trigraphs -Wno-missing-field-initializers -Wno-missing-prototypes -Wno-return-type -Wno-implicit-atomic-properties -Wno-objc-interface-ivars -Wno-arc-repeated-use-of-weak -Wno-missing-braces -Wparentheses -Wswitch -Wno-unused-function -Wno-unused-label -Wno-unused-parameter -Wno-unused-variable -Wunused-value -Wno-empty-body -Wno-uninitialized -Wno-unknown-pragmas -w -Wno-shadow -Wno-four-char-constants -Wno-conversion -Wno-constant-conversion -Wno-int-conversion -Wno-bool-conversion -Wno-enum-conversion -Wno-float-conversion -Wno-non-literal-null-conversion -Wno-objc-literal-conversion -Wshorten-64-to-32 -Wpointer-sign -Wno-newline-eof -Wno-selector -Wno-strict-selector-match -Wno-undeclared-selector -Wno-deprecated-implementations -Wno-implicit-fallthrough -fstrict-aliasing -Wprotocol -Wdeprecated-declarations -Wno-sign-conversion -Wno-infinite-recursion -Wno-comma -Wno-block-capture-autoreleasing -Wno-strict-prototypes -Wno-semicolon-before-method-body -index-store-path /Users/aryazaeri/Library/Developer/Xcode/DerivedData/BestBefore_Prototype_IOS-gbnddpnjsvathjdutdcktjqecxgh/Index.noindex/DataStore @/Users/aryazaeri/Library/Developer/Xcode/DerivedData/BestBefore_Prototype_IOS-gbnddpnjsvathjdutdcktjqecxgh/Build/Intermediates.noindex/GoogleUtilities.build/Debug-iphonesimulator/GoogleUtilities-Network.build/Objects-normal/arm64/e6072d4f65d7061329687fe24e3d63a7-common-args.resp -include /Users/aryazaeri/Library/Developer/Xcode/DerivedData/BestBefore_Prototype_IOS-gbnddpnjsvathjdutdcktjqecxgh/Build/Intermediates.noindex/GoogleUtilities.build/Debug-iphonesimulator/GoogleUtilities-Network.build/DerivedSources/resource_bundle_accessor.h -MMD -MT dependencies -MF /Users/aryazaeri/Library/Developer/Xcode/DerivedData/BestBefore_Prototype_IOS-gbnddpnjsvathjdutdcktjqecxgh/Build/Intermediates.noindex/GoogleUtilities.build/Debug-iphonesimulator/GoogleUtilities-Network.build/Objects-normal/arm64/GULNetwork.d --serialize-diagnostics /Users/aryazaeri/Library/Developer/Xcode/DerivedData/BestBefore_Prototype_IOS-gbnddpnjsvathjdutdcktjqecxgh/Build/Intermediates.noindex/GoogleUtilities.build/Debug-iphonesimulator/GoogleUtilities-Network.build/Objects-normal/arm64/GULNetwork.dia -c /Users/aryazaeri/Library/Developer/Xcode/DerivedData/BestBefore_Prototype_IOS-gbnddpnjsvathjdutdcktjqecxgh/SourcePackages/checkouts/GoogleUtilities/GoogleUtilities/Network/GULNetwork.m -o /Users/aryazaeri/Library/Developer/Xcode/DerivedData/BestBefore_Prototype_IOS-gbnddpnjsvathjdutdcktjqecxgh/Build/Intermediates.noindex/GoogleUtilities.build/Debug-iphonesimulator/GoogleUtilities-Network.build/Objects-normal/arm64/GULNetwork.o -index-unit-output-path /GoogleUtilities.build/Debug-iphonesimulator/GoogleUtilities-Network.build/Objects-normal/arm64/GULNetwork.o

CompileC /Users/aryazaeri/Library/Developer/Xcode/DerivedData/BestBefore_Prototype_IOS-gbnddpnjsvathjdutdcktjqecxgh/Build/Intermediates.noindex/Firebase.build/Debug-iphonesimulator/FirebaseCore.build/Objects-normal/x86_64/FIRAnalyticsConfiguration.o /Users/aryazaeri/Library/Developer/Xcode/DerivedData/BestBefore_Prototype_IOS-gbnddpnjsvathjdutdcktjqecxgh/SourcePackages/checkouts/firebase-ios-sdk/FirebaseCore/Sources/FIRAnalyticsConfiguration.m normal x86_64 objective-c com.apple.compilers.llvm.clang.1_0.compiler (in target 'FirebaseCore' from project 'Firebase')
    cd /Users/aryazaeri/Desktop/BestBefore/BestBefore_V2/ios/BestBefore_Prototype_IOS/BestBefore_Prototype_IOS.xcodeproj
    
    Using response file: /Users/aryazaeri/Library/Developer/Xcode/DerivedData/BestBefore_Prototype_IOS-gbnddpnjsvathjdutdcktjqecxgh/Build/Intermediates.noindex/Firebase.build/Debug-iphonesimulator/FirebaseCore.build/Objects-normal/x86_64/e6072d4f65d7061329687fe24e3d63a7-common-args.resp
    
    /Applications/Xcode.app/Contents/Developer/Toolchains/XcodeDefault.xctoolchain/usr/bin/clang -x objective-c -ivfsstatcache /Users/aryazaeri/Library/Developer/Xcode/DerivedData/SDKStatCaches.noindex/iphonesimulator26.2-23C53-7d00a8b37fbd7999ea79df8ebc024bf0.sdkstatcache -fmessage-length\=0 -fdiagnostics-show-note-include-stack -fmacro-backtrace-limit\=0 -fno-color-diagnostics -fmodules-prune-interval\=86400 -fmodules-prune-after\=345600 -fbuild-session-file\=/Users/aryazaeri/Library/Developer/Xcode/DerivedData/ModuleCache.noindex/Session.modulevalidation -fmodules-validate-once-per-build-session -Wnon-modular-include-in-framework-module -Werror\=non-modular-include-in-framework-module -Wno-trigraphs -Wno-missing-field-initializers -Wno-missing-prototypes -Wno-return-type -Wno-implicit-atomic-properties -Wno-objc-interface-ivars -Wno-arc-repeated-use-of-weak -Wno-missing-braces -Wparentheses -Wswitch -Wno-unused-function -Wno-unused-label -Wno-unused-parameter -Wno-unused-variable -Wunused-value -Wno-empty-body -Wno-uninitialized -Wno-unknown-pragmas -w -Wno-shadow -Wno-four-char-constants -Wno-conversion -Wno-constant-conversion -Wno-int-conversion -Wno-bool-conversion -Wno-enum-conversion -Wno-float-conversion -Wno-non-literal-null-conversion -Wno-objc-literal-conversion -Wshorten-64-to-32 -Wpointer-sign -Wno-newline-eof -Wno-selector -Wno-strict-selector-match -Wno-undeclared-selector -Wno-deprecated-implementations -Wno-implicit-fallthrough -fstrict-aliasing -Wprotocol -Wdeprecated-declarations -Wno-sign-conversion -Wno-infinite-recursion -Wno-comma -Wno-block-capture-autoreleasing -Wno-strict-prototypes -Wno-semicolon-before-method-body -index-store-path /Users/aryazaeri/Library/Developer/Xcode/DerivedData/BestBefore_Prototype_IOS-gbnddpnjsvathjdutdcktjqecxgh/Index.noindex/DataStore @/Users/aryazaeri/Library/Developer/Xcode/DerivedData/BestBefore_Prototype_IOS-gbnddpnjsvathjdutdcktjqecxgh/Build/Intermediates.noindex/Firebase.build/Debug-iphonesimulator/FirebaseCore.build/Objects-normal/x86_64/e6072d4f65d7061329687fe24e3d63a7-common-args.resp -include /Users/aryazaeri/Library/Developer/Xcode/DerivedData/BestBefore_Prototype_IOS-gbnddpnjsvathjdutdcktjqecxgh/Build/Intermediates.noindex/Firebase.build/Debug-iphonesimulator/FirebaseCore.build/DerivedSources/resource_bundle_accessor.h -MMD -MT dependencies -MF /Users/aryazaeri/Library/Developer/Xcode/DerivedData/BestBefore_Prototype_IOS-gbnddpnjsvathjdutdcktjqecxgh/Build/Intermediates.noindex/Firebase.build/Debug-iphonesimulator/FirebaseCore.build/Objects-normal/x86_64/FIRAnalyticsConfiguration.d --serialize-diagnostics /Users/aryazaeri/Library/Developer/Xcode/DerivedData/BestBefore_Prototype_IOS-gbnddpnjsvathjdutdcktjqecxgh/Build/Intermediates.noindex/Firebase.build/Debug-iphonesimulator/FirebaseCore.build/Objects-normal/x86_64/FIRAnalyticsConfiguration.dia -c /Users/aryazaeri/Library/Developer/Xcode/DerivedData/BestBefore_Prototype_IOS-gbnddpnjsvathjdutdcktjqecxgh/SourcePackages/checkouts/firebase-ios-sdk/FirebaseCore/Sources/FIRAnalyticsConfiguration.m -o /Users/aryazaeri/Library/Developer/Xcode/DerivedData/BestBefore_Prototype_IOS-gbnddpnjsvathjdutdcktjqecxgh/Build/Intermediates.noindex/Firebase.build/Debug-iphonesimulator/FirebaseCore.build/Objects-normal/x86_64/FIRAnalyticsConfiguration.o -index-unit-output-path /Firebase.build/Debug-iphonesimulator/FirebaseCore.build/Objects-normal/x86_64/FIRAnalyticsConfiguration.o

CompileC /Users/aryazaeri/Library/Developer/Xcode/DerivedData/BestBefore_Prototype_IOS-gbnddpnjsvathjdutdcktjqecxgh/Build/Intermediates.noindex/Firebase.build/Debug-iphonesimulator/FirebaseCore.build/Objects-normal/x86_64/FIRApp.o /Users/aryazaeri/Library/Developer/Xcode/DerivedData/BestBefore_Prototype_IOS-gbnddpnjsvathjdutdcktjqecxgh/SourcePackages/checkouts/firebase-ios-sdk/FirebaseCore/Sources/FIRApp.m normal x86_64 objective-c com.apple.compilers.llvm.clang.1_0.compiler (in target 'FirebaseCore' from project 'Firebase')
    cd /Users/aryazaeri/Desktop/BestBefore/BestBefore_V2/ios/BestBefore_Prototype_IOS/BestBefore_Prototype_IOS.xcodeproj
    
    Using response file: /Users/aryazaeri/Library/Developer/Xcode/DerivedData/BestBefore_Prototype_IOS-gbnddpnjsvathjdutdcktjqecxgh/Build/Intermediates.noindex/Firebase.build/Debug-iphonesimulator/FirebaseCore.build/Objects-normal/x86_64/e6072d4f65d7061329687fe24e3d63a7-common-args.resp
    
    /Applications/Xcode.app/Contents/Developer/Toolchains/XcodeDefault.xctoolchain/usr/bin/clang -x objective-c -ivfsstatcache /Users/aryazaeri/Library/Developer/Xcode/DerivedData/SDKStatCaches.noindex/iphonesimulator26.2-23C53-7d00a8b37fbd7999ea79df8ebc024bf0.sdkstatcache -fmessage-length\=0 -fdiagnostics-show-note-include-stack -fmacro-backtrace-limit\=0 -fno-color-diagnostics -fmodules-prune-interval\=86400 -fmodules-prune-after\=345600 -fbuild-session-file\=/Users/aryazaeri/Library/Developer/Xcode/DerivedData/ModuleCache.noindex/Session.modulevalidation -fmodules-validate-once-per-build-session -Wnon-modular-include-in-framework-module -Werror\=non-modular-include-in-framework-module -Wno-trigraphs -Wno-missing-field-initializers -Wno-missing-prototypes -Wno-return-type -Wno-implicit-atomic-properties -Wno-objc-interface-ivars -Wno-arc-repeated-use-of-weak -Wno-missing-braces -Wparentheses -Wswitch -Wno-unused-function -Wno-unused-label -Wno-unused-parameter -Wno-unused-variable -Wunused-value -Wno-empty-body -Wno-uninitialized -Wno-unknown-pragmas -w -Wno-shadow -Wno-four-char-constants -Wno-conversion -Wno-constant-conversion -Wno-int-conversion -Wno-bool-conversion -Wno-enum-conversion -Wno-float-conversion -Wno-non-literal-null-conversion -Wno-objc-literal-conversion -Wshorten-64-to-32 -Wpointer-sign -Wno-newline-eof -Wno-selector -Wno-strict-selector-match -Wno-undeclared-selector -Wno-deprecated-implementations -Wno-implicit-fallthrough -fstrict-aliasing -Wprotocol -Wdeprecated-declarations -Wno-sign-conversion -Wno-infinite-recursion -Wno-comma -Wno-block-capture-autoreleasing -Wno-strict-prototypes -Wno-semicolon-before-method-body -index-store-path /Users/aryazaeri/Library/Developer/Xcode/DerivedData/BestBefore_Prototype_IOS-gbnddpnjsvathjdutdcktjqecxgh/Index.noindex/DataStore @/Users/aryazaeri/Library/Developer/Xcode/DerivedData/BestBefore_Prototype_IOS-gbnddpnjsvathjdutdcktjqecxgh/Build/Intermediates.noindex/Firebase.build/Debug-iphonesimulator/FirebaseCore.build/Objects-normal/x86_64/e6072d4f65d7061329687fe24e3d63a7-common-args.resp -include /Users/aryazaeri/Library/Developer/Xcode/DerivedData/BestBefore_Prototype_IOS-gbnddpnjsvathjdutdcktjqecxgh/Build/Intermediates.noindex/Firebase.build/Debug-iphonesimulator/FirebaseCore.build/DerivedSources/resource_bundle_accessor.h -MMD -MT dependencies -MF /Users/aryazaeri/Library/Developer/Xcode/DerivedData/BestBefore_Prototype_IOS-gbnddpnjsvathjdutdcktjqecxgh/Build/Intermediates.noindex/Firebase.build/Debug-iphonesimulator/FirebaseCore.build/Objects-normal/x86_64/FIRApp.d --serialize-diagnostics /Users/aryazaeri/Library/Developer/Xcode/DerivedData/BestBefore_Prototype_IOS-gbnddpnjsvathjdutdcktjqecxgh/Build/Intermediates.noindex/Firebase.build/Debug-iphonesimulator/FirebaseCore.build/Objects-normal/x86_64/FIRApp.dia -c /Users/aryazaeri/Library/Developer/Xcode/DerivedData/BestBefore_Prototype_IOS-gbnddpnjsvathjdutdcktjqecxgh/SourcePackages/checkouts/firebase-ios-sdk/FirebaseCore/Sources/FIRApp.m -o /Users/aryazaeri/Library/Developer/Xcode/DerivedData/BestBefore_Prototype_IOS-gbnddpnjsvathjdutdcktjqecxgh/Build/Intermediates.noindex/Firebase.build/Debug-iphonesimulator/FirebaseCore.build/Objects-normal/x86_64/FIRApp.o -index-unit-output-path /Firebase.build/Debug-iphonesimulator/FirebaseCore.build/Objects-normal/x86_64/FIRApp.o

Ld /Users/aryazaeri/Library/Developer/Xcode/DerivedData/BestBefore_Prototype_IOS-gbnddpnjsvathjdutdcktjqecxgh/Build/Intermediates.noindex/GoogleUtilities.build/Debug-iphonesimulator/GoogleUtilities-Network.build/Objects-normal/arm64/Binary/GoogleUtilities-Network.o normal arm64 (in target 'GoogleUtilities-Network' from project 'GoogleUtilities')
    cd /Users/aryazaeri/Library/Developer/Xcode/DerivedData/BestBefore_Prototype_IOS-gbnddpnjsvathjdutdcktjqecxgh/SourcePackages/checkouts/GoogleUtilities
    /Applications/Xcode.app/Contents/Developer/Toolchains/XcodeDefault.xctoolchain/usr/bin/clang -Xlinker -reproducible -target arm64-apple-ios12.0-simulator -r -isysroot /Applications/Xcode.app/Contents/Developer/Platforms/iPhoneSimulator.platform/Developer/SDKs/iPhoneSimulator26.2.sdk -O0 -w -L/Users/aryazaeri/Library/Developer/Xcode/DerivedData/BestBefore_Prototype_IOS-gbnddpnjsvathjdutdcktjqecxgh/Build/Intermediates.noindex/EagerLinkingTBDs/Debug-iphonesimulator -L/Users/aryazaeri/Library/Developer/Xcode/DerivedData/BestBefore_Prototype_IOS-gbnddpnjsvathjdutdcktjqecxgh/Build/Products/Debug-iphonesimulator -L/Applications/Xcode.app/Contents/Developer/Platforms/iPhoneSimulator.platform/Developer/usr/lib -F/Users/aryazaeri/Library/Developer/Xcode/DerivedData/BestBefore_Prototype_IOS-gbnddpnjsvathjdutdcktjqecxgh/Build/Intermediates.noindex/EagerLinkingTBDs/Debug-iphonesimulator -F/Users/aryazaeri/Library/Developer/Xcode/DerivedData/BestBefore_Prototype_IOS-gbnddpnjsvathjdutdcktjqecxgh/Build/Products/Debug-iphonesimulator/PackageFrameworks -F/Users/aryazaeri/Library/Developer/Xcode/DerivedData/BestBefore_Prototype_IOS-gbnddpnjsvathjdutdcktjqecxgh/Build/Products/Debug-iphonesimulator/PackageFrameworks -F/Users/aryazaeri/Library/Developer/Xcode/DerivedData/BestBefore_Prototype_IOS-gbnddpnjsvathjdutdcktjqecxgh/Build/Products/Debug-iphonesimulator/PackageFrameworks -F/Users/aryazaeri/Library/Developer/Xcode/DerivedData/BestBefore_Prototype_IOS-gbnddpnjsvathjdutdcktjqecxgh/Build/Products/Debug-iphonesimulator/PackageFrameworks -F/Users/aryazaeri/Library/Developer/Xcode/DerivedData/BestBefore_Prototype_IOS-gbnddpnjsvathjdutdcktjqecxgh/Build/Products/Debug-iphonesimulator/PackageFrameworks -F/Users/aryazaeri/Library/Developer/Xcode/DerivedData/BestBefore_Prototype_IOS-gbnddpnjsvathjdutdcktjqecxgh/Build/Products/Debug-iphonesimulator -iframework /Applications/Xcode.app/Contents/Developer/Platforms/iPhoneSimulator.platform/Developer/Library/Frameworks -iframework /Applications/Xcode.app/Contents/Developer/Platforms/iPhoneSimulator.platform/Developer/SDKs/iPhoneSimulator26.2.sdk/Developer/Library/Frameworks -filelist /Users/aryazaeri/Library/Developer/Xcode/DerivedData/BestBefore_Prototype_IOS-gbnddpnjsvathjdutdcktjqecxgh/Build/Intermediates.noindex/GoogleUtilities.build/Debug-iphonesimulator/GoogleUtilities-Network.build/Objects-normal/arm64/GoogleUtilities-Network.LinkFileList -nostdlib -Xlinker -object_path_lto -Xlinker /Users/aryazaeri/Library/Developer/Xcode/DerivedData/BestBefore_Prototype_IOS-gbnddpnjsvathjdutdcktjqecxgh/Build/Intermediates.noindex/GoogleUtilities.build/Debug-iphonesimulator/GoogleUtilities-Network.build/Objects-normal/arm64/GoogleUtilities-Network_lto.o -rdynamic -Xlinker -no_deduplicate -Xlinker -objc_abi_version -Xlinker 2 -Xlinker -dependency_info -Xlinker /Users/aryazaeri/Library/Developer/Xcode/DerivedData/BestBefore_Prototype_IOS-gbnddpnjsvathjdutdcktjqecxgh/Build/Intermediates.noindex/GoogleUtilities.build/Debug-iphonesimulator/GoogleUtilities-Network.build/Objects-normal/arm64/GoogleUtilities-Network_dependency_info.dat -fobjc-arc -fobjc-link-runtime -o /Users/aryazaeri/Library/Developer/Xcode/DerivedData/BestBefore_Prototype_IOS-gbnddpnjsvathjdutdcktjqecxgh/Build/Intermediates.noindex/GoogleUtilities.build/Debug-iphonesimulator/GoogleUtilities-Network.build/Objects-normal/arm64/Binary/GoogleUtilities-Network.o

CreateUniversalBinary /Users/aryazaeri/Library/Developer/Xcode/DerivedData/BestBefore_Prototype_IOS-gbnddpnjsvathjdutdcktjqecxgh/Build/Products/Debug-iphonesimulator/GoogleUtilities-Network.o normal arm64\ x86_64 (in target 'GoogleUtilities-Network' from project 'GoogleUtilities')
    cd /Users/aryazaeri/Library/Developer/Xcode/DerivedData/BestBefore_Prototype_IOS-gbnddpnjsvathjdutdcktjqecxgh/SourcePackages/checkouts/GoogleUtilities
    /Applications/Xcode.app/Contents/Developer/Toolchains/XcodeDefault.xctoolchain/usr/bin/lipo -create /Users/aryazaeri/Library/Developer/Xcode/DerivedData/BestBefore_Prototype_IOS-gbnddpnjsvathjdutdcktjqecxgh/Build/Intermediates.noindex/GoogleUtilities.build/Debug-iphonesimulator/GoogleUtilities-Network.build/Objects-normal/arm64/Binary/GoogleUtilities-Network.o /Users/aryazaeri/Library/Developer/Xcode/DerivedData/BestBefore_Prototype_IOS-gbnddpnjsvathjdutdcktjqecxgh/Build/Intermediates.noindex/GoogleUtilities.build/Debug-iphonesimulator/GoogleUtilities-Network.build/Objects-normal/x86_64/Binary/GoogleUtilities-Network.o -output /Users/aryazaeri/Library/Developer/Xcode/DerivedData/BestBefore_Prototype_IOS-gbnddpnjsvathjdutdcktjqecxgh/Build/Products/Debug-iphonesimulator/GoogleUtilities-Network.o

RegisterExecutionPolicyException /Users/aryazaeri/Library/Developer/Xcode/DerivedData/BestBefore_Prototype_IOS-gbnddpnjsvathjdutdcktjqecxgh/Build/Products/Debug-iphonesimulator/GoogleUtilities-Network.o (in target 'GoogleUtilities-Network' from project 'GoogleUtilities')
    cd /Users/aryazaeri/Library/Developer/Xcode/DerivedData/BestBefore_Prototype_IOS-gbnddpnjsvathjdutdcktjqecxgh/SourcePackages/checkouts/GoogleUtilities
    builtin-RegisterExecutionPolicyException /Users/aryazaeri/Library/Developer/Xcode/DerivedData/BestBefore_Prototype_IOS-gbnddpnjsvathjdutdcktjqecxgh/Build/Products/Debug-iphonesimulator/GoogleUtilities-Network.o

ScanDependencies /Users/aryazaeri/Library/Developer/Xcode/DerivedData/BestBefore_Prototype_IOS-gbnddpnjsvathjdutdcktjqecxgh/Build/Intermediates.noindex/GoogleUtilities.build/Debug-iphonesimulator/GoogleUtilities-AppDelegateSwizzler.build/Objects-normal/arm64/resource_bundle_accessor.o /Users/aryazaeri/Library/Developer/Xcode/DerivedData/BestBefore_Prototype_IOS-gbnddpnjsvathjdutdcktjqecxgh/Build/Intermediates.noindex/GoogleUtilities.build/Debug-iphonesimulator/GoogleUtilities-AppDelegateSwizzler.build/DerivedSources/resource_bundle_accessor.m normal arm64 objective-c com.apple.compilers.llvm.clang.1_0.compiler (in target 'GoogleUtilities-AppDelegateSwizzler' from project 'GoogleUtilities')
    cd /Users/aryazaeri/Desktop/BestBefore/BestBefore_V2/ios/BestBefore_Prototype_IOS/BestBefore_Prototype_IOS.xcodeproj
    
    Using response file: /Users/aryazaeri/Library/Developer/Xcode/DerivedData/BestBefore_Prototype_IOS-gbnddpnjsvathjdutdcktjqecxgh/Build/Intermediates.noindex/GoogleUtilities.build/Debug-iphonesimulator/GoogleUtilities-AppDelegateSwizzler.build/Objects-normal/arm64/e6072d4f65d7061329687fe24e3d63a7-common-args.resp
    
    builtin-ScanDependencies -o /Users/aryazaeri/Library/Developer/Xcode/DerivedData/BestBefore_Prototype_IOS-gbnddpnjsvathjdutdcktjqecxgh/Build/Intermediates.noindex/GoogleUtilities.build/Debug-iphonesimulator/GoogleUtilities-AppDelegateSwizzler.build/Objects-normal/arm64/resource_bundle_accessor.o.scan -- /Applications/Xcode.app/Contents/Developer/Toolchains/XcodeDefault.xctoolchain/usr/bin/clang -x objective-c -ivfsstatcache /Users/aryazaeri/Library/Developer/Xcode/DerivedData/SDKStatCaches.noindex/iphonesimulator26.2-23C53-7d00a8b37fbd7999ea79df8ebc024bf0.sdkstatcache -fmessage-length\=0 -fdiagnostics-show-note-include-stack -fmacro-backtrace-limit\=0 -fno-color-diagnostics -fmodules-prune-interval\=86400 -fmodules-prune-after\=345600 -fbuild-session-file\=/Users/aryazaeri/Library/Developer/Xcode/DerivedData/ModuleCache.noindex/Session.modulevalidation -fmodules-validate-once-per-build-session -Wnon-modular-include-in-framework-module -Werror\=non-modular-include-in-framework-module -Wno-trigraphs -Wno-missing-field-initializers -Wno-missing-prototypes -Wno-return-type -Wno-implicit-atomic-properties -Wno-objc-interface-ivars -Wno-arc-repeated-use-of-weak -Wno-missing-braces -Wparentheses -Wswitch -Wno-unused-function -Wno-unused-label -Wno-unused-parameter -Wno-unused-variable -Wunused-value -Wno-empty-body -Wno-uninitialized -Wno-unknown-pragmas -w -Wno-shadow -Wno-four-char-constants -Wno-conversion -Wno-constant-conversion -Wno-int-conversion -Wno-bool-conversion -Wno-enum-conversion -Wno-float-conversion -Wno-non-literal-null-conversion -Wno-objc-literal-conversion -Wshorten-64-to-32 -Wpointer-sign -Wno-newline-eof -Wno-selector -Wno-strict-selector-match -Wno-undeclared-selector -Wno-deprecated-implementations -Wno-implicit-fallthrough -fstrict-aliasing -Wprotocol -Wdeprecated-declarations -Wno-sign-conversion -Wno-infinite-recursion -Wno-comma -Wno-block-capture-autoreleasing -Wno-strict-prototypes -Wno-semicolon-before-method-body -index-store-path /Users/aryazaeri/Library/Developer/Xcode/DerivedData/BestBefore_Prototype_IOS-gbnddpnjsvathjdutdcktjqecxgh/Index.noindex/DataStore @/Users/aryazaeri/Library/Developer/Xcode/DerivedData/BestBefore_Prototype_IOS-gbnddpnjsvathjdutdcktjqecxgh/Build/Intermediates.noindex/GoogleUtilities.build/Debug-iphonesimulator/GoogleUtilities-AppDelegateSwizzler.build/Objects-normal/arm64/e6072d4f65d7061329687fe24e3d63a7-common-args.resp -include /Users/aryazaeri/Library/Developer/Xcode/DerivedData/BestBefore_Prototype_IOS-gbnddpnjsvathjdutdcktjqecxgh/Build/Intermediates.noindex/GoogleUtilities.build/Debug-iphonesimulator/GoogleUtilities-AppDelegateSwizzler.build/DerivedSources/resource_bundle_accessor.h -MMD -MT dependencies -MF /Users/aryazaeri/Library/Developer/Xcode/DerivedData/BestBefore_Prototype_IOS-gbnddpnjsvathjdutdcktjqecxgh/Build/Intermediates.noindex/GoogleUtilities.build/Debug-iphonesimulator/GoogleUtilities-AppDelegateSwizzler.build/Objects-normal/arm64/resource_bundle_accessor.d --serialize-diagnostics /Users/aryazaeri/Library/Developer/Xcode/DerivedData/BestBefore_Prototype_IOS-gbnddpnjsvathjdutdcktjqecxgh/Build/Intermediates.noindex/GoogleUtilities.build/Debug-iphonesimulator/GoogleUtilities-AppDelegateSwizzler.build/Objects-normal/arm64/resource_bundle_accessor.dia -c /Users/aryazaeri/Library/Developer/Xcode/DerivedData/BestBefore_Prototype_IOS-gbnddpnjsvathjdutdcktjqecxgh/Build/Intermediates.noindex/GoogleUtilities.build/Debug-iphonesimulator/GoogleUtilities-AppDelegateSwizzler.build/DerivedSources/resource_bundle_accessor.m -o /Users/aryazaeri/Library/Developer/Xcode/DerivedData/BestBefore_Prototype_IOS-gbnddpnjsvathjdutdcktjqecxgh/Build/Intermediates.noindex/GoogleUtilities.build/Debug-iphonesimulator/GoogleUtilities-AppDelegateSwizzler.build/Objects-normal/arm64/resource_bundle_accessor.o -index-unit-output-path /GoogleUtilities.build/Debug-iphonesimulator/GoogleUtilities-AppDelegateSwizzler.build/Objects-normal/arm64/resource_bundle_accessor.o

CompileC /Users/aryazaeri/Library/Developer/Xcode/DerivedData/BestBefore_Prototype_IOS-gbnddpnjsvathjdutdcktjqecxgh/Build/Intermediates.noindex/GoogleUtilities.build/Debug-iphonesimulator/GoogleUtilities-AppDelegateSwizzler.build/Objects-normal/arm64/resource_bundle_accessor.o /Users/aryazaeri/Library/Developer/Xcode/DerivedData/BestBefore_Prototype_IOS-gbnddpnjsvathjdutdcktjqecxgh/Build/Intermediates.noindex/GoogleUtilities.build/Debug-iphonesimulator/GoogleUtilities-AppDelegateSwizzler.build/DerivedSources/resource_bundle_accessor.m normal arm64 objective-c com.apple.compilers.llvm.clang.1_0.compiler (in target 'GoogleUtilities-AppDelegateSwizzler' from project 'GoogleUtilities')
    cd /Users/aryazaeri/Desktop/BestBefore/BestBefore_V2/ios/BestBefore_Prototype_IOS/BestBefore_Prototype_IOS.xcodeproj
    
    Using response file: /Users/aryazaeri/Library/Developer/Xcode/DerivedData/BestBefore_Prototype_IOS-gbnddpnjsvathjdutdcktjqecxgh/Build/Intermediates.noindex/GoogleUtilities.build/Debug-iphonesimulator/GoogleUtilities-AppDelegateSwizzler.build/Objects-normal/arm64/e6072d4f65d7061329687fe24e3d63a7-common-args.resp
    
    /Applications/Xcode.app/Contents/Developer/Toolchains/XcodeDefault.xctoolchain/usr/bin/clang -x objective-c -ivfsstatcache /Users/aryazaeri/Library/Developer/Xcode/DerivedData/SDKStatCaches.noindex/iphonesimulator26.2-23C53-7d00a8b37fbd7999ea79df8ebc024bf0.sdkstatcache -fmessage-length\=0 -fdiagnostics-show-note-include-stack -fmacro-backtrace-limit\=0 -fno-color-diagnostics -fmodules-prune-interval\=86400 -fmodules-prune-after\=345600 -fbuild-session-file\=/Users/aryazaeri/Library/Developer/Xcode/DerivedData/ModuleCache.noindex/Session.modulevalidation -fmodules-validate-once-per-build-session -Wnon-modular-include-in-framework-module -Werror\=non-modular-include-in-framework-module -Wno-trigraphs -Wno-missing-field-initializers -Wno-missing-prototypes -Wno-return-type -Wno-implicit-atomic-properties -Wno-objc-interface-ivars -Wno-arc-repeated-use-of-weak -Wno-missing-braces -Wparentheses -Wswitch -Wno-unused-function -Wno-unused-label -Wno-unused-parameter -Wno-unused-variable -Wunused-value -Wno-empty-body -Wno-uninitialized -Wno-unknown-pragmas -w -Wno-shadow -Wno-four-char-constants -Wno-conversion -Wno-constant-conversion -Wno-int-conversion -Wno-bool-conversion -Wno-enum-conversion -Wno-float-conversion -Wno-non-literal-null-conversion -Wno-objc-literal-conversion -Wshorten-64-to-32 -Wpointer-sign -Wno-newline-eof -Wno-selector -Wno-strict-selector-match -Wno-undeclared-selector -Wno-deprecated-implementations -Wno-implicit-fallthrough -fstrict-aliasing -Wprotocol -Wdeprecated-declarations -Wno-sign-conversion -Wno-infinite-recursion -Wno-comma -Wno-block-capture-autoreleasing -Wno-strict-prototypes -Wno-semicolon-before-method-body -index-store-path /Users/aryazaeri/Library/Developer/Xcode/DerivedData/BestBefore_Prototype_IOS-gbnddpnjsvathjdutdcktjqecxgh/Index.noindex/DataStore @/Users/aryazaeri/Library/Developer/Xcode/DerivedData/BestBefore_Prototype_IOS-gbnddpnjsvathjdutdcktjqecxgh/Build/Intermediates.noindex/GoogleUtilities.build/Debug-iphonesimulator/GoogleUtilities-AppDelegateSwizzler.build/Objects-normal/arm64/e6072d4f65d7061329687fe24e3d63a7-common-args.resp -include /Users/aryazaeri/Library/Developer/Xcode/DerivedData/BestBefore_Prototype_IOS-gbnddpnjsvathjdutdcktjqecxgh/Build/Intermediates.noindex/GoogleUtilities.build/Debug-iphonesimulator/GoogleUtilities-AppDelegateSwizzler.build/DerivedSources/resource_bundle_accessor.h -MMD -MT dependencies -MF /Users/aryazaeri/Library/Developer/Xcode/DerivedData/BestBefore_Prototype_IOS-gbnddpnjsvathjdutdcktjqecxgh/Build/Intermediates.noindex/GoogleUtilities.build/Debug-iphonesimulator/GoogleUtilities-AppDelegateSwizzler.build/Objects-normal/arm64/resource_bundle_accessor.d --serialize-diagnostics /Users/aryazaeri/Library/Developer/Xcode/DerivedData/BestBefore_Prototype_IOS-gbnddpnjsvathjdutdcktjqecxgh/Build/Intermediates.noindex/GoogleUtilities.build/Debug-iphonesimulator/GoogleUtilities-AppDelegateSwizzler.build/Objects-normal/arm64/resource_bundle_accessor.dia -c /Users/aryazaeri/Library/Developer/Xcode/DerivedData/BestBefore_Prototype_IOS-gbnddpnjsvathjdutdcktjqecxgh/Build/Intermediates.noindex/GoogleUtilities.build/Debug-iphonesimulator/GoogleUtilities-AppDelegateSwizzler.build/DerivedSources/resource_bundle_accessor.m -o /Users/aryazaeri/Library/Developer/Xcode/DerivedData/BestBefore_Prototype_IOS-gbnddpnjsvathjdutdcktjqecxgh/Build/Intermediates.noindex/GoogleUtilities.build/Debug-iphonesimulator/GoogleUtilities-AppDelegateSwizzler.build/Objects-normal/arm64/resource_bundle_accessor.o -index-unit-output-path /GoogleUtilities.build/Debug-iphonesimulator/GoogleUtilities-AppDelegateSwizzler.build/Objects-normal/arm64/resource_bundle_accessor.o

ScanDependencies /Users/aryazaeri/Library/Developer/Xcode/DerivedData/BestBefore_Prototype_IOS-gbnddpnjsvathjdutdcktjqecxgh/Build/Intermediates.noindex/GoogleUtilities.build/Debug-iphonesimulator/GoogleUtilities-AppDelegateSwizzler.build/Objects-normal/arm64/GULSceneDelegateSwizzler.o /Users/aryazaeri/Library/Developer/Xcode/DerivedData/BestBefore_Prototype_IOS-gbnddpnjsvathjdutdcktjqecxgh/SourcePackages/checkouts/GoogleUtilities/GoogleUtilities/AppDelegateSwizzler/GULSceneDelegateSwizzler.m normal arm64 objective-c com.apple.compilers.llvm.clang.1_0.compiler (in target 'GoogleUtilities-AppDelegateSwizzler' from project 'GoogleUtilities')
    cd /Users/aryazaeri/Desktop/BestBefore/BestBefore_V2/ios/BestBefore_Prototype_IOS/BestBefore_Prototype_IOS.xcodeproj
    
    Using response file: /Users/aryazaeri/Library/Developer/Xcode/DerivedData/BestBefore_Prototype_IOS-gbnddpnjsvathjdutdcktjqecxgh/Build/Intermediates.noindex/GoogleUtilities.build/Debug-iphonesimulator/GoogleUtilities-AppDelegateSwizzler.build/Objects-normal/arm64/e6072d4f65d7061329687fe24e3d63a7-common-args.resp
    
    builtin-ScanDependencies -o /Users/aryazaeri/Library/Developer/Xcode/DerivedData/BestBefore_Prototype_IOS-gbnddpnjsvathjdutdcktjqecxgh/Build/Intermediates.noindex/GoogleUtilities.build/Debug-iphonesimulator/GoogleUtilities-AppDelegateSwizzler.build/Objects-normal/arm64/GULSceneDelegateSwizzler.o.scan -- /Applications/Xcode.app/Contents/Developer/Toolchains/XcodeDefault.xctoolchain/usr/bin/clang -x objective-c -ivfsstatcache /Users/aryazaeri/Library/Developer/Xcode/DerivedData/SDKStatCaches.noindex/iphonesimulator26.2-23C53-7d00a8b37fbd7999ea79df8ebc024bf0.sdkstatcache -fmessage-length\=0 -fdiagnostics-show-note-include-stack -fmacro-backtrace-limit\=0 -fno-color-diagnostics -fmodules-prune-interval\=86400 -fmodules-prune-after\=345600 -fbuild-session-file\=/Users/aryazaeri/Library/Developer/Xcode/DerivedData/ModuleCache.noindex/Session.modulevalidation -fmodules-validate-once-per-build-session -Wnon-modular-include-in-framework-module -Werror\=non-modular-include-in-framework-module -Wno-trigraphs -Wno-missing-field-initializers -Wno-missing-prototypes -Wno-return-type -Wno-implicit-atomic-properties -Wno-objc-interface-ivars -Wno-arc-repeated-use-of-weak -Wno-missing-braces -Wparentheses -Wswitch -Wno-unused-function -Wno-unused-label -Wno-unused-parameter -Wno-unused-variable -Wunused-value -Wno-empty-body -Wno-uninitialized -Wno-unknown-pragmas -w -Wno-shadow -Wno-four-char-constants -Wno-conversion -Wno-constant-conversion -Wno-int-conversion -Wno-bool-conversion -Wno-enum-conversion -Wno-float-conversion -Wno-non-literal-null-conversion -Wno-objc-literal-conversion -Wshorten-64-to-32 -Wpointer-sign -Wno-newline-eof -Wno-selector -Wno-strict-selector-match -Wno-undeclared-selector -Wno-deprecated-implementations -Wno-implicit-fallthrough -fstrict-aliasing -Wprotocol -Wdeprecated-declarations -Wno-sign-conversion -Wno-infinite-recursion -Wno-comma -Wno-block-capture-autoreleasing -Wno-strict-prototypes -Wno-semicolon-before-method-body -index-store-path /Users/aryazaeri/Library/Developer/Xcode/DerivedData/BestBefore_Prototype_IOS-gbnddpnjsvathjdutdcktjqecxgh/Index.noindex/DataStore @/Users/aryazaeri/Library/Developer/Xcode/DerivedData/BestBefore_Prototype_IOS-gbnddpnjsvathjdutdcktjqecxgh/Build/Intermediates.noindex/GoogleUtilities.build/Debug-iphonesimulator/GoogleUtilities-AppDelegateSwizzler.build/Objects-normal/arm64/e6072d4f65d7061329687fe24e3d63a7-common-args.resp -include /Users/aryazaeri/Library/Developer/Xcode/DerivedData/BestBefore_Prototype_IOS-gbnddpnjsvathjdutdcktjqecxgh/Build/Intermediates.noindex/GoogleUtilities.build/Debug-iphonesimulator/GoogleUtilities-AppDelegateSwizzler.build/DerivedSources/resource_bundle_accessor.h -MMD -MT dependencies -MF /Users/aryazaeri/Library/Developer/Xcode/DerivedData/BestBefore_Prototype_IOS-gbnddpnjsvathjdutdcktjqecxgh/Build/Intermediates.noindex/GoogleUtilities.build/Debug-iphonesimulator/GoogleUtilities-AppDelegateSwizzler.build/Objects-normal/arm64/GULSceneDelegateSwizzler.d --serialize-diagnostics /Users/aryazaeri/Library/Developer/Xcode/DerivedData/BestBefore_Prototype_IOS-gbnddpnjsvathjdutdcktjqecxgh/Build/Intermediates.noindex/GoogleUtilities.build/Debug-iphonesimulator/GoogleUtilities-AppDelegateSwizzler.build/Objects-normal/arm64/GULSceneDelegateSwizzler.dia -c /Users/aryazaeri/Library/Developer/Xcode/DerivedData/BestBefore_Prototype_IOS-gbnddpnjsvathjdutdcktjqecxgh/SourcePackages/checkouts/GoogleUtilities/GoogleUtilities/AppDelegateSwizzler/GULSceneDelegateSwizzler.m -o /Users/aryazaeri/Library/Developer/Xcode/DerivedData/BestBefore_Prototype_IOS-gbnddpnjsvathjdutdcktjqecxgh/Build/Intermediates.noindex/GoogleUtilities.build/Debug-iphonesimulator/GoogleUtilities-AppDelegateSwizzler.build/Objects-normal/arm64/GULSceneDelegateSwizzler.o -index-unit-output-path /GoogleUtilities.build/Debug-iphonesimulator/GoogleUtilities-AppDelegateSwizzler.build/Objects-normal/arm64/GULSceneDelegateSwizzler.o

ScanDependencies /Users/aryazaeri/Library/Developer/Xcode/DerivedData/BestBefore_Prototype_IOS-gbnddpnjsvathjdutdcktjqecxgh/Build/Intermediates.noindex/GoogleUtilities.build/Debug-iphonesimulator/GoogleUtilities-AppDelegateSwizzler.build/Objects-normal/arm64/GULAppDelegateSwizzler.o /Users/aryazaeri/Library/Developer/Xcode/DerivedData/BestBefore_Prototype_IOS-gbnddpnjsvathjdutdcktjqecxgh/SourcePackages/checkouts/GoogleUtilities/GoogleUtilities/AppDelegateSwizzler/GULAppDelegateSwizzler.m normal arm64 objective-c com.apple.compilers.llvm.clang.1_0.compiler (in target 'GoogleUtilities-AppDelegateSwizzler' from project 'GoogleUtilities')
    cd /Users/aryazaeri/Desktop/BestBefore/BestBefore_V2/ios/BestBefore_Prototype_IOS/BestBefore_Prototype_IOS.xcodeproj
    
    Using response file: /Users/aryazaeri/Library/Developer/Xcode/DerivedData/BestBefore_Prototype_IOS-gbnddpnjsvathjdutdcktjqecxgh/Build/Intermediates.noindex/GoogleUtilities.build/Debug-iphonesimulator/GoogleUtilities-AppDelegateSwizzler.build/Objects-normal/arm64/e6072d4f65d7061329687fe24e3d63a7-common-args.resp
    
    builtin-ScanDependencies -o /Users/aryazaeri/Library/Developer/Xcode/DerivedData/BestBefore_Prototype_IOS-gbnddpnjsvathjdutdcktjqecxgh/Build/Intermediates.noindex/GoogleUtilities.build/Debug-iphonesimulator/GoogleUtilities-AppDelegateSwizzler.build/Objects-normal/arm64/GULAppDelegateSwizzler.o.scan -- /Applications/Xcode.app/Contents/Developer/Toolchains/XcodeDefault.xctoolchain/usr/bin/clang -x objective-c -ivfsstatcache /Users/aryazaeri/Library/Developer/Xcode/DerivedData/SDKStatCaches.noindex/iphonesimulator26.2-23C53-7d00a8b37fbd7999ea79df8ebc024bf0.sdkstatcache -fmessage-length\=0 -fdiagnostics-show-note-include-stack -fmacro-backtrace-limit\=0 -fno-color-diagnostics -fmodules-prune-interval\=86400 -fmodules-prune-after\=345600 -fbuild-session-file\=/Users/aryazaeri/Library/Developer/Xcode/DerivedData/ModuleCache.noindex/Session.modulevalidation -fmodules-validate-once-per-build-session -Wnon-modular-include-in-framework-module -Werror\=non-modular-include-in-framework-module -Wno-trigraphs -Wno-missing-field-initializers -Wno-missing-prototypes -Wno-return-type -Wno-implicit-atomic-properties -Wno-objc-interface-ivars -Wno-arc-repeated-use-of-weak -Wno-missing-braces -Wparentheses -Wswitch -Wno-unused-function -Wno-unused-label -Wno-unused-parameter -Wno-unused-variable -Wunused-value -Wno-empty-body -Wno-uninitialized -Wno-unknown-pragmas -w -Wno-shadow -Wno-four-char-constants -Wno-conversion -Wno-constant-conversion -Wno-int-conversion -Wno-bool-conversion -Wno-enum-conversion -Wno-float-conversion -Wno-non-literal-null-conversion -Wno-objc-literal-conversion -Wshorten-64-to-32 -Wpointer-sign -Wno-newline-eof -Wno-selector -Wno-strict-selector-match -Wno-undeclared-selector -Wno-deprecated-implementations -Wno-implicit-fallthrough -fstrict-aliasing -Wprotocol -Wdeprecated-declarations -Wno-sign-conversion -Wno-infinite-recursion -Wno-comma -Wno-block-capture-autoreleasing -Wno-strict-prototypes -Wno-semicolon-before-method-body -index-store-path /Users/aryazaeri/Library/Developer/Xcode/DerivedData/BestBefore_Prototype_IOS-gbnddpnjsvathjdutdcktjqecxgh/Index.noindex/DataStore @/Users/aryazaeri/Library/Developer/Xcode/DerivedData/BestBefore_Prototype_IOS-gbnddpnjsvathjdutdcktjqecxgh/Build/Intermediates.noindex/GoogleUtilities.build/Debug-iphonesimulator/GoogleUtilities-AppDelegateSwizzler.build/Objects-normal/arm64/e6072d4f65d7061329687fe24e3d63a7-common-args.resp -include /Users/aryazaeri/Library/Developer/Xcode/DerivedData/BestBefore_Prototype_IOS-gbnddpnjsvathjdutdcktjqecxgh/Build/Intermediates.noindex/GoogleUtilities.build/Debug-iphonesimulator/GoogleUtilities-AppDelegateSwizzler.build/DerivedSources/resource_bundle_accessor.h -MMD -MT dependencies -MF /Users/aryazaeri/Library/Developer/Xcode/DerivedData/BestBefore_Prototype_IOS-gbnddpnjsvathjdutdcktjqecxgh/Build/Intermediates.noindex/GoogleUtilities.build/Debug-iphonesimulator/GoogleUtilities-AppDelegateSwizzler.build/Objects-normal/arm64/GULAppDelegateSwizzler.d --serialize-diagnostics /Users/aryazaeri/Library/Developer/Xcode/DerivedData/BestBefore_Prototype_IOS-gbnddpnjsvathjdutdcktjqecxgh/Build/Intermediates.noindex/GoogleUtilities.build/Debug-iphonesimulator/GoogleUtilities-AppDelegateSwizzler.build/Objects-normal/arm64/GULAppDelegateSwizzler.dia -c /Users/aryazaeri/Library/Developer/Xcode/DerivedData/BestBefore_Prototype_IOS-gbnddpnjsvathjdutdcktjqecxgh/SourcePackages/checkouts/GoogleUtilities/GoogleUtilities/AppDelegateSwizzler/GULAppDelegateSwizzler.m -o /Users/aryazaeri/Library/Developer/Xcode/DerivedData/BestBefore_Prototype_IOS-gbnddpnjsvathjdutdcktjqecxgh/Build/Intermediates.noindex/GoogleUtilities.build/Debug-iphonesimulator/GoogleUtilities-AppDelegateSwizzler.build/Objects-normal/arm64/GULAppDelegateSwizzler.o -index-unit-output-path /GoogleUtilities.build/Debug-iphonesimulator/GoogleUtilities-AppDelegateSwizzler.build/Objects-normal/arm64/GULAppDelegateSwizzler.o

Ld /Users/aryazaeri/Library/Developer/Xcode/DerivedData/BestBefore_Prototype_IOS-gbnddpnjsvathjdutdcktjqecxgh/Build/Intermediates.noindex/Firebase.build/Debug-iphonesimulator/FirebaseCore.build/Objects-normal/x86_64/Binary/FirebaseCore.o normal x86_64 (in target 'FirebaseCore' from project 'Firebase')
    cd /Users/aryazaeri/Library/Developer/Xcode/DerivedData/BestBefore_Prototype_IOS-gbnddpnjsvathjdutdcktjqecxgh/SourcePackages/checkouts/firebase-ios-sdk
    /Applications/Xcode.app/Contents/Developer/Toolchains/XcodeDefault.xctoolchain/usr/bin/clang -Xlinker -reproducible -target x86_64-apple-ios15.0-simulator -r -isysroot /Applications/Xcode.app/Contents/Developer/Platforms/iPhoneSimulator.platform/Developer/SDKs/iPhoneSimulator26.2.sdk -O0 -w -L/Users/aryazaeri/Library/Developer/Xcode/DerivedData/BestBefore_Prototype_IOS-gbnddpnjsvathjdutdcktjqecxgh/Build/Intermediates.noindex/EagerLinkingTBDs/Debug-iphonesimulator -L/Users/aryazaeri/Library/Developer/Xcode/DerivedData/BestBefore_Prototype_IOS-gbnddpnjsvathjdutdcktjqecxgh/Build/Products/Debug-iphonesimulator -L/Applications/Xcode.app/Contents/Developer/Platforms/iPhoneSimulator.platform/Developer/usr/lib -F/Users/aryazaeri/Library/Developer/Xcode/DerivedData/BestBefore_Prototype_IOS-gbnddpnjsvathjdutdcktjqecxgh/Build/Intermediates.noindex/EagerLinkingTBDs/Debug-iphonesimulator -F/Users/aryazaeri/Library/Developer/Xcode/DerivedData/BestBefore_Prototype_IOS-gbnddpnjsvathjdutdcktjqecxgh/Build/Products/Debug-iphonesimulator/PackageFrameworks -F/Users/aryazaeri/Library/Developer/Xcode/DerivedData/BestBefore_Prototype_IOS-gbnddpnjsvathjdutdcktjqecxgh/Build/Products/Debug-iphonesimulator/PackageFrameworks -F/Users/aryazaeri/Library/Developer/Xcode/DerivedData/BestBefore_Prototype_IOS-gbnddpnjsvathjdutdcktjqecxgh/Build/Products/Debug-iphonesimulator/PackageFrameworks -F/Users/aryazaeri/Library/Developer/Xcode/DerivedData/BestBefore_Prototype_IOS-gbnddpnjsvathjdutdcktjqecxgh/Build/Products/Debug-iphonesimulator/PackageFrameworks -F/Users/aryazaeri/Library/Developer/Xcode/DerivedData/BestBefore_Prototype_IOS-gbnddpnjsvathjdutdcktjqecxgh/Build/Products/Debug-iphonesimulator/PackageFrameworks -F/Users/aryazaeri/Library/Developer/Xcode/DerivedData/BestBefore_Prototype_IOS-gbnddpnjsvathjdutdcktjqecxgh/Build/Products/Debug-iphonesimulator/PackageFrameworks -F/Users/aryazaeri/Library/Developer/Xcode/DerivedData/BestBefore_Prototype_IOS-gbnddpnjsvathjdutdcktjqecxgh/Build/Products/Debug-iphonesimulator -iframework /Applications/Xcode.app/Contents/Developer/Platforms/iPhoneSimulator.platform/Developer/Library/Frameworks -iframework /Applications/Xcode.app/Contents/Developer/Platforms/iPhoneSimulator.platform/Developer/SDKs/iPhoneSimulator26.2.sdk/Developer/Library/Frameworks -filelist /Users/aryazaeri/Library/Developer/Xcode/DerivedData/BestBefore_Prototype_IOS-gbnddpnjsvathjdutdcktjqecxgh/Build/Intermediates.noindex/Firebase.build/Debug-iphonesimulator/FirebaseCore.build/Objects-normal/x86_64/FirebaseCore.LinkFileList -nostdlib -Xlinker -object_path_lto -Xlinker /Users/aryazaeri/Library/Developer/Xcode/DerivedData/BestBefore_Prototype_IOS-gbnddpnjsvathjdutdcktjqecxgh/Build/Intermediates.noindex/Firebase.build/Debug-iphonesimulator/FirebaseCore.build/Objects-normal/x86_64/FirebaseCore_lto.o -rdynamic -Xlinker -no_deduplicate -Xlinker -objc_abi_version -Xlinker 2 -Xlinker -dependency_info -Xlinker /Users/aryazaeri/Library/Developer/Xcode/DerivedData/BestBefore_Prototype_IOS-gbnddpnjsvathjdutdcktjqecxgh/Build/Intermediates.noindex/Firebase.build/Debug-iphonesimulator/FirebaseCore.build/Objects-normal/x86_64/FirebaseCore_dependency_info.dat -fobjc-arc -fobjc-link-runtime -o /Users/aryazaeri/Library/Developer/Xcode/DerivedData/BestBefore_Prototype_IOS-gbnddpnjsvathjdutdcktjqecxgh/Build/Intermediates.noindex/Firebase.build/Debug-iphonesimulator/FirebaseCore.build/Objects-normal/x86_64/Binary/FirebaseCore.o

ScanDependencies /Users/aryazaeri/Library/Developer/Xcode/DerivedData/BestBefore_Prototype_IOS-gbnddpnjsvathjdutdcktjqecxgh/Build/Intermediates.noindex/Firebase.build/Debug-iphonesimulator/FirebaseCore.build/Objects-normal/arm64/resource_bundle_accessor.o /Users/aryazaeri/Library/Developer/Xcode/DerivedData/BestBefore_Prototype_IOS-gbnddpnjsvathjdutdcktjqecxgh/Build/Intermediates.noindex/Firebase.build/Debug-iphonesimulator/FirebaseCore.build/DerivedSources/resource_bundle_accessor.m normal arm64 objective-c com.apple.compilers.llvm.clang.1_0.compiler (in target 'FirebaseCore' from project 'Firebase')
    cd /Users/aryazaeri/Desktop/BestBefore/BestBefore_V2/ios/BestBefore_Prototype_IOS/BestBefore_Prototype_IOS.xcodeproj
    
    Using response file: /Users/aryazaeri/Library/Developer/Xcode/DerivedData/BestBefore_Prototype_IOS-gbnddpnjsvathjdutdcktjqecxgh/Build/Intermediates.noindex/Firebase.build/Debug-iphonesimulator/FirebaseCore.build/Objects-normal/arm64/e6072d4f65d7061329687fe24e3d63a7-common-args.resp
    
    builtin-ScanDependencies -o /Users/aryazaeri/Library/Developer/Xcode/DerivedData/BestBefore_Prototype_IOS-gbnddpnjsvathjdutdcktjqecxgh/Build/Intermediates.noindex/Firebase.build/Debug-iphonesimulator/FirebaseCore.build/Objects-normal/arm64/resource_bundle_accessor.o.scan -- /Applications/Xcode.app/Contents/Developer/Toolchains/XcodeDefault.xctoolchain/usr/bin/clang -x objective-c -ivfsstatcache /Users/aryazaeri/Library/Developer/Xcode/DerivedData/SDKStatCaches.noindex/iphonesimulator26.2-23C53-7d00a8b37fbd7999ea79df8ebc024bf0.sdkstatcache -fmessage-length\=0 -fdiagnostics-show-note-include-stack -fmacro-backtrace-limit\=0 -fno-color-diagnostics -fmodules-prune-interval\=86400 -fmodules-prune-after\=345600 -fbuild-session-file\=/Users/aryazaeri/Library/Developer/Xcode/DerivedData/ModuleCache.noindex/Session.modulevalidation -fmodules-validate-once-per-build-session -Wnon-modular-include-in-framework-module -Werror\=non-modular-include-in-framework-module -Wno-trigraphs -Wno-missing-field-initializers -Wno-missing-prototypes -Wno-return-type -Wno-implicit-atomic-properties -Wno-objc-interface-ivars -Wno-arc-repeated-use-of-weak -Wno-missing-braces -Wparentheses -Wswitch -Wno-unused-function -Wno-unused-label -Wno-unused-parameter -Wno-unused-variable -Wunused-value -Wno-empty-body -Wno-uninitialized -Wno-unknown-pragmas -w -Wno-shadow -Wno-four-char-constants -Wno-conversion -Wno-constant-conversion -Wno-int-conversion -Wno-bool-conversion -Wno-enum-conversion -Wno-float-conversion -Wno-non-literal-null-conversion -Wno-objc-literal-conversion -Wshorten-64-to-32 -Wpointer-sign -Wno-newline-eof -Wno-selector -Wno-strict-selector-match -Wno-undeclared-selector -Wno-deprecated-implementations -Wno-implicit-fallthrough -fstrict-aliasing -Wprotocol -Wdeprecated-declarations -Wno-sign-conversion -Wno-infinite-recursion -Wno-comma -Wno-block-capture-autoreleasing -Wno-strict-prototypes -Wno-semicolon-before-method-body -index-store-path /Users/aryazaeri/Library/Developer/Xcode/DerivedData/BestBefore_Prototype_IOS-gbnddpnjsvathjdutdcktjqecxgh/Index.noindex/DataStore @/Users/aryazaeri/Library/Developer/Xcode/DerivedData/BestBefore_Prototype_IOS-gbnddpnjsvathjdutdcktjqecxgh/Build/Intermediates.noindex/Firebase.build/Debug-iphonesimulator/FirebaseCore.build/Objects-normal/arm64/e6072d4f65d7061329687fe24e3d63a7-common-args.resp -include /Users/aryazaeri/Library/Developer/Xcode/DerivedData/BestBefore_Prototype_IOS-gbnddpnjsvathjdutdcktjqecxgh/Build/Intermediates.noindex/Firebase.build/Debug-iphonesimulator/FirebaseCore.build/DerivedSources/resource_bundle_accessor.h -MMD -MT dependencies -MF /Users/aryazaeri/Library/Developer/Xcode/DerivedData/BestBefore_Prototype_IOS-gbnddpnjsvathjdutdcktjqecxgh/Build/Intermediates.noindex/Firebase.build/Debug-iphonesimulator/FirebaseCore.build/Objects-normal/arm64/resource_bundle_accessor.d --serialize-diagnostics /Users/aryazaeri/Library/Developer/Xcode/DerivedData/BestBefore_Prototype_IOS-gbnddpnjsvathjdutdcktjqecxgh/Build/Intermediates.noindex/Firebase.build/Debug-iphonesimulator/FirebaseCore.build/Objects-normal/arm64/resource_bundle_accessor.dia -c /Users/aryazaeri/Library/Developer/Xcode/DerivedData/BestBefore_Prototype_IOS-gbnddpnjsvathjdutdcktjqecxgh/Build/Intermediates.noindex/Firebase.build/Debug-iphonesimulator/FirebaseCore.build/DerivedSources/resource_bundle_accessor.m -o /Users/aryazaeri/Library/Developer/Xcode/DerivedData/BestBefore_Prototype_IOS-gbnddpnjsvathjdutdcktjqecxgh/Build/Intermediates.noindex/Firebase.build/Debug-iphonesimulator/FirebaseCore.build/Objects-normal/arm64/resource_bundle_accessor.o -index-unit-output-path /Firebase.build/Debug-iphonesimulator/FirebaseCore.build/Objects-normal/arm64/resource_bundle_accessor.o

PrecompileModule /Users/aryazaeri/Library/Developer/Xcode/DerivedData/BestBefore_Prototype_IOS-gbnddpnjsvathjdutdcktjqecxgh/Build/Intermediates.noindex/ExplicitPrecompiledModules/GoogleUtilities_Network-9CF2BL55ABLBO8QYOUW2TQY8X.scan
    cd /
    builtin-precompileModule /Users/aryazaeri/Library/Developer/Xcode/DerivedData/BestBefore_Prototype_IOS-gbnddpnjsvathjdutdcktjqecxgh/Build/Intermediates.noindex/ExplicitPrecompiledModules/GoogleUtilities_Network-9CF2BL55ABLBO8QYOUW2TQY8X.scan

PrecompileModule /Users/aryazaeri/Library/Developer/Xcode/DerivedData/BestBefore_Prototype_IOS-gbnddpnjsvathjdutdcktjqecxgh/Build/Intermediates.noindex/ExplicitPrecompiledModules/GoogleUtilities_Environment-7QCH0S8JNVFRMQWMVI1U8QM07.scan
    cd /
    builtin-precompileModule /Users/aryazaeri/Library/Developer/Xcode/DerivedData/BestBefore_Prototype_IOS-gbnddpnjsvathjdutdcktjqecxgh/Build/Intermediates.noindex/ExplicitPrecompiledModules/GoogleUtilities_Environment-7QCH0S8JNVFRMQWMVI1U8QM07.scan

CompileC /Users/aryazaeri/Library/Developer/Xcode/DerivedData/BestBefore_Prototype_IOS-gbnddpnjsvathjdutdcktjqecxgh/Build/Intermediates.noindex/Firebase.build/Debug-iphonesimulator/FirebaseCore.build/Objects-normal/arm64/resource_bundle_accessor.o /Users/aryazaeri/Library/Developer/Xcode/DerivedData/BestBefore_Prototype_IOS-gbnddpnjsvathjdutdcktjqecxgh/Build/Intermediates.noindex/Firebase.build/Debug-iphonesimulator/FirebaseCore.build/DerivedSources/resource_bundle_accessor.m normal arm64 objective-c com.apple.compilers.llvm.clang.1_0.compiler (in target 'FirebaseCore' from project 'Firebase')
    cd /Users/aryazaeri/Desktop/BestBefore/BestBefore_V2/ios/BestBefore_Prototype_IOS/BestBefore_Prototype_IOS.xcodeproj
    
    Using response file: /Users/aryazaeri/Library/Developer/Xcode/DerivedData/BestBefore_Prototype_IOS-gbnddpnjsvathjdutdcktjqecxgh/Build/Intermediates.noindex/Firebase.build/Debug-iphonesimulator/FirebaseCore.build/Objects-normal/arm64/e6072d4f65d7061329687fe24e3d63a7-common-args.resp
    
    /Applications/Xcode.app/Contents/Developer/Toolchains/XcodeDefault.xctoolchain/usr/bin/clang -x objective-c -ivfsstatcache /Users/aryazaeri/Library/Developer/Xcode/DerivedData/SDKStatCaches.noindex/iphonesimulator26.2-23C53-7d00a8b37fbd7999ea79df8ebc024bf0.sdkstatcache -fmessage-length\=0 -fdiagnostics-show-note-include-stack -fmacro-backtrace-limit\=0 -fno-color-diagnostics -fmodules-prune-interval\=86400 -fmodules-prune-after\=345600 -fbuild-session-file\=/Users/aryazaeri/Library/Developer/Xcode/DerivedData/ModuleCache.noindex/Session.modulevalidation -fmodules-validate-once-per-build-session -Wnon-modular-include-in-framework-module -Werror\=non-modular-include-in-framework-module -Wno-trigraphs -Wno-missing-field-initializers -Wno-missing-prototypes -Wno-return-type -Wno-implicit-atomic-properties -Wno-objc-interface-ivars -Wno-arc-repeated-use-of-weak -Wno-missing-braces -Wparentheses -Wswitch -Wno-unused-function -Wno-unused-label -Wno-unused-parameter -Wno-unused-variable -Wunused-value -Wno-empty-body -Wno-uninitialized -Wno-unknown-pragmas -w -Wno-shadow -Wno-four-char-constants -Wno-conversion -Wno-constant-conversion -Wno-int-conversion -Wno-bool-conversion -Wno-enum-conversion -Wno-float-conversion -Wno-non-literal-null-conversion -Wno-objc-literal-conversion -Wshorten-64-to-32 -Wpointer-sign -Wno-newline-eof -Wno-selector -Wno-strict-selector-match -Wno-undeclared-selector -Wno-deprecated-implementations -Wno-implicit-fallthrough -fstrict-aliasing -Wprotocol -Wdeprecated-declarations -Wno-sign-conversion -Wno-infinite-recursion -Wno-comma -Wno-block-capture-autoreleasing -Wno-strict-prototypes -Wno-semicolon-before-method-body -index-store-path /Users/aryazaeri/Library/Developer/Xcode/DerivedData/BestBefore_Prototype_IOS-gbnddpnjsvathjdutdcktjqecxgh/Index.noindex/DataStore @/Users/aryazaeri/Library/Developer/Xcode/DerivedData/BestBefore_Prototype_IOS-gbnddpnjsvathjdutdcktjqecxgh/Build/Intermediates.noindex/Firebase.build/Debug-iphonesimulator/FirebaseCore.build/Objects-normal/arm64/e6072d4f65d7061329687fe24e3d63a7-common-args.resp -include /Users/aryazaeri/Library/Developer/Xcode/DerivedData/BestBefore_Prototype_IOS-gbnddpnjsvathjdutdcktjqecxgh/Build/Intermediates.noindex/Firebase.build/Debug-iphonesimulator/FirebaseCore.build/DerivedSources/resource_bundle_accessor.h -MMD -MT dependencies -MF /Users/aryazaeri/Library/Developer/Xcode/DerivedData/BestBefore_Prototype_IOS-gbnddpnjsvathjdutdcktjqecxgh/Build/Intermediates.noindex/Firebase.build/Debug-iphonesimulator/FirebaseCore.build/Objects-normal/arm64/resource_bundle_accessor.d --serialize-diagnostics /Users/aryazaeri/Library/Developer/Xcode/DerivedData/BestBefore_Prototype_IOS-gbnddpnjsvathjdutdcktjqecxgh/Build/Intermediates.noindex/Firebase.build/Debug-iphonesimulator/FirebaseCore.build/Objects-normal/arm64/resource_bundle_accessor.dia -c /Users/aryazaeri/Library/Developer/Xcode/DerivedData/BestBefore_Prototype_IOS-gbnddpnjsvathjdutdcktjqecxgh/Build/Intermediates.noindex/Firebase.build/Debug-iphonesimulator/FirebaseCore.build/DerivedSources/resource_bundle_accessor.m -o /Users/aryazaeri/Library/Developer/Xcode/DerivedData/BestBefore_Prototype_IOS-gbnddpnjsvathjdutdcktjqecxgh/Build/Intermediates.noindex/Firebase.build/Debug-iphonesimulator/FirebaseCore.build/Objects-normal/arm64/resource_bundle_accessor.o -index-unit-output-path /Firebase.build/Debug-iphonesimulator/FirebaseCore.build/Objects-normal/arm64/resource_bundle_accessor.o

CompileC /Users/aryazaeri/Library/Developer/Xcode/DerivedData/BestBefore_Prototype_IOS-gbnddpnjsvathjdutdcktjqecxgh/Build/Intermediates.noindex/GoogleUtilities.build/Debug-iphonesimulator/GoogleUtilities-AppDelegateSwizzler.build/Objects-normal/arm64/GULAppDelegateSwizzler.o /Users/aryazaeri/Library/Developer/Xcode/DerivedData/BestBefore_Prototype_IOS-gbnddpnjsvathjdutdcktjqecxgh/SourcePackages/checkouts/GoogleUtilities/GoogleUtilities/AppDelegateSwizzler/GULAppDelegateSwizzler.m normal arm64 objective-c com.apple.compilers.llvm.clang.1_0.compiler (in target 'GoogleUtilities-AppDelegateSwizzler' from project 'GoogleUtilities')
    cd /Users/aryazaeri/Desktop/BestBefore/BestBefore_V2/ios/BestBefore_Prototype_IOS/BestBefore_Prototype_IOS.xcodeproj
    
    Using response file: /Users/aryazaeri/Library/Developer/Xcode/DerivedData/BestBefore_Prototype_IOS-gbnddpnjsvathjdutdcktjqecxgh/Build/Intermediates.noindex/GoogleUtilities.build/Debug-iphonesimulator/GoogleUtilities-AppDelegateSwizzler.build/Objects-normal/arm64/e6072d4f65d7061329687fe24e3d63a7-common-args.resp
    
    /Applications/Xcode.app/Contents/Developer/Toolchains/XcodeDefault.xctoolchain/usr/bin/clang -x objective-c -ivfsstatcache /Users/aryazaeri/Library/Developer/Xcode/DerivedData/SDKStatCaches.noindex/iphonesimulator26.2-23C53-7d00a8b37fbd7999ea79df8ebc024bf0.sdkstatcache -fmessage-length\=0 -fdiagnostics-show-note-include-stack -fmacro-backtrace-limit\=0 -fno-color-diagnostics -fmodules-prune-interval\=86400 -fmodules-prune-after\=345600 -fbuild-session-file\=/Users/aryazaeri/Library/Developer/Xcode/DerivedData/ModuleCache.noindex/Session.modulevalidation -fmodules-validate-once-per-build-session -Wnon-modular-include-in-framework-module -Werror\=non-modular-include-in-framework-module -Wno-trigraphs -Wno-missing-field-initializers -Wno-missing-prototypes -Wno-return-type -Wno-implicit-atomic-properties -Wno-objc-interface-ivars -Wno-arc-repeated-use-of-weak -Wno-missing-braces -Wparentheses -Wswitch -Wno-unused-function -Wno-unused-label -Wno-unused-parameter -Wno-unused-variable -Wunused-value -Wno-empty-body -Wno-uninitialized -Wno-unknown-pragmas -w -Wno-shadow -Wno-four-char-constants -Wno-conversion -Wno-constant-conversion -Wno-int-conversion -Wno-bool-conversion -Wno-enum-conversion -Wno-float-conversion -Wno-non-literal-null-conversion -Wno-objc-literal-conversion -Wshorten-64-to-32 -Wpointer-sign -Wno-newline-eof -Wno-selector -Wno-strict-selector-match -Wno-undeclared-selector -Wno-deprecated-implementations -Wno-implicit-fallthrough -fstrict-aliasing -Wprotocol -Wdeprecated-declarations -Wno-sign-conversion -Wno-infinite-recursion -Wno-comma -Wno-block-capture-autoreleasing -Wno-strict-prototypes -Wno-semicolon-before-method-body -index-store-path /Users/aryazaeri/Library/Developer/Xcode/DerivedData/BestBefore_Prototype_IOS-gbnddpnjsvathjdutdcktjqecxgh/Index.noindex/DataStore @/Users/aryazaeri/Library/Developer/Xcode/DerivedData/BestBefore_Prototype_IOS-gbnddpnjsvathjdutdcktjqecxgh/Build/Intermediates.noindex/GoogleUtilities.build/Debug-iphonesimulator/GoogleUtilities-AppDelegateSwizzler.build/Objects-normal/arm64/e6072d4f65d7061329687fe24e3d63a7-common-args.resp -include /Users/aryazaeri/Library/Developer/Xcode/DerivedData/BestBefore_Prototype_IOS-gbnddpnjsvathjdutdcktjqecxgh/Build/Intermediates.noindex/GoogleUtilities.build/Debug-iphonesimulator/GoogleUtilities-AppDelegateSwizzler.build/DerivedSources/resource_bundle_accessor.h -MMD -MT dependencies -MF /Users/aryazaeri/Library/Developer/Xcode/DerivedData/BestBefore_Prototype_IOS-gbnddpnjsvathjdutdcktjqecxgh/Build/Intermediates.noindex/GoogleUtilities.build/Debug-iphonesimulator/GoogleUtilities-AppDelegateSwizzler.build/Objects-normal/arm64/GULAppDelegateSwizzler.d --serialize-diagnostics /Users/aryazaeri/Library/Developer/Xcode/DerivedData/BestBefore_Prototype_IOS-gbnddpnjsvathjdutdcktjqecxgh/Build/Intermediates.noindex/GoogleUtilities.build/Debug-iphonesimulator/GoogleUtilities-AppDelegateSwizzler.build/Objects-normal/arm64/GULAppDelegateSwizzler.dia -c /Users/aryazaeri/Library/Developer/Xcode/DerivedData/BestBefore_Prototype_IOS-gbnddpnjsvathjdutdcktjqecxgh/SourcePackages/checkouts/GoogleUtilities/GoogleUtilities/AppDelegateSwizzler/GULAppDelegateSwizzler.m -o /Users/aryazaeri/Library/Developer/Xcode/DerivedData/BestBefore_Prototype_IOS-gbnddpnjsvathjdutdcktjqecxgh/Build/Intermediates.noindex/GoogleUtilities.build/Debug-iphonesimulator/GoogleUtilities-AppDelegateSwizzler.build/Objects-normal/arm64/GULAppDelegateSwizzler.o -index-unit-output-path /GoogleUtilities.build/Debug-iphonesimulator/GoogleUtilities-AppDelegateSwizzler.build/Objects-normal/arm64/GULAppDelegateSwizzler.o

CompileC /Users/aryazaeri/Library/Developer/Xcode/DerivedData/BestBefore_Prototype_IOS-gbnddpnjsvathjdutdcktjqecxgh/Build/Intermediates.noindex/GoogleUtilities.build/Debug-iphonesimulator/GoogleUtilities-AppDelegateSwizzler.build/Objects-normal/arm64/GULSceneDelegateSwizzler.o /Users/aryazaeri/Library/Developer/Xcode/DerivedData/BestBefore_Prototype_IOS-gbnddpnjsvathjdutdcktjqecxgh/SourcePackages/checkouts/GoogleUtilities/GoogleUtilities/AppDelegateSwizzler/GULSceneDelegateSwizzler.m normal arm64 objective-c com.apple.compilers.llvm.clang.1_0.compiler (in target 'GoogleUtilities-AppDelegateSwizzler' from project 'GoogleUtilities')
    cd /Users/aryazaeri/Desktop/BestBefore/BestBefore_V2/ios/BestBefore_Prototype_IOS/BestBefore_Prototype_IOS.xcodeproj
    
    Using response file: /Users/aryazaeri/Library/Developer/Xcode/DerivedData/BestBefore_Prototype_IOS-gbnddpnjsvathjdutdcktjqecxgh/Build/Intermediates.noindex/GoogleUtilities.build/Debug-iphonesimulator/GoogleUtilities-AppDelegateSwizzler.build/Objects-normal/arm64/e6072d4f65d7061329687fe24e3d63a7-common-args.resp
    
    /Applications/Xcode.app/Contents/Developer/Toolchains/XcodeDefault.xctoolchain/usr/bin/clang -x objective-c -ivfsstatcache /Users/aryazaeri/Library/Developer/Xcode/DerivedData/SDKStatCaches.noindex/iphonesimulator26.2-23C53-7d00a8b37fbd7999ea79df8ebc024bf0.sdkstatcache -fmessage-length\=0 -fdiagnostics-show-note-include-stack -fmacro-backtrace-limit\=0 -fno-color-diagnostics -fmodules-prune-interval\=86400 -fmodules-prune-after\=345600 -fbuild-session-file\=/Users/aryazaeri/Library/Developer/Xcode/DerivedData/ModuleCache.noindex/Session.modulevalidation -fmodules-validate-once-per-build-session -Wnon-modular-include-in-framework-module -Werror\=non-modular-include-in-framework-module -Wno-trigraphs -Wno-missing-field-initializers -Wno-missing-prototypes -Wno-return-type -Wno-implicit-atomic-properties -Wno-objc-interface-ivars -Wno-arc-repeated-use-of-weak -Wno-missing-braces -Wparentheses -Wswitch -Wno-unused-function -Wno-unused-label -Wno-unused-parameter -Wno-unused-variable -Wunused-value -Wno-empty-body -Wno-uninitialized -Wno-unknown-pragmas -w -Wno-shadow -Wno-four-char-constants -Wno-conversion -Wno-constant-conversion -Wno-int-conversion -Wno-bool-conversion -Wno-enum-conversion -Wno-float-conversion -Wno-non-literal-null-conversion -Wno-objc-literal-conversion -Wshorten-64-to-32 -Wpointer-sign -Wno-newline-eof -Wno-selector -Wno-strict-selector-match -Wno-undeclared-selector -Wno-deprecated-implementations -Wno-implicit-fallthrough -fstrict-aliasing -Wprotocol -Wdeprecated-declarations -Wno-sign-conversion -Wno-infinite-recursion -Wno-comma -Wno-block-capture-autoreleasing -Wno-strict-prototypes -Wno-semicolon-before-method-body -index-store-path /Users/aryazaeri/Library/Developer/Xcode/DerivedData/BestBefore_Prototype_IOS-gbnddpnjsvathjdutdcktjqecxgh/Index.noindex/DataStore @/Users/aryazaeri/Library/Developer/Xcode/DerivedData/BestBefore_Prototype_IOS-gbnddpnjsvathjdutdcktjqecxgh/Build/Intermediates.noindex/GoogleUtilities.build/Debug-iphonesimulator/GoogleUtilities-AppDelegateSwizzler.build/Objects-normal/arm64/e6072d4f65d7061329687fe24e3d63a7-common-args.resp -include /Users/aryazaeri/Library/Developer/Xcode/DerivedData/BestBefore_Prototype_IOS-gbnddpnjsvathjdutdcktjqecxgh/Build/Intermediates.noindex/GoogleUtilities.build/Debug-iphonesimulator/GoogleUtilities-AppDelegateSwizzler.build/DerivedSources/resource_bundle_accessor.h -MMD -MT dependencies -MF /Users/aryazaeri/Library/Developer/Xcode/DerivedData/BestBefore_Prototype_IOS-gbnddpnjsvathjdutdcktjqecxgh/Build/Intermediates.noindex/GoogleUtilities.build/Debug-iphonesimulator/GoogleUtilities-AppDelegateSwizzler.build/Objects-normal/arm64/GULSceneDelegateSwizzler.d --serialize-diagnostics /Users/aryazaeri/Library/Developer/Xcode/DerivedData/BestBefore_Prototype_IOS-gbnddpnjsvathjdutdcktjqecxgh/Build/Intermediates.noindex/GoogleUtilities.build/Debug-iphonesimulator/GoogleUtilities-AppDelegateSwizzler.build/Objects-normal/arm64/GULSceneDelegateSwizzler.dia -c /Users/aryazaeri/Library/Developer/Xcode/DerivedData/BestBefore_Prototype_IOS-gbnddpnjsvathjdutdcktjqecxgh/SourcePackages/checkouts/GoogleUtilities/GoogleUtilities/AppDelegateSwizzler/GULSceneDelegateSwizzler.m -o /Users/aryazaeri/Library/Developer/Xcode/DerivedData/BestBefore_Prototype_IOS-gbnddpnjsvathjdutdcktjqecxgh/Build/Intermediates.noindex/GoogleUtilities.build/Debug-iphonesimulator/GoogleUtilities-AppDelegateSwizzler.build/Objects-normal/arm64/GULSceneDelegateSwizzler.o -index-unit-output-path /GoogleUtilities.build/Debug-iphonesimulator/GoogleUtilities-AppDelegateSwizzler.build/Objects-normal/arm64/GULSceneDelegateSwizzler.o

ScanDependencies /Users/aryazaeri/Library/Developer/Xcode/DerivedData/BestBefore_Prototype_IOS-gbnddpnjsvathjdutdcktjqecxgh/Build/Intermediates.noindex/Firebase.build/Debug-iphonesimulator/FirebaseCore.build/Objects-normal/arm64/FIRVersion.o /Users/aryazaeri/Library/Developer/Xcode/DerivedData/BestBefore_Prototype_IOS-gbnddpnjsvathjdutdcktjqecxgh/SourcePackages/checkouts/firebase-ios-sdk/FirebaseCore/Sources/FIRVersion.m normal arm64 objective-c com.apple.compilers.llvm.clang.1_0.compiler (in target 'FirebaseCore' from project 'Firebase')
    cd /Users/aryazaeri/Desktop/BestBefore/BestBefore_V2/ios/BestBefore_Prototype_IOS/BestBefore_Prototype_IOS.xcodeproj
    
    Using response file: /Users/aryazaeri/Library/Developer/Xcode/DerivedData/BestBefore_Prototype_IOS-gbnddpnjsvathjdutdcktjqecxgh/Build/Intermediates.noindex/Firebase.build/Debug-iphonesimulator/FirebaseCore.build/Objects-normal/arm64/e6072d4f65d7061329687fe24e3d63a7-common-args.resp
    
    builtin-ScanDependencies -o /Users/aryazaeri/Library/Developer/Xcode/DerivedData/BestBefore_Prototype_IOS-gbnddpnjsvathjdutdcktjqecxgh/Build/Intermediates.noindex/Firebase.build/Debug-iphonesimulator/FirebaseCore.build/Objects-normal/arm64/FIRVersion.o.scan -- /Applications/Xcode.app/Contents/Developer/Toolchains/XcodeDefault.xctoolchain/usr/bin/clang -x objective-c -ivfsstatcache /Users/aryazaeri/Library/Developer/Xcode/DerivedData/SDKStatCaches.noindex/iphonesimulator26.2-23C53-7d00a8b37fbd7999ea79df8ebc024bf0.sdkstatcache -fmessage-length\=0 -fdiagnostics-show-note-include-stack -fmacro-backtrace-limit\=0 -fno-color-diagnostics -fmodules-prune-interval\=86400 -fmodules-prune-after\=345600 -fbuild-session-file\=/Users/aryazaeri/Library/Developer/Xcode/DerivedData/ModuleCache.noindex/Session.modulevalidation -fmodules-validate-once-per-build-session -Wnon-modular-include-in-framework-module -Werror\=non-modular-include-in-framework-module -Wno-trigraphs -Wno-missing-field-initializers -Wno-missing-prototypes -Wno-return-type -Wno-implicit-atomic-properties -Wno-objc-interface-ivars -Wno-arc-repeated-use-of-weak -Wno-missing-braces -Wparentheses -Wswitch -Wno-unused-function -Wno-unused-label -Wno-unused-parameter -Wno-unused-variable -Wunused-value -Wno-empty-body -Wno-uninitialized -Wno-unknown-pragmas -w -Wno-shadow -Wno-four-char-constants -Wno-conversion -Wno-constant-conversion -Wno-int-conversion -Wno-bool-conversion -Wno-enum-conversion -Wno-float-conversion -Wno-non-literal-null-conversion -Wno-objc-literal-conversion -Wshorten-64-to-32 -Wpointer-sign -Wno-newline-eof -Wno-selector -Wno-strict-selector-match -Wno-undeclared-selector -Wno-deprecated-implementations -Wno-implicit-fallthrough -fstrict-aliasing -Wprotocol -Wdeprecated-declarations -Wno-sign-conversion -Wno-infinite-recursion -Wno-comma -Wno-block-capture-autoreleasing -Wno-strict-prototypes -Wno-semicolon-before-method-body -index-store-path /Users/aryazaeri/Library/Developer/Xcode/DerivedData/BestBefore_Prototype_IOS-gbnddpnjsvathjdutdcktjqecxgh/Index.noindex/DataStore @/Users/aryazaeri/Library/Developer/Xcode/DerivedData/BestBefore_Prototype_IOS-gbnddpnjsvathjdutdcktjqecxgh/Build/Intermediates.noindex/Firebase.build/Debug-iphonesimulator/FirebaseCore.build/Objects-normal/arm64/e6072d4f65d7061329687fe24e3d63a7-common-args.resp -include /Users/aryazaeri/Library/Developer/Xcode/DerivedData/BestBefore_Prototype_IOS-gbnddpnjsvathjdutdcktjqecxgh/Build/Intermediates.noindex/Firebase.build/Debug-iphonesimulator/FirebaseCore.build/DerivedSources/resource_bundle_accessor.h -MMD -MT dependencies -MF /Users/aryazaeri/Library/Developer/Xcode/DerivedData/BestBefore_Prototype_IOS-gbnddpnjsvathjdutdcktjqecxgh/Build/Intermediates.noindex/Firebase.build/Debug-iphonesimulator/FirebaseCore.build/Objects-normal/arm64/FIRVersion.d --serialize-diagnostics /Users/aryazaeri/Library/Developer/Xcode/DerivedData/BestBefore_Prototype_IOS-gbnddpnjsvathjdutdcktjqecxgh/Build/Intermediates.noindex/Firebase.build/Debug-iphonesimulator/FirebaseCore.build/Objects-normal/arm64/FIRVersion.dia -c /Users/aryazaeri/Library/Developer/Xcode/DerivedData/BestBefore_Prototype_IOS-gbnddpnjsvathjdutdcktjqecxgh/SourcePackages/checkouts/firebase-ios-sdk/FirebaseCore/Sources/FIRVersion.m -o /Users/aryazaeri/Library/Developer/Xcode/DerivedData/BestBefore_Prototype_IOS-gbnddpnjsvathjdutdcktjqecxgh/Build/Intermediates.noindex/Firebase.build/Debug-iphonesimulator/FirebaseCore.build/Objects-normal/arm64/FIRVersion.o -index-unit-output-path /Firebase.build/Debug-iphonesimulator/FirebaseCore.build/Objects-normal/arm64/FIRVersion.o

ScanDependencies /Users/aryazaeri/Library/Developer/Xcode/DerivedData/BestBefore_Prototype_IOS-gbnddpnjsvathjdutdcktjqecxgh/Build/Intermediates.noindex/Firebase.build/Debug-iphonesimulator/FirebaseCore.build/Objects-normal/arm64/FIRLogger.o /Users/aryazaeri/Library/Developer/Xcode/DerivedData/BestBefore_Prototype_IOS-gbnddpnjsvathjdutdcktjqecxgh/SourcePackages/checkouts/firebase-ios-sdk/FirebaseCore/Sources/FIRLogger.m normal arm64 objective-c com.apple.compilers.llvm.clang.1_0.compiler (in target 'FirebaseCore' from project 'Firebase')
    cd /Users/aryazaeri/Desktop/BestBefore/BestBefore_V2/ios/BestBefore_Prototype_IOS/BestBefore_Prototype_IOS.xcodeproj
    
    Using response file: /Users/aryazaeri/Library/Developer/Xcode/DerivedData/BestBefore_Prototype_IOS-gbnddpnjsvathjdutdcktjqecxgh/Build/Intermediates.noindex/Firebase.build/Debug-iphonesimulator/FirebaseCore.build/Objects-normal/arm64/e6072d4f65d7061329687fe24e3d63a7-common-args.resp
    
    builtin-ScanDependencies -o /Users/aryazaeri/Library/Developer/Xcode/DerivedData/BestBefore_Prototype_IOS-gbnddpnjsvathjdutdcktjqecxgh/Build/Intermediates.noindex/Firebase.build/Debug-iphonesimulator/FirebaseCore.build/Objects-normal/arm64/FIRLogger.o.scan -- /Applications/Xcode.app/Contents/Developer/Toolchains/XcodeDefault.xctoolchain/usr/bin/clang -x objective-c -ivfsstatcache /Users/aryazaeri/Library/Developer/Xcode/DerivedData/SDKStatCaches.noindex/iphonesimulator26.2-23C53-7d00a8b37fbd7999ea79df8ebc024bf0.sdkstatcache -fmessage-length\=0 -fdiagnostics-show-note-include-stack -fmacro-backtrace-limit\=0 -fno-color-diagnostics -fmodules-prune-interval\=86400 -fmodules-prune-after\=345600 -fbuild-session-file\=/Users/aryazaeri/Library/Developer/Xcode/DerivedData/ModuleCache.noindex/Session.modulevalidation -fmodules-validate-once-per-build-session -Wnon-modular-include-in-framework-module -Werror\=non-modular-include-in-framework-module -Wno-trigraphs -Wno-missing-field-initializers -Wno-missing-prototypes -Wno-return-type -Wno-implicit-atomic-properties -Wno-objc-interface-ivars -Wno-arc-repeated-use-of-weak -Wno-missing-braces -Wparentheses -Wswitch -Wno-unused-function -Wno-unused-label -Wno-unused-parameter -Wno-unused-variable -Wunused-value -Wno-empty-body -Wno-uninitialized -Wno-unknown-pragmas -w -Wno-shadow -Wno-four-char-constants -Wno-conversion -Wno-constant-conversion -Wno-int-conversion -Wno-bool-conversion -Wno-enum-conversion -Wno-float-conversion -Wno-non-literal-null-conversion -Wno-objc-literal-conversion -Wshorten-64-to-32 -Wpointer-sign -Wno-newline-eof -Wno-selector -Wno-strict-selector-match -Wno-undeclared-selector -Wno-deprecated-implementations -Wno-implicit-fallthrough -fstrict-aliasing -Wprotocol -Wdeprecated-declarations -Wno-sign-conversion -Wno-infinite-recursion -Wno-comma -Wno-block-capture-autoreleasing -Wno-strict-prototypes -Wno-semicolon-before-method-body -index-store-path /Users/aryazaeri/Library/Developer/Xcode/DerivedData/BestBefore_Prototype_IOS-gbnddpnjsvathjdutdcktjqecxgh/Index.noindex/DataStore @/Users/aryazaeri/Library/Developer/Xcode/DerivedData/BestBefore_Prototype_IOS-gbnddpnjsvathjdutdcktjqecxgh/Build/Intermediates.noindex/Firebase.build/Debug-iphonesimulator/FirebaseCore.build/Objects-normal/arm64/e6072d4f65d7061329687fe24e3d63a7-common-args.resp -include /Users/aryazaeri/Library/Developer/Xcode/DerivedData/BestBefore_Prototype_IOS-gbnddpnjsvathjdutdcktjqecxgh/Build/Intermediates.noindex/Firebase.build/Debug-iphonesimulator/FirebaseCore.build/DerivedSources/resource_bundle_accessor.h -MMD -MT dependencies -MF /Users/aryazaeri/Library/Developer/Xcode/DerivedData/BestBefore_Prototype_IOS-gbnddpnjsvathjdutdcktjqecxgh/Build/Intermediates.noindex/Firebase.build/Debug-iphonesimulator/FirebaseCore.build/Objects-normal/arm64/FIRLogger.d --serialize-diagnostics /Users/aryazaeri/Library/Developer/Xcode/DerivedData/BestBefore_Prototype_IOS-gbnddpnjsvathjdutdcktjqecxgh/Build/Intermediates.noindex/Firebase.build/Debug-iphonesimulator/FirebaseCore.build/Objects-normal/arm64/FIRLogger.dia -c /Users/aryazaeri/Library/Developer/Xcode/DerivedData/BestBefore_Prototype_IOS-gbnddpnjsvathjdutdcktjqecxgh/SourcePackages/checkouts/firebase-ios-sdk/FirebaseCore/Sources/FIRLogger.m -o /Users/aryazaeri/Library/Developer/Xcode/DerivedData/BestBefore_Prototype_IOS-gbnddpnjsvathjdutdcktjqecxgh/Build/Intermediates.noindex/Firebase.build/Debug-iphonesimulator/FirebaseCore.build/Objects-normal/arm64/FIRLogger.o -index-unit-output-path /Firebase.build/Debug-iphonesimulator/FirebaseCore.build/Objects-normal/arm64/FIRLogger.o

ScanDependencies /Users/aryazaeri/Library/Developer/Xcode/DerivedData/BestBefore_Prototype_IOS-gbnddpnjsvathjdutdcktjqecxgh/Build/Intermediates.noindex/Firebase.build/Debug-iphonesimulator/FirebaseCore.build/Objects-normal/arm64/FIROptions.o /Users/aryazaeri/Library/Developer/Xcode/DerivedData/BestBefore_Prototype_IOS-gbnddpnjsvathjdutdcktjqecxgh/SourcePackages/checkouts/firebase-ios-sdk/FirebaseCore/Sources/FIROptions.m normal arm64 objective-c com.apple.compilers.llvm.clang.1_0.compiler (in target 'FirebaseCore' from project 'Firebase')
    cd /Users/aryazaeri/Desktop/BestBefore/BestBefore_V2/ios/BestBefore_Prototype_IOS/BestBefore_Prototype_IOS.xcodeproj
    
    Using response file: /Users/aryazaeri/Library/Developer/Xcode/DerivedData/BestBefore_Prototype_IOS-gbnddpnjsvathjdutdcktjqecxgh/Build/Intermediates.noindex/Firebase.build/Debug-iphonesimulator/FirebaseCore.build/Objects-normal/arm64/e6072d4f65d7061329687fe24e3d63a7-common-args.resp
    
    builtin-ScanDependencies -o /Users/aryazaeri/Library/Developer/Xcode/DerivedData/BestBefore_Prototype_IOS-gbnddpnjsvathjdutdcktjqecxgh/Build/Intermediates.noindex/Firebase.build/Debug-iphonesimulator/FirebaseCore.build/Objects-normal/arm64/FIROptions.o.scan -- /Applications/Xcode.app/Contents/Developer/Toolchains/XcodeDefault.xctoolchain/usr/bin/clang -x objective-c -ivfsstatcache /Users/aryazaeri/Library/Developer/Xcode/DerivedData/SDKStatCaches.noindex/iphonesimulator26.2-23C53-7d00a8b37fbd7999ea79df8ebc024bf0.sdkstatcache -fmessage-length\=0 -fdiagnostics-show-note-include-stack -fmacro-backtrace-limit\=0 -fno-color-diagnostics -fmodules-prune-interval\=86400 -fmodules-prune-after\=345600 -fbuild-session-file\=/Users/aryazaeri/Library/Developer/Xcode/DerivedData/ModuleCache.noindex/Session.modulevalidation -fmodules-validate-once-per-build-session -Wnon-modular-include-in-framework-module -Werror\=non-modular-include-in-framework-module -Wno-trigraphs -Wno-missing-field-initializers -Wno-missing-prototypes -Wno-return-type -Wno-implicit-atomic-properties -Wno-objc-interface-ivars -Wno-arc-repeated-use-of-weak -Wno-missing-braces -Wparentheses -Wswitch -Wno-unused-function -Wno-unused-label -Wno-unused-parameter -Wno-unused-variable -Wunused-value -Wno-empty-body -Wno-uninitialized -Wno-unknown-pragmas -w -Wno-shadow -Wno-four-char-constants -Wno-conversion -Wno-constant-conversion -Wno-int-conversion -Wno-bool-conversion -Wno-enum-conversion -Wno-float-conversion -Wno-non-literal-null-conversion -Wno-objc-literal-conversion -Wshorten-64-to-32 -Wpointer-sign -Wno-newline-eof -Wno-selector -Wno-strict-selector-match -Wno-undeclared-selector -Wno-deprecated-implementations -Wno-implicit-fallthrough -fstrict-aliasing -Wprotocol -Wdeprecated-declarations -Wno-sign-conversion -Wno-infinite-recursion -Wno-comma -Wno-block-capture-autoreleasing -Wno-strict-prototypes -Wno-semicolon-before-method-body -index-store-path /Users/aryazaeri/Library/Developer/Xcode/DerivedData/BestBefore_Prototype_IOS-gbnddpnjsvathjdutdcktjqecxgh/Index.noindex/DataStore @/Users/aryazaeri/Library/Developer/Xcode/DerivedData/BestBefore_Prototype_IOS-gbnddpnjsvathjdutdcktjqecxgh/Build/Intermediates.noindex/Firebase.build/Debug-iphonesimulator/FirebaseCore.build/Objects-normal/arm64/e6072d4f65d7061329687fe24e3d63a7-common-args.resp -include /Users/aryazaeri/Library/Developer/Xcode/DerivedData/BestBefore_Prototype_IOS-gbnddpnjsvathjdutdcktjqecxgh/Build/Intermediates.noindex/Firebase.build/Debug-iphonesimulator/FirebaseCore.build/DerivedSources/resource_bundle_accessor.h -MMD -MT dependencies -MF /Users/aryazaeri/Library/Developer/Xcode/DerivedData/BestBefore_Prototype_IOS-gbnddpnjsvathjdutdcktjqecxgh/Build/Intermediates.noindex/Firebase.build/Debug-iphonesimulator/FirebaseCore.build/Objects-normal/arm64/FIROptions.d --serialize-diagnostics /Users/aryazaeri/Library/Developer/Xcode/DerivedData/BestBefore_Prototype_IOS-gbnddpnjsvathjdutdcktjqecxgh/Build/Intermediates.noindex/Firebase.build/Debug-iphonesimulator/FirebaseCore.build/Objects-normal/arm64/FIROptions.dia -c /Users/aryazaeri/Library/Developer/Xcode/DerivedData/BestBefore_Prototype_IOS-gbnddpnjsvathjdutdcktjqecxgh/SourcePackages/checkouts/firebase-ios-sdk/FirebaseCore/Sources/FIROptions.m -o /Users/aryazaeri/Library/Developer/Xcode/DerivedData/BestBefore_Prototype_IOS-gbnddpnjsvathjdutdcktjqecxgh/Build/Intermediates.noindex/Firebase.build/Debug-iphonesimulator/FirebaseCore.build/Objects-normal/arm64/FIROptions.o -index-unit-output-path /Firebase.build/Debug-iphonesimulator/FirebaseCore.build/Objects-normal/arm64/FIROptions.o

ScanDependencies /Users/aryazaeri/Library/Developer/Xcode/DerivedData/BestBefore_Prototype_IOS-gbnddpnjsvathjdutdcktjqecxgh/Build/Intermediates.noindex/Firebase.build/Debug-iphonesimulator/FirebaseCore.build/Objects-normal/arm64/FIRTimestamp.o /Users/aryazaeri/Library/Developer/Xcode/DerivedData/BestBefore_Prototype_IOS-gbnddpnjsvathjdutdcktjqecxgh/SourcePackages/checkouts/firebase-ios-sdk/FirebaseCore/Sources/FIRTimestamp.m normal arm64 objective-c com.apple.compilers.llvm.clang.1_0.compiler (in target 'FirebaseCore' from project 'Firebase')
    cd /Users/aryazaeri/Desktop/BestBefore/BestBefore_V2/ios/BestBefore_Prototype_IOS/BestBefore_Prototype_IOS.xcodeproj
    
    Using response file: /Users/aryazaeri/Library/Developer/Xcode/DerivedData/BestBefore_Prototype_IOS-gbnddpnjsvathjdutdcktjqecxgh/Build/Intermediates.noindex/Firebase.build/Debug-iphonesimulator/FirebaseCore.build/Objects-normal/arm64/e6072d4f65d7061329687fe24e3d63a7-common-args.resp
    
    builtin-ScanDependencies -o /Users/aryazaeri/Library/Developer/Xcode/DerivedData/BestBefore_Prototype_IOS-gbnddpnjsvathjdutdcktjqecxgh/Build/Intermediates.noindex/Firebase.build/Debug-iphonesimulator/FirebaseCore.build/Objects-normal/arm64/FIRTimestamp.o.scan -- /Applications/Xcode.app/Contents/Developer/Toolchains/XcodeDefault.xctoolchain/usr/bin/clang -x objective-c -ivfsstatcache /Users/aryazaeri/Library/Developer/Xcode/DerivedData/SDKStatCaches.noindex/iphonesimulator26.2-23C53-7d00a8b37fbd7999ea79df8ebc024bf0.sdkstatcache -fmessage-length\=0 -fdiagnostics-show-note-include-stack -fmacro-backtrace-limit\=0 -fno-color-diagnostics -fmodules-prune-interval\=86400 -fmodules-prune-after\=345600 -fbuild-session-file\=/Users/aryazaeri/Library/Developer/Xcode/DerivedData/ModuleCache.noindex/Session.modulevalidation -fmodules-validate-once-per-build-session -Wnon-modular-include-in-framework-module -Werror\=non-modular-include-in-framework-module -Wno-trigraphs -Wno-missing-field-initializers -Wno-missing-prototypes -Wno-return-type -Wno-implicit-atomic-properties -Wno-objc-interface-ivars -Wno-arc-repeated-use-of-weak -Wno-missing-braces -Wparentheses -Wswitch -Wno-unused-function -Wno-unused-label -Wno-unused-parameter -Wno-unused-variable -Wunused-value -Wno-empty-body -Wno-uninitialized -Wno-unknown-pragmas -w -Wno-shadow -Wno-four-char-constants -Wno-conversion -Wno-constant-conversion -Wno-int-conversion -Wno-bool-conversion -Wno-enum-conversion -Wno-float-conversion -Wno-non-literal-null-conversion -Wno-objc-literal-conversion -Wshorten-64-to-32 -Wpointer-sign -Wno-newline-eof -Wno-selector -Wno-strict-selector-match -Wno-undeclared-selector -Wno-deprecated-implementations -Wno-implicit-fallthrough -fstrict-aliasing -Wprotocol -Wdeprecated-declarations -Wno-sign-conversion -Wno-infinite-recursion -Wno-comma -Wno-block-capture-autoreleasing -Wno-strict-prototypes -Wno-semicolon-before-method-body -index-store-path /Users/aryazaeri/Library/Developer/Xcode/DerivedData/BestBefore_Prototype_IOS-gbnddpnjsvathjdutdcktjqecxgh/Index.noindex/DataStore @/Users/aryazaeri/Library/Developer/Xcode/DerivedData/BestBefore_Prototype_IOS-gbnddpnjsvathjdutdcktjqecxgh/Build/Intermediates.noindex/Firebase.build/Debug-iphonesimulator/FirebaseCore.build/Objects-normal/arm64/e6072d4f65d7061329687fe24e3d63a7-common-args.resp -include /Users/aryazaeri/Library/Developer/Xcode/DerivedData/BestBefore_Prototype_IOS-gbnddpnjsvathjdutdcktjqecxgh/Build/Intermediates.noindex/Firebase.build/Debug-iphonesimulator/FirebaseCore.build/DerivedSources/resource_bundle_accessor.h -MMD -MT dependencies -MF /Users/aryazaeri/Library/Developer/Xcode/DerivedData/BestBefore_Prototype_IOS-gbnddpnjsvathjdutdcktjqecxgh/Build/Intermediates.noindex/Firebase.build/Debug-iphonesimulator/FirebaseCore.build/Objects-normal/arm64/FIRTimestamp.d --serialize-diagnostics /Users/aryazaeri/Library/Developer/Xcode/DerivedData/BestBefore_Prototype_IOS-gbnddpnjsvathjdutdcktjqecxgh/Build/Intermediates.noindex/Firebase.build/Debug-iphonesimulator/FirebaseCore.build/Objects-normal/arm64/FIRTimestamp.dia -c /Users/aryazaeri/Library/Developer/Xcode/DerivedData/BestBefore_Prototype_IOS-gbnddpnjsvathjdutdcktjqecxgh/SourcePackages/checkouts/firebase-ios-sdk/FirebaseCore/Sources/FIRTimestamp.m -o /Users/aryazaeri/Library/Developer/Xcode/DerivedData/BestBefore_Prototype_IOS-gbnddpnjsvathjdutdcktjqecxgh/Build/Intermediates.noindex/Firebase.build/Debug-iphonesimulator/FirebaseCore.build/Objects-normal/arm64/FIRTimestamp.o -index-unit-output-path /Firebase.build/Debug-iphonesimulator/FirebaseCore.build/Objects-normal/arm64/FIRTimestamp.o

ScanDependencies /Users/aryazaeri/Library/Developer/Xcode/DerivedData/BestBefore_Prototype_IOS-gbnddpnjsvathjdutdcktjqecxgh/Build/Intermediates.noindex/Firebase.build/Debug-iphonesimulator/FirebaseCore.build/Objects-normal/arm64/FIRHeartbeatLogger.o /Users/aryazaeri/Library/Developer/Xcode/DerivedData/BestBefore_Prototype_IOS-gbnddpnjsvathjdutdcktjqecxgh/SourcePackages/checkouts/firebase-ios-sdk/FirebaseCore/Sources/FIRHeartbeatLogger.m normal arm64 objective-c com.apple.compilers.llvm.clang.1_0.compiler (in target 'FirebaseCore' from project 'Firebase')
    cd /Users/aryazaeri/Desktop/BestBefore/BestBefore_V2/ios/BestBefore_Prototype_IOS/BestBefore_Prototype_IOS.xcodeproj
    
    Using response file: /Users/aryazaeri/Library/Developer/Xcode/DerivedData/BestBefore_Prototype_IOS-gbnddpnjsvathjdutdcktjqecxgh/Build/Intermediates.noindex/Firebase.build/Debug-iphonesimulator/FirebaseCore.build/Objects-normal/arm64/e6072d4f65d7061329687fe24e3d63a7-common-args.resp
    
    builtin-ScanDependencies -o /Users/aryazaeri/Library/Developer/Xcode/DerivedData/BestBefore_Prototype_IOS-gbnddpnjsvathjdutdcktjqecxgh/Build/Intermediates.noindex/Firebase.build/Debug-iphonesimulator/FirebaseCore.build/Objects-normal/arm64/FIRHeartbeatLogger.o.scan -- /Applications/Xcode.app/Contents/Developer/Toolchains/XcodeDefault.xctoolchain/usr/bin/clang -x objective-c -ivfsstatcache /Users/aryazaeri/Library/Developer/Xcode/DerivedData/SDKStatCaches.noindex/iphonesimulator26.2-23C53-7d00a8b37fbd7999ea79df8ebc024bf0.sdkstatcache -fmessage-length\=0 -fdiagnostics-show-note-include-stack -fmacro-backtrace-limit\=0 -fno-color-diagnostics -fmodules-prune-interval\=86400 -fmodules-prune-after\=345600 -fbuild-session-file\=/Users/aryazaeri/Library/Developer/Xcode/DerivedData/ModuleCache.noindex/Session.modulevalidation -fmodules-validate-once-per-build-session -Wnon-modular-include-in-framework-module -Werror\=non-modular-include-in-framework-module -Wno-trigraphs -Wno-missing-field-initializers -Wno-missing-prototypes -Wno-return-type -Wno-implicit-atomic-properties -Wno-objc-interface-ivars -Wno-arc-repeated-use-of-weak -Wno-missing-braces -Wparentheses -Wswitch -Wno-unused-function -Wno-unused-label -Wno-unused-parameter -Wno-unused-variable -Wunused-value -Wno-empty-body -Wno-uninitialized -Wno-unknown-pragmas -w -Wno-shadow -Wno-four-char-constants -Wno-conversion -Wno-constant-conversion -Wno-int-conversion -Wno-bool-conversion -Wno-enum-conversion -Wno-float-conversion -Wno-non-literal-null-conversion -Wno-objc-literal-conversion -Wshorten-64-to-32 -Wpointer-sign -Wno-newline-eof -Wno-selector -Wno-strict-selector-match -Wno-undeclared-selector -Wno-deprecated-implementations -Wno-implicit-fallthrough -fstrict-aliasing -Wprotocol -Wdeprecated-declarations -Wno-sign-conversion -Wno-infinite-recursion -Wno-comma -Wno-block-capture-autoreleasing -Wno-strict-prototypes -Wno-semicolon-before-method-body -index-store-path /Users/aryazaeri/Library/Developer/Xcode/DerivedData/BestBefore_Prototype_IOS-gbnddpnjsvathjdutdcktjqecxgh/Index.noindex/DataStore @/Users/aryazaeri/Library/Developer/Xcode/DerivedData/BestBefore_Prototype_IOS-gbnddpnjsvathjdutdcktjqecxgh/Build/Intermediates.noindex/Firebase.build/Debug-iphonesimulator/FirebaseCore.build/Objects-normal/arm64/e6072d4f65d7061329687fe24e3d63a7-common-args.resp -include /Users/aryazaeri/Library/Developer/Xcode/DerivedData/BestBefore_Prototype_IOS-gbnddpnjsvathjdutdcktjqecxgh/Build/Intermediates.noindex/Firebase.build/Debug-iphonesimulator/FirebaseCore.build/DerivedSources/resource_bundle_accessor.h -MMD -MT dependencies -MF /Users/aryazaeri/Library/Developer/Xcode/DerivedData/BestBefore_Prototype_IOS-gbnddpnjsvathjdutdcktjqecxgh/Build/Intermediates.noindex/Firebase.build/Debug-iphonesimulator/FirebaseCore.build/Objects-normal/arm64/FIRHeartbeatLogger.d --serialize-diagnostics /Users/aryazaeri/Library/Developer/Xcode/DerivedData/BestBefore_Prototype_IOS-gbnddpnjsvathjdutdcktjqecxgh/Build/Intermediates.noindex/Firebase.build/Debug-iphonesimulator/FirebaseCore.build/Objects-normal/arm64/FIRHeartbeatLogger.dia -c /Users/aryazaeri/Library/Developer/Xcode/DerivedData/BestBefore_Prototype_IOS-gbnddpnjsvathjdutdcktjqecxgh/SourcePackages/checkouts/firebase-ios-sdk/FirebaseCore/Sources/FIRHeartbeatLogger.m -o /Users/aryazaeri/Library/Developer/Xcode/DerivedData/BestBefore_Prototype_IOS-gbnddpnjsvathjdutdcktjqecxgh/Build/Intermediates.noindex/Firebase.build/Debug-iphonesimulator/FirebaseCore.build/Objects-normal/arm64/FIRHeartbeatLogger.o -index-unit-output-path /Firebase.build/Debug-iphonesimulator/FirebaseCore.build/Objects-normal/arm64/FIRHeartbeatLogger.o

SwiftEmitModule normal x86_64 Emitting\ module\ for\ BestBefore_Prototype_IOS (in target 'BestBefore_Prototype_IOS' from project 'BestBefore_Prototype_IOS')
EmitSwiftModule normal x86_64 (in target 'BestBefore_Prototype_IOS' from project 'BestBefore_Prototype_IOS')
    cd /Users/aryazaeri/Desktop/BestBefore/BestBefore_V2/ios/BestBefore_Prototype_IOS
    

ScanDependencies /Users/aryazaeri/Library/Developer/Xcode/DerivedData/BestBefore_Prototype_IOS-gbnddpnjsvathjdutdcktjqecxgh/Build/Intermediates.noindex/Firebase.build/Debug-iphonesimulator/FirebaseCore.build/Objects-normal/arm64/FIRFirebaseUserAgent.o /Users/aryazaeri/Library/Developer/Xcode/DerivedData/BestBefore_Prototype_IOS-gbnddpnjsvathjdutdcktjqecxgh/SourcePackages/checkouts/firebase-ios-sdk/FirebaseCore/Sources/FIRFirebaseUserAgent.m normal arm64 objective-c com.apple.compilers.llvm.clang.1_0.compiler (in target 'FirebaseCore' from project 'Firebase')
    cd /Users/aryazaeri/Desktop/BestBefore/BestBefore_V2/ios/BestBefore_Prototype_IOS/BestBefore_Prototype_IOS.xcodeproj
    
    Using response file: /Users/aryazaeri/Library/Developer/Xcode/DerivedData/BestBefore_Prototype_IOS-gbnddpnjsvathjdutdcktjqecxgh/Build/Intermediates.noindex/Firebase.build/Debug-iphonesimulator/FirebaseCore.build/Objects-normal/arm64/e6072d4f65d7061329687fe24e3d63a7-common-args.resp
    
    builtin-ScanDependencies -o /Users/aryazaeri/Library/Developer/Xcode/DerivedData/BestBefore_Prototype_IOS-gbnddpnjsvathjdutdcktjqecxgh/Build/Intermediates.noindex/Firebase.build/Debug-iphonesimulator/FirebaseCore.build/Objects-normal/arm64/FIRFirebaseUserAgent.o.scan -- /Applications/Xcode.app/Contents/Developer/Toolchains/XcodeDefault.xctoolchain/usr/bin/clang -x objective-c -ivfsstatcache /Users/aryazaeri/Library/Developer/Xcode/DerivedData/SDKStatCaches.noindex/iphonesimulator26.2-23C53-7d00a8b37fbd7999ea79df8ebc024bf0.sdkstatcache -fmessage-length\=0 -fdiagnostics-show-note-include-stack -fmacro-backtrace-limit\=0 -fno-color-diagnostics -fmodules-prune-interval\=86400 -fmodules-prune-after\=345600 -fbuild-session-file\=/Users/aryazaeri/Library/Developer/Xcode/DerivedData/ModuleCache.noindex/Session.modulevalidation -fmodules-validate-once-per-build-session -Wnon-modular-include-in-framework-module -Werror\=non-modular-include-in-framework-module -Wno-trigraphs -Wno-missing-field-initializers -Wno-missing-prototypes -Wno-return-type -Wno-implicit-atomic-properties -Wno-objc-interface-ivars -Wno-arc-repeated-use-of-weak -Wno-missing-braces -Wparentheses -Wswitch -Wno-unused-function -Wno-unused-label -Wno-unused-parameter -Wno-unused-variable -Wunused-value -Wno-empty-body -Wno-uninitialized -Wno-unknown-pragmas -w -Wno-shadow -Wno-four-char-constants -Wno-conversion -Wno-constant-conversion -Wno-int-conversion -Wno-bool-conversion -Wno-enum-conversion -Wno-float-conversion -Wno-non-literal-null-conversion -Wno-objc-literal-conversion -Wshorten-64-to-32 -Wpointer-sign -Wno-newline-eof -Wno-selector -Wno-strict-selector-match -Wno-undeclared-selector -Wno-deprecated-implementations -Wno-implicit-fallthrough -fstrict-aliasing -Wprotocol -Wdeprecated-declarations -Wno-sign-conversion -Wno-infinite-recursion -Wno-comma -Wno-block-capture-autoreleasing -Wno-strict-prototypes -Wno-semicolon-before-method-body -index-store-path /Users/aryazaeri/Library/Developer/Xcode/DerivedData/BestBefore_Prototype_IOS-gbnddpnjsvathjdutdcktjqecxgh/Index.noindex/DataStore @/Users/aryazaeri/Library/Developer/Xcode/DerivedData/BestBefore_Prototype_IOS-gbnddpnjsvathjdutdcktjqecxgh/Build/Intermediates.noindex/Firebase.build/Debug-iphonesimulator/FirebaseCore.build/Objects-normal/arm64/e6072d4f65d7061329687fe24e3d63a7-common-args.resp -include /Users/aryazaeri/Library/Developer/Xcode/DerivedData/BestBefore_Prototype_IOS-gbnddpnjsvathjdutdcktjqecxgh/Build/Intermediates.noindex/Firebase.build/Debug-iphonesimulator/FirebaseCore.build/DerivedSources/resource_bundle_accessor.h -MMD -MT dependencies -MF /Users/aryazaeri/Library/Developer/Xcode/DerivedData/BestBefore_Prototype_IOS-gbnddpnjsvathjdutdcktjqecxgh/Build/Intermediates.noindex/Firebase.build/Debug-iphonesimulator/FirebaseCore.build/Objects-normal/arm64/FIRFirebaseUserAgent.d --serialize-diagnostics /Users/aryazaeri/Library/Developer/Xcode/DerivedData/BestBefore_Prototype_IOS-gbnddpnjsvathjdutdcktjqecxgh/Build/Intermediates.noindex/Firebase.build/Debug-iphonesimulator/FirebaseCore.build/Objects-normal/arm64/FIRFirebaseUserAgent.dia -c /Users/aryazaeri/Library/Developer/Xcode/DerivedData/BestBefore_Prototype_IOS-gbnddpnjsvathjdutdcktjqecxgh/SourcePackages/checkouts/firebase-ios-sdk/FirebaseCore/Sources/FIRFirebaseUserAgent.m -o /Users/aryazaeri/Library/Developer/Xcode/DerivedData/BestBefore_Prototype_IOS-gbnddpnjsvathjdutdcktjqecxgh/Build/Intermediates.noindex/Firebase.build/Debug-iphonesimulator/FirebaseCore.build/Objects-normal/arm64/FIRFirebaseUserAgent.o -index-unit-output-path /Firebase.build/Debug-iphonesimulator/FirebaseCore.build/Objects-normal/arm64/FIRFirebaseUserAgent.o

ScanDependencies /Users/aryazaeri/Library/Developer/Xcode/DerivedData/BestBefore_Prototype_IOS-gbnddpnjsvathjdutdcktjqecxgh/Build/Intermediates.noindex/Firebase.build/Debug-iphonesimulator/FirebaseCore.build/Objects-normal/arm64/FIRConfiguration.o /Users/aryazaeri/Library/Developer/Xcode/DerivedData/BestBefore_Prototype_IOS-gbnddpnjsvathjdutdcktjqecxgh/SourcePackages/checkouts/firebase-ios-sdk/FirebaseCore/Sources/FIRConfiguration.m normal arm64 objective-c com.apple.compilers.llvm.clang.1_0.compiler (in target 'FirebaseCore' from project 'Firebase')
    cd /Users/aryazaeri/Desktop/BestBefore/BestBefore_V2/ios/BestBefore_Prototype_IOS/BestBefore_Prototype_IOS.xcodeproj
    
    Using response file: /Users/aryazaeri/Library/Developer/Xcode/DerivedData/BestBefore_Prototype_IOS-gbnddpnjsvathjdutdcktjqecxgh/Build/Intermediates.noindex/Firebase.build/Debug-iphonesimulator/FirebaseCore.build/Objects-normal/arm64/e6072d4f65d7061329687fe24e3d63a7-common-args.resp
    
    builtin-ScanDependencies -o /Users/aryazaeri/Library/Developer/Xcode/DerivedData/BestBefore_Prototype_IOS-gbnddpnjsvathjdutdcktjqecxgh/Build/Intermediates.noindex/Firebase.build/Debug-iphonesimulator/FirebaseCore.build/Objects-normal/arm64/FIRConfiguration.o.scan -- /Applications/Xcode.app/Contents/Developer/Toolchains/XcodeDefault.xctoolchain/usr/bin/clang -x objective-c -ivfsstatcache /Users/aryazaeri/Library/Developer/Xcode/DerivedData/SDKStatCaches.noindex/iphonesimulator26.2-23C53-7d00a8b37fbd7999ea79df8ebc024bf0.sdkstatcache -fmessage-length\=0 -fdiagnostics-show-note-include-stack -fmacro-backtrace-limit\=0 -fno-color-diagnostics -fmodules-prune-interval\=86400 -fmodules-prune-after\=345600 -fbuild-session-file\=/Users/aryazaeri/Library/Developer/Xcode/DerivedData/ModuleCache.noindex/Session.modulevalidation -fmodules-validate-once-per-build-session -Wnon-modular-include-in-framework-module -Werror\=non-modular-include-in-framework-module -Wno-trigraphs -Wno-missing-field-initializers -Wno-missing-prototypes -Wno-return-type -Wno-implicit-atomic-properties -Wno-objc-interface-ivars -Wno-arc-repeated-use-of-weak -Wno-missing-braces -Wparentheses -Wswitch -Wno-unused-function -Wno-unused-label -Wno-unused-parameter -Wno-unused-variable -Wunused-value -Wno-empty-body -Wno-uninitialized -Wno-unknown-pragmas -w -Wno-shadow -Wno-four-char-constants -Wno-conversion -Wno-constant-conversion -Wno-int-conversion -Wno-bool-conversion -Wno-enum-conversion -Wno-float-conversion -Wno-non-literal-null-conversion -Wno-objc-literal-conversion -Wshorten-64-to-32 -Wpointer-sign -Wno-newline-eof -Wno-selector -Wno-strict-selector-match -Wno-undeclared-selector -Wno-deprecated-implementations -Wno-implicit-fallthrough -fstrict-aliasing -Wprotocol -Wdeprecated-declarations -Wno-sign-conversion -Wno-infinite-recursion -Wno-comma -Wno-block-capture-autoreleasing -Wno-strict-prototypes -Wno-semicolon-before-method-body -index-store-path /Users/aryazaeri/Library/Developer/Xcode/DerivedData/BestBefore_Prototype_IOS-gbnddpnjsvathjdutdcktjqecxgh/Index.noindex/DataStore @/Users/aryazaeri/Library/Developer/Xcode/DerivedData/BestBefore_Prototype_IOS-gbnddpnjsvathjdutdcktjqecxgh/Build/Intermediates.noindex/Firebase.build/Debug-iphonesimulator/FirebaseCore.build/Objects-normal/arm64/e6072d4f65d7061329687fe24e3d63a7-common-args.resp -include /Users/aryazaeri/Library/Developer/Xcode/DerivedData/BestBefore_Prototype_IOS-gbnddpnjsvathjdutdcktjqecxgh/Build/Intermediates.noindex/Firebase.build/Debug-iphonesimulator/FirebaseCore.build/DerivedSources/resource_bundle_accessor.h -MMD -MT dependencies -MF /Users/aryazaeri/Library/Developer/Xcode/DerivedData/BestBefore_Prototype_IOS-gbnddpnjsvathjdutdcktjqecxgh/Build/Intermediates.noindex/Firebase.build/Debug-iphonesimulator/FirebaseCore.build/Objects-normal/arm64/FIRConfiguration.d --serialize-diagnostics /Users/aryazaeri/Library/Developer/Xcode/DerivedData/BestBefore_Prototype_IOS-gbnddpnjsvathjdutdcktjqecxgh/Build/Intermediates.noindex/Firebase.build/Debug-iphonesimulator/FirebaseCore.build/Objects-normal/arm64/FIRConfiguration.dia -c /Users/aryazaeri/Library/Developer/Xcode/DerivedData/BestBefore_Prototype_IOS-gbnddpnjsvathjdutdcktjqecxgh/SourcePackages/checkouts/firebase-ios-sdk/FirebaseCore/Sources/FIRConfiguration.m -o /Users/aryazaeri/Library/Developer/Xcode/DerivedData/BestBefore_Prototype_IOS-gbnddpnjsvathjdutdcktjqecxgh/Build/Intermediates.noindex/Firebase.build/Debug-iphonesimulator/FirebaseCore.build/Objects-normal/arm64/FIRConfiguration.o -index-unit-output-path /Firebase.build/Debug-iphonesimulator/FirebaseCore.build/Objects-normal/arm64/FIRConfiguration.o

SwiftEmitModule normal arm64 Emitting\ module\ for\ BestBefore_Prototype_IOS (in target 'BestBefore_Prototype_IOS' from project 'BestBefore_Prototype_IOS')
EmitSwiftModule normal arm64 (in target 'BestBefore_Prototype_IOS' from project 'BestBefore_Prototype_IOS')
    cd /Users/aryazaeri/Desktop/BestBefore/BestBefore_V2/ios/BestBefore_Prototype_IOS
    

CompileC /Users/aryazaeri/Library/Developer/Xcode/DerivedData/BestBefore_Prototype_IOS-gbnddpnjsvathjdutdcktjqecxgh/Build/Intermediates.noindex/Firebase.build/Debug-iphonesimulator/FirebaseCore.build/Objects-normal/arm64/FIRVersion.o /Users/aryazaeri/Library/Developer/Xcode/DerivedData/BestBefore_Prototype_IOS-gbnddpnjsvathjdutdcktjqecxgh/SourcePackages/checkouts/firebase-ios-sdk/FirebaseCore/Sources/FIRVersion.m normal arm64 objective-c com.apple.compilers.llvm.clang.1_0.compiler (in target 'FirebaseCore' from project 'Firebase')
    cd /Users/aryazaeri/Desktop/BestBefore/BestBefore_V2/ios/BestBefore_Prototype_IOS/BestBefore_Prototype_IOS.xcodeproj
    
    Using response file: /Users/aryazaeri/Library/Developer/Xcode/DerivedData/BestBefore_Prototype_IOS-gbnddpnjsvathjdutdcktjqecxgh/Build/Intermediates.noindex/Firebase.build/Debug-iphonesimulator/FirebaseCore.build/Objects-normal/arm64/e6072d4f65d7061329687fe24e3d63a7-common-args.resp
    
    /Applications/Xcode.app/Contents/Developer/Toolchains/XcodeDefault.xctoolchain/usr/bin/clang -x objective-c -ivfsstatcache /Users/aryazaeri/Library/Developer/Xcode/DerivedData/SDKStatCaches.noindex/iphonesimulator26.2-23C53-7d00a8b37fbd7999ea79df8ebc024bf0.sdkstatcache -fmessage-length\=0 -fdiagnostics-show-note-include-stack -fmacro-backtrace-limit\=0 -fno-color-diagnostics -fmodules-prune-interval\=86400 -fmodules-prune-after\=345600 -fbuild-session-file\=/Users/aryazaeri/Library/Developer/Xcode/DerivedData/ModuleCache.noindex/Session.modulevalidation -fmodules-validate-once-per-build-session -Wnon-modular-include-in-framework-module -Werror\=non-modular-include-in-framework-module -Wno-trigraphs -Wno-missing-field-initializers -Wno-missing-prototypes -Wno-return-type -Wno-implicit-atomic-properties -Wno-objc-interface-ivars -Wno-arc-repeated-use-of-weak -Wno-missing-braces -Wparentheses -Wswitch -Wno-unused-function -Wno-unused-label -Wno-unused-parameter -Wno-unused-variable -Wunused-value -Wno-empty-body -Wno-uninitialized -Wno-unknown-pragmas -w -Wno-shadow -Wno-four-char-constants -Wno-conversion -Wno-constant-conversion -Wno-int-conversion -Wno-bool-conversion -Wno-enum-conversion -Wno-float-conversion -Wno-non-literal-null-conversion -Wno-objc-literal-conversion -Wshorten-64-to-32 -Wpointer-sign -Wno-newline-eof -Wno-selector -Wno-strict-selector-match -Wno-undeclared-selector -Wno-deprecated-implementations -Wno-implicit-fallthrough -fstrict-aliasing -Wprotocol -Wdeprecated-declarations -Wno-sign-conversion -Wno-infinite-recursion -Wno-comma -Wno-block-capture-autoreleasing -Wno-strict-prototypes -Wno-semicolon-before-method-body -index-store-path /Users/aryazaeri/Library/Developer/Xcode/DerivedData/BestBefore_Prototype_IOS-gbnddpnjsvathjdutdcktjqecxgh/Index.noindex/DataStore @/Users/aryazaeri/Library/Developer/Xcode/DerivedData/BestBefore_Prototype_IOS-gbnddpnjsvathjdutdcktjqecxgh/Build/Intermediates.noindex/Firebase.build/Debug-iphonesimulator/FirebaseCore.build/Objects-normal/arm64/e6072d4f65d7061329687fe24e3d63a7-common-args.resp -include /Users/aryazaeri/Library/Developer/Xcode/DerivedData/BestBefore_Prototype_IOS-gbnddpnjsvathjdutdcktjqecxgh/Build/Intermediates.noindex/Firebase.build/Debug-iphonesimulator/FirebaseCore.build/DerivedSources/resource_bundle_accessor.h -MMD -MT dependencies -MF /Users/aryazaeri/Library/Developer/Xcode/DerivedData/BestBefore_Prototype_IOS-gbnddpnjsvathjdutdcktjqecxgh/Build/Intermediates.noindex/Firebase.build/Debug-iphonesimulator/FirebaseCore.build/Objects-normal/arm64/FIRVersion.d --serialize-diagnostics /Users/aryazaeri/Library/Developer/Xcode/DerivedData/BestBefore_Prototype_IOS-gbnddpnjsvathjdutdcktjqecxgh/Build/Intermediates.noindex/Firebase.build/Debug-iphonesimulator/FirebaseCore.build/Objects-normal/arm64/FIRVersion.dia -c /Users/aryazaeri/Library/Developer/Xcode/DerivedData/BestBefore_Prototype_IOS-gbnddpnjsvathjdutdcktjqecxgh/SourcePackages/checkouts/firebase-ios-sdk/FirebaseCore/Sources/FIRVersion.m -o /Users/aryazaeri/Library/Developer/Xcode/DerivedData/BestBefore_Prototype_IOS-gbnddpnjsvathjdutdcktjqecxgh/Build/Intermediates.noindex/Firebase.build/Debug-iphonesimulator/FirebaseCore.build/Objects-normal/arm64/FIRVersion.o -index-unit-output-path /Firebase.build/Debug-iphonesimulator/FirebaseCore.build/Objects-normal/arm64/FIRVersion.o

CompileC /Users/aryazaeri/Library/Developer/Xcode/DerivedData/BestBefore_Prototype_IOS-gbnddpnjsvathjdutdcktjqecxgh/Build/Intermediates.noindex/Firebase.build/Debug-iphonesimulator/FirebaseCore.build/Objects-normal/arm64/FIRTimestamp.o /Users/aryazaeri/Library/Developer/Xcode/DerivedData/BestBefore_Prototype_IOS-gbnddpnjsvathjdutdcktjqecxgh/SourcePackages/checkouts/firebase-ios-sdk/FirebaseCore/Sources/FIRTimestamp.m normal arm64 objective-c com.apple.compilers.llvm.clang.1_0.compiler (in target 'FirebaseCore' from project 'Firebase')
    cd /Users/aryazaeri/Desktop/BestBefore/BestBefore_V2/ios/BestBefore_Prototype_IOS/BestBefore_Prototype_IOS.xcodeproj
    
    Using response file: /Users/aryazaeri/Library/Developer/Xcode/DerivedData/BestBefore_Prototype_IOS-gbnddpnjsvathjdutdcktjqecxgh/Build/Intermediates.noindex/Firebase.build/Debug-iphonesimulator/FirebaseCore.build/Objects-normal/arm64/e6072d4f65d7061329687fe24e3d63a7-common-args.resp
    
    /Applications/Xcode.app/Contents/Developer/Toolchains/XcodeDefault.xctoolchain/usr/bin/clang -x objective-c -ivfsstatcache /Users/aryazaeri/Library/Developer/Xcode/DerivedData/SDKStatCaches.noindex/iphonesimulator26.2-23C53-7d00a8b37fbd7999ea79df8ebc024bf0.sdkstatcache -fmessage-length\=0 -fdiagnostics-show-note-include-stack -fmacro-backtrace-limit\=0 -fno-color-diagnostics -fmodules-prune-interval\=86400 -fmodules-prune-after\=345600 -fbuild-session-file\=/Users/aryazaeri/Library/Developer/Xcode/DerivedData/ModuleCache.noindex/Session.modulevalidation -fmodules-validate-once-per-build-session -Wnon-modular-include-in-framework-module -Werror\=non-modular-include-in-framework-module -Wno-trigraphs -Wno-missing-field-initializers -Wno-missing-prototypes -Wno-return-type -Wno-implicit-atomic-properties -Wno-objc-interface-ivars -Wno-arc-repeated-use-of-weak -Wno-missing-braces -Wparentheses -Wswitch -Wno-unused-function -Wno-unused-label -Wno-unused-parameter -Wno-unused-variable -Wunused-value -Wno-empty-body -Wno-uninitialized -Wno-unknown-pragmas -w -Wno-shadow -Wno-four-char-constants -Wno-conversion -Wno-constant-conversion -Wno-int-conversion -Wno-bool-conversion -Wno-enum-conversion -Wno-float-conversion -Wno-non-literal-null-conversion -Wno-objc-literal-conversion -Wshorten-64-to-32 -Wpointer-sign -Wno-newline-eof -Wno-selector -Wno-strict-selector-match -Wno-undeclared-selector -Wno-deprecated-implementations -Wno-implicit-fallthrough -fstrict-aliasing -Wprotocol -Wdeprecated-declarations -Wno-sign-conversion -Wno-infinite-recursion -Wno-comma -Wno-block-capture-autoreleasing -Wno-strict-prototypes -Wno-semicolon-before-method-body -index-store-path /Users/aryazaeri/Library/Developer/Xcode/DerivedData/BestBefore_Prototype_IOS-gbnddpnjsvathjdutdcktjqecxgh/Index.noindex/DataStore @/Users/aryazaeri/Library/Developer/Xcode/DerivedData/BestBefore_Prototype_IOS-gbnddpnjsvathjdutdcktjqecxgh/Build/Intermediates.noindex/Firebase.build/Debug-iphonesimulator/FirebaseCore.build/Objects-normal/arm64/e6072d4f65d7061329687fe24e3d63a7-common-args.resp -include /Users/aryazaeri/Library/Developer/Xcode/DerivedData/BestBefore_Prototype_IOS-gbnddpnjsvathjdutdcktjqecxgh/Build/Intermediates.noindex/Firebase.build/Debug-iphonesimulator/FirebaseCore.build/DerivedSources/resource_bundle_accessor.h -MMD -MT dependencies -MF /Users/aryazaeri/Library/Developer/Xcode/DerivedData/BestBefore_Prototype_IOS-gbnddpnjsvathjdutdcktjqecxgh/Build/Intermediates.noindex/Firebase.build/Debug-iphonesimulator/FirebaseCore.build/Objects-normal/arm64/FIRTimestamp.d --serialize-diagnostics /Users/aryazaeri/Library/Developer/Xcode/DerivedData/BestBefore_Prototype_IOS-gbnddpnjsvathjdutdcktjqecxgh/Build/Intermediates.noindex/Firebase.build/Debug-iphonesimulator/FirebaseCore.build/Objects-normal/arm64/FIRTimestamp.dia -c /Users/aryazaeri/Library/Developer/Xcode/DerivedData/BestBefore_Prototype_IOS-gbnddpnjsvathjdutdcktjqecxgh/SourcePackages/checkouts/firebase-ios-sdk/FirebaseCore/Sources/FIRTimestamp.m -o /Users/aryazaeri/Library/Developer/Xcode/DerivedData/BestBefore_Prototype_IOS-gbnddpnjsvathjdutdcktjqecxgh/Build/Intermediates.noindex/Firebase.build/Debug-iphonesimulator/FirebaseCore.build/Objects-normal/arm64/FIRTimestamp.o -index-unit-output-path /Firebase.build/Debug-iphonesimulator/FirebaseCore.build/Objects-normal/arm64/FIRTimestamp.o

CompileC /Users/aryazaeri/Library/Developer/Xcode/DerivedData/BestBefore_Prototype_IOS-gbnddpnjsvathjdutdcktjqecxgh/Build/Intermediates.noindex/Firebase.build/Debug-iphonesimulator/FirebaseCore.build/Objects-normal/arm64/FIROptions.o /Users/aryazaeri/Library/Developer/Xcode/DerivedData/BestBefore_Prototype_IOS-gbnddpnjsvathjdutdcktjqecxgh/SourcePackages/checkouts/firebase-ios-sdk/FirebaseCore/Sources/FIROptions.m normal arm64 objective-c com.apple.compilers.llvm.clang.1_0.compiler (in target 'FirebaseCore' from project 'Firebase')
    cd /Users/aryazaeri/Desktop/BestBefore/BestBefore_V2/ios/BestBefore_Prototype_IOS/BestBefore_Prototype_IOS.xcodeproj
    
    Using response file: /Users/aryazaeri/Library/Developer/Xcode/DerivedData/BestBefore_Prototype_IOS-gbnddpnjsvathjdutdcktjqecxgh/Build/Intermediates.noindex/Firebase.build/Debug-iphonesimulator/FirebaseCore.build/Objects-normal/arm64/e6072d4f65d7061329687fe24e3d63a7-common-args.resp
    
    /Applications/Xcode.app/Contents/Developer/Toolchains/XcodeDefault.xctoolchain/usr/bin/clang -x objective-c -ivfsstatcache /Users/aryazaeri/Library/Developer/Xcode/DerivedData/SDKStatCaches.noindex/iphonesimulator26.2-23C53-7d00a8b37fbd7999ea79df8ebc024bf0.sdkstatcache -fmessage-length\=0 -fdiagnostics-show-note-include-stack -fmacro-backtrace-limit\=0 -fno-color-diagnostics -fmodules-prune-interval\=86400 -fmodules-prune-after\=345600 -fbuild-session-file\=/Users/aryazaeri/Library/Developer/Xcode/DerivedData/ModuleCache.noindex/Session.modulevalidation -fmodules-validate-once-per-build-session -Wnon-modular-include-in-framework-module -Werror\=non-modular-include-in-framework-module -Wno-trigraphs -Wno-missing-field-initializers -Wno-missing-prototypes -Wno-return-type -Wno-implicit-atomic-properties -Wno-objc-interface-ivars -Wno-arc-repeated-use-of-weak -Wno-missing-braces -Wparentheses -Wswitch -Wno-unused-function -Wno-unused-label -Wno-unused-parameter -Wno-unused-variable -Wunused-value -Wno-empty-body -Wno-uninitialized -Wno-unknown-pragmas -w -Wno-shadow -Wno-four-char-constants -Wno-conversion -Wno-constant-conversion -Wno-int-conversion -Wno-bool-conversion -Wno-enum-conversion -Wno-float-conversion -Wno-non-literal-null-conversion -Wno-objc-literal-conversion -Wshorten-64-to-32 -Wpointer-sign -Wno-newline-eof -Wno-selector -Wno-strict-selector-match -Wno-undeclared-selector -Wno-deprecated-implementations -Wno-implicit-fallthrough -fstrict-aliasing -Wprotocol -Wdeprecated-declarations -Wno-sign-conversion -Wno-infinite-recursion -Wno-comma -Wno-block-capture-autoreleasing -Wno-strict-prototypes -Wno-semicolon-before-method-body -index-store-path /Users/aryazaeri/Library/Developer/Xcode/DerivedData/BestBefore_Prototype_IOS-gbnddpnjsvathjdutdcktjqecxgh/Index.noindex/DataStore @/Users/aryazaeri/Library/Developer/Xcode/DerivedData/BestBefore_Prototype_IOS-gbnddpnjsvathjdutdcktjqecxgh/Build/Intermediates.noindex/Firebase.build/Debug-iphonesimulator/FirebaseCore.build/Objects-normal/arm64/e6072d4f65d7061329687fe24e3d63a7-common-args.resp -include /Users/aryazaeri/Library/Developer/Xcode/DerivedData/BestBefore_Prototype_IOS-gbnddpnjsvathjdutdcktjqecxgh/Build/Intermediates.noindex/Firebase.build/Debug-iphonesimulator/FirebaseCore.build/DerivedSources/resource_bundle_accessor.h -MMD -MT dependencies -MF /Users/aryazaeri/Library/Developer/Xcode/DerivedData/BestBefore_Prototype_IOS-gbnddpnjsvathjdutdcktjqecxgh/Build/Intermediates.noindex/Firebase.build/Debug-iphonesimulator/FirebaseCore.build/Objects-normal/arm64/FIROptions.d --serialize-diagnostics /Users/aryazaeri/Library/Developer/Xcode/DerivedData/BestBefore_Prototype_IOS-gbnddpnjsvathjdutdcktjqecxgh/Build/Intermediates.noindex/Firebase.build/Debug-iphonesimulator/FirebaseCore.build/Objects-normal/arm64/FIROptions.dia -c /Users/aryazaeri/Library/Developer/Xcode/DerivedData/BestBefore_Prototype_IOS-gbnddpnjsvathjdutdcktjqecxgh/SourcePackages/checkouts/firebase-ios-sdk/FirebaseCore/Sources/FIROptions.m -o /Users/aryazaeri/Library/Developer/Xcode/DerivedData/BestBefore_Prototype_IOS-gbnddpnjsvathjdutdcktjqecxgh/Build/Intermediates.noindex/Firebase.build/Debug-iphonesimulator/FirebaseCore.build/Objects-normal/arm64/FIROptions.o -index-unit-output-path /Firebase.build/Debug-iphonesimulator/FirebaseCore.build/Objects-normal/arm64/FIROptions.o

PrecompileModule /Users/aryazaeri/Library/Developer/Xcode/DerivedData/BestBefore_Prototype_IOS-gbnddpnjsvathjdutdcktjqecxgh/Build/Intermediates.noindex/ExplicitPrecompiledModules/GoogleUtilities_Environment-7FQF95K5ZRB4K8NLKF844PWR0.scan
    cd /
    builtin-precompileModule /Users/aryazaeri/Library/Developer/Xcode/DerivedData/BestBefore_Prototype_IOS-gbnddpnjsvathjdutdcktjqecxgh/Build/Intermediates.noindex/ExplicitPrecompiledModules/GoogleUtilities_Environment-7FQF95K5ZRB4K8NLKF844PWR0.scan

PrecompileModule /Users/aryazaeri/Library/Developer/Xcode/DerivedData/BestBefore_Prototype_IOS-gbnddpnjsvathjdutdcktjqecxgh/Build/Intermediates.noindex/ExplicitPrecompiledModules/FirebaseCoreInternal-REL0S49E8M2DONMXKESWLZTX.scan
    cd /
    builtin-precompileModule /Users/aryazaeri/Library/Developer/Xcode/DerivedData/BestBefore_Prototype_IOS-gbnddpnjsvathjdutdcktjqecxgh/Build/Intermediates.noindex/ExplicitPrecompiledModules/FirebaseCoreInternal-REL0S49E8M2DONMXKESWLZTX.scan

CompileC /Users/aryazaeri/Library/Developer/Xcode/DerivedData/BestBefore_Prototype_IOS-gbnddpnjsvathjdutdcktjqecxgh/Build/Intermediates.noindex/Firebase.build/Debug-iphonesimulator/FirebaseCore.build/Objects-normal/arm64/FIRConfiguration.o /Users/aryazaeri/Library/Developer/Xcode/DerivedData/BestBefore_Prototype_IOS-gbnddpnjsvathjdutdcktjqecxgh/SourcePackages/checkouts/firebase-ios-sdk/FirebaseCore/Sources/FIRConfiguration.m normal arm64 objective-c com.apple.compilers.llvm.clang.1_0.compiler (in target 'FirebaseCore' from project 'Firebase')
    cd /Users/aryazaeri/Desktop/BestBefore/BestBefore_V2/ios/BestBefore_Prototype_IOS/BestBefore_Prototype_IOS.xcodeproj
    
    Using response file: /Users/aryazaeri/Library/Developer/Xcode/DerivedData/BestBefore_Prototype_IOS-gbnddpnjsvathjdutdcktjqecxgh/Build/Intermediates.noindex/Firebase.build/Debug-iphonesimulator/FirebaseCore.build/Objects-normal/arm64/e6072d4f65d7061329687fe24e3d63a7-common-args.resp
    
    /Applications/Xcode.app/Contents/Developer/Toolchains/XcodeDefault.xctoolchain/usr/bin/clang -x objective-c -ivfsstatcache /Users/aryazaeri/Library/Developer/Xcode/DerivedData/SDKStatCaches.noindex/iphonesimulator26.2-23C53-7d00a8b37fbd7999ea79df8ebc024bf0.sdkstatcache -fmessage-length\=0 -fdiagnostics-show-note-include-stack -fmacro-backtrace-limit\=0 -fno-color-diagnostics -fmodules-prune-interval\=86400 -fmodules-prune-after\=345600 -fbuild-session-file\=/Users/aryazaeri/Library/Developer/Xcode/DerivedData/ModuleCache.noindex/Session.modulevalidation -fmodules-validate-once-per-build-session -Wnon-modular-include-in-framework-module -Werror\=non-modular-include-in-framework-module -Wno-trigraphs -Wno-missing-field-initializers -Wno-missing-prototypes -Wno-return-type -Wno-implicit-atomic-properties -Wno-objc-interface-ivars -Wno-arc-repeated-use-of-weak -Wno-missing-braces -Wparentheses -Wswitch -Wno-unused-function -Wno-unused-label -Wno-unused-parameter -Wno-unused-variable -Wunused-value -Wno-empty-body -Wno-uninitialized -Wno-unknown-pragmas -w -Wno-shadow -Wno-four-char-constants -Wno-conversion -Wno-constant-conversion -Wno-int-conversion -Wno-bool-conversion -Wno-enum-conversion -Wno-float-conversion -Wno-non-literal-null-conversion -Wno-objc-literal-conversion -Wshorten-64-to-32 -Wpointer-sign -Wno-newline-eof -Wno-selector -Wno-strict-selector-match -Wno-undeclared-selector -Wno-deprecated-implementations -Wno-implicit-fallthrough -fstrict-aliasing -Wprotocol -Wdeprecated-declarations -Wno-sign-conversion -Wno-infinite-recursion -Wno-comma -Wno-block-capture-autoreleasing -Wno-strict-prototypes -Wno-semicolon-before-method-body -index-store-path /Users/aryazaeri/Library/Developer/Xcode/DerivedData/BestBefore_Prototype_IOS-gbnddpnjsvathjdutdcktjqecxgh/Index.noindex/DataStore @/Users/aryazaeri/Library/Developer/Xcode/DerivedData/BestBefore_Prototype_IOS-gbnddpnjsvathjdutdcktjqecxgh/Build/Intermediates.noindex/Firebase.build/Debug-iphonesimulator/FirebaseCore.build/Objects-normal/arm64/e6072d4f65d7061329687fe24e3d63a7-common-args.resp -include /Users/aryazaeri/Library/Developer/Xcode/DerivedData/BestBefore_Prototype_IOS-gbnddpnjsvathjdutdcktjqecxgh/Build/Intermediates.noindex/Firebase.build/Debug-iphonesimulator/FirebaseCore.build/DerivedSources/resource_bundle_accessor.h -MMD -MT dependencies -MF /Users/aryazaeri/Library/Developer/Xcode/DerivedData/BestBefore_Prototype_IOS-gbnddpnjsvathjdutdcktjqecxgh/Build/Intermediates.noindex/Firebase.build/Debug-iphonesimulator/FirebaseCore.build/Objects-normal/arm64/FIRConfiguration.d --serialize-diagnostics /Users/aryazaeri/Library/Developer/Xcode/DerivedData/BestBefore_Prototype_IOS-gbnddpnjsvathjdutdcktjqecxgh/Build/Intermediates.noindex/Firebase.build/Debug-iphonesimulator/FirebaseCore.build/Objects-normal/arm64/FIRConfiguration.dia -c /Users/aryazaeri/Library/Developer/Xcode/DerivedData/BestBefore_Prototype_IOS-gbnddpnjsvathjdutdcktjqecxgh/SourcePackages/checkouts/firebase-ios-sdk/FirebaseCore/Sources/FIRConfiguration.m -o /Users/aryazaeri/Library/Developer/Xcode/DerivedData/BestBefore_Prototype_IOS-gbnddpnjsvathjdutdcktjqecxgh/Build/Intermediates.noindex/Firebase.build/Debug-iphonesimulator/FirebaseCore.build/Objects-normal/arm64/FIRConfiguration.o -index-unit-output-path /Firebase.build/Debug-iphonesimulator/FirebaseCore.build/Objects-normal/arm64/FIRConfiguration.o

PrecompileModule /Users/aryazaeri/Library/Developer/Xcode/DerivedData/BestBefore_Prototype_IOS-gbnddpnjsvathjdutdcktjqecxgh/Build/Intermediates.noindex/ExplicitPrecompiledModules/GoogleUtilities_Logger-7ZT5ZSQB5PEG3IIMETD40PDTV.scan
    cd /
    builtin-precompileModule /Users/aryazaeri/Library/Developer/Xcode/DerivedData/BestBefore_Prototype_IOS-gbnddpnjsvathjdutdcktjqecxgh/Build/Intermediates.noindex/ExplicitPrecompiledModules/GoogleUtilities_Logger-7ZT5ZSQB5PEG3IIMETD40PDTV.scan

Ld /Users/aryazaeri/Library/Developer/Xcode/DerivedData/BestBefore_Prototype_IOS-gbnddpnjsvathjdutdcktjqecxgh/Build/Intermediates.noindex/GoogleUtilities.build/Debug-iphonesimulator/GoogleUtilities-AppDelegateSwizzler.build/Objects-normal/arm64/Binary/GoogleUtilities-AppDelegateSwizzler.o normal arm64 (in target 'GoogleUtilities-AppDelegateSwizzler' from project 'GoogleUtilities')
    cd /Users/aryazaeri/Library/Developer/Xcode/DerivedData/BestBefore_Prototype_IOS-gbnddpnjsvathjdutdcktjqecxgh/SourcePackages/checkouts/GoogleUtilities
    /Applications/Xcode.app/Contents/Developer/Toolchains/XcodeDefault.xctoolchain/usr/bin/clang -Xlinker -reproducible -target arm64-apple-ios12.0-simulator -r -isysroot /Applications/Xcode.app/Contents/Developer/Platforms/iPhoneSimulator.platform/Developer/SDKs/iPhoneSimulator26.2.sdk -O0 -w -L/Users/aryazaeri/Library/Developer/Xcode/DerivedData/BestBefore_Prototype_IOS-gbnddpnjsvathjdutdcktjqecxgh/Build/Intermediates.noindex/EagerLinkingTBDs/Debug-iphonesimulator -L/Users/aryazaeri/Library/Developer/Xcode/DerivedData/BestBefore_Prototype_IOS-gbnddpnjsvathjdutdcktjqecxgh/Build/Products/Debug-iphonesimulator -L/Applications/Xcode.app/Contents/Developer/Platforms/iPhoneSimulator.platform/Developer/usr/lib -F/Users/aryazaeri/Library/Developer/Xcode/DerivedData/BestBefore_Prototype_IOS-gbnddpnjsvathjdutdcktjqecxgh/Build/Intermediates.noindex/EagerLinkingTBDs/Debug-iphonesimulator -F/Users/aryazaeri/Library/Developer/Xcode/DerivedData/BestBefore_Prototype_IOS-gbnddpnjsvathjdutdcktjqecxgh/Build/Products/Debug-iphonesimulator/PackageFrameworks -F/Users/aryazaeri/Library/Developer/Xcode/DerivedData/BestBefore_Prototype_IOS-gbnddpnjsvathjdutdcktjqecxgh/Build/Products/Debug-iphonesimulator/PackageFrameworks -F/Users/aryazaeri/Library/Developer/Xcode/DerivedData/BestBefore_Prototype_IOS-gbnddpnjsvathjdutdcktjqecxgh/Build/Products/Debug-iphonesimulator/PackageFrameworks -F/Users/aryazaeri/Library/Developer/Xcode/DerivedData/BestBefore_Prototype_IOS-gbnddpnjsvathjdutdcktjqecxgh/Build/Products/Debug-iphonesimulator/PackageFrameworks -F/Users/aryazaeri/Library/Developer/Xcode/DerivedData/BestBefore_Prototype_IOS-gbnddpnjsvathjdutdcktjqecxgh/Build/Products/Debug-iphonesimulator/PackageFrameworks -F/Users/aryazaeri/Library/Developer/Xcode/DerivedData/BestBefore_Prototype_IOS-gbnddpnjsvathjdutdcktjqecxgh/Build/Products/Debug-iphonesimulator/PackageFrameworks -F/Users/aryazaeri/Library/Developer/Xcode/DerivedData/BestBefore_Prototype_IOS-gbnddpnjsvathjdutdcktjqecxgh/Build/Products/Debug-iphonesimulator -iframework /Applications/Xcode.app/Contents/Developer/Platforms/iPhoneSimulator.platform/Developer/Library/Frameworks -iframework /Applications/Xcode.app/Contents/Developer/Platforms/iPhoneSimulator.platform/Developer/SDKs/iPhoneSimulator26.2.sdk/Developer/Library/Frameworks -filelist /Users/aryazaeri/Library/Developer/Xcode/DerivedData/BestBefore_Prototype_IOS-gbnddpnjsvathjdutdcktjqecxgh/Build/Intermediates.noindex/GoogleUtilities.build/Debug-iphonesimulator/GoogleUtilities-AppDelegateSwizzler.build/Objects-normal/arm64/GoogleUtilities-AppDelegateSwizzler.LinkFileList -nostdlib -Xlinker -object_path_lto -Xlinker /Users/aryazaeri/Library/Developer/Xcode/DerivedData/BestBefore_Prototype_IOS-gbnddpnjsvathjdutdcktjqecxgh/Build/Intermediates.noindex/GoogleUtilities.build/Debug-iphonesimulator/GoogleUtilities-AppDelegateSwizzler.build/Objects-normal/arm64/GoogleUtilities-AppDelegateSwizzler_lto.o -rdynamic -Xlinker -no_deduplicate -Xlinker -objc_abi_version -Xlinker 2 -Xlinker -dependency_info -Xlinker /Users/aryazaeri/Library/Developer/Xcode/DerivedData/BestBefore_Prototype_IOS-gbnddpnjsvathjdutdcktjqecxgh/Build/Intermediates.noindex/GoogleUtilities.build/Debug-iphonesimulator/GoogleUtilities-AppDelegateSwizzler.build/Objects-normal/arm64/GoogleUtilities-AppDelegateSwizzler_dependency_info.dat -fobjc-arc -fobjc-link-runtime -o /Users/aryazaeri/Library/Developer/Xcode/DerivedData/BestBefore_Prototype_IOS-gbnddpnjsvathjdutdcktjqecxgh/Build/Intermediates.noindex/GoogleUtilities.build/Debug-iphonesimulator/GoogleUtilities-AppDelegateSwizzler.build/Objects-normal/arm64/Binary/GoogleUtilities-AppDelegateSwizzler.o

ScanDependencies /Users/aryazaeri/Library/Developer/Xcode/DerivedData/BestBefore_Prototype_IOS-gbnddpnjsvathjdutdcktjqecxgh/Build/Intermediates.noindex/Firebase.build/Debug-iphonesimulator/FirebaseCore.build/Objects-normal/arm64/FIRComponentType.o /Users/aryazaeri/Library/Developer/Xcode/DerivedData/BestBefore_Prototype_IOS-gbnddpnjsvathjdutdcktjqecxgh/SourcePackages/checkouts/firebase-ios-sdk/FirebaseCore/Sources/FIRComponentType.m normal arm64 objective-c com.apple.compilers.llvm.clang.1_0.compiler (in target 'FirebaseCore' from project 'Firebase')
    cd /Users/aryazaeri/Desktop/BestBefore/BestBefore_V2/ios/BestBefore_Prototype_IOS/BestBefore_Prototype_IOS.xcodeproj
    
    Using response file: /Users/aryazaeri/Library/Developer/Xcode/DerivedData/BestBefore_Prototype_IOS-gbnddpnjsvathjdutdcktjqecxgh/Build/Intermediates.noindex/Firebase.build/Debug-iphonesimulator/FirebaseCore.build/Objects-normal/arm64/e6072d4f65d7061329687fe24e3d63a7-common-args.resp
    
    builtin-ScanDependencies -o /Users/aryazaeri/Library/Developer/Xcode/DerivedData/BestBefore_Prototype_IOS-gbnddpnjsvathjdutdcktjqecxgh/Build/Intermediates.noindex/Firebase.build/Debug-iphonesimulator/FirebaseCore.build/Objects-normal/arm64/FIRComponentType.o.scan -- /Applications/Xcode.app/Contents/Developer/Toolchains/XcodeDefault.xctoolchain/usr/bin/clang -x objective-c -ivfsstatcache /Users/aryazaeri/Library/Developer/Xcode/DerivedData/SDKStatCaches.noindex/iphonesimulator26.2-23C53-7d00a8b37fbd7999ea79df8ebc024bf0.sdkstatcache -fmessage-length\=0 -fdiagnostics-show-note-include-stack -fmacro-backtrace-limit\=0 -fno-color-diagnostics -fmodules-prune-interval\=86400 -fmodules-prune-after\=345600 -fbuild-session-file\=/Users/aryazaeri/Library/Developer/Xcode/DerivedData/ModuleCache.noindex/Session.modulevalidation -fmodules-validate-once-per-build-session -Wnon-modular-include-in-framework-module -Werror\=non-modular-include-in-framework-module -Wno-trigraphs -Wno-missing-field-initializers -Wno-missing-prototypes -Wno-return-type -Wno-implicit-atomic-properties -Wno-objc-interface-ivars -Wno-arc-repeated-use-of-weak -Wno-missing-braces -Wparentheses -Wswitch -Wno-unused-function -Wno-unused-label -Wno-unused-parameter -Wno-unused-variable -Wunused-value -Wno-empty-body -Wno-uninitialized -Wno-unknown-pragmas -w -Wno-shadow -Wno-four-char-constants -Wno-conversion -Wno-constant-conversion -Wno-int-conversion -Wno-bool-conversion -Wno-enum-conversion -Wno-float-conversion -Wno-non-literal-null-conversion -Wno-objc-literal-conversion -Wshorten-64-to-32 -Wpointer-sign -Wno-newline-eof -Wno-selector -Wno-strict-selector-match -Wno-undeclared-selector -Wno-deprecated-implementations -Wno-implicit-fallthrough -fstrict-aliasing -Wprotocol -Wdeprecated-declarations -Wno-sign-conversion -Wno-infinite-recursion -Wno-comma -Wno-block-capture-autoreleasing -Wno-strict-prototypes -Wno-semicolon-before-method-body -index-store-path /Users/aryazaeri/Library/Developer/Xcode/DerivedData/BestBefore_Prototype_IOS-gbnddpnjsvathjdutdcktjqecxgh/Index.noindex/DataStore @/Users/aryazaeri/Library/Developer/Xcode/DerivedData/BestBefore_Prototype_IOS-gbnddpnjsvathjdutdcktjqecxgh/Build/Intermediates.noindex/Firebase.build/Debug-iphonesimulator/FirebaseCore.build/Objects-normal/arm64/e6072d4f65d7061329687fe24e3d63a7-common-args.resp -include /Users/aryazaeri/Library/Developer/Xcode/DerivedData/BestBefore_Prototype_IOS-gbnddpnjsvathjdutdcktjqecxgh/Build/Intermediates.noindex/Firebase.build/Debug-iphonesimulator/FirebaseCore.build/DerivedSources/resource_bundle_accessor.h -MMD -MT dependencies -MF /Users/aryazaeri/Library/Developer/Xcode/DerivedData/BestBefore_Prototype_IOS-gbnddpnjsvathjdutdcktjqecxgh/Build/Intermediates.noindex/Firebase.build/Debug-iphonesimulator/FirebaseCore.build/Objects-normal/arm64/FIRComponentType.d --serialize-diagnostics /Users/aryazaeri/Library/Developer/Xcode/DerivedData/BestBefore_Prototype_IOS-gbnddpnjsvathjdutdcktjqecxgh/Build/Intermediates.noindex/Firebase.build/Debug-iphonesimulator/FirebaseCore.build/Objects-normal/arm64/FIRComponentType.dia -c /Users/aryazaeri/Library/Developer/Xcode/DerivedData/BestBefore_Prototype_IOS-gbnddpnjsvathjdutdcktjqecxgh/SourcePackages/checkouts/firebase-ios-sdk/FirebaseCore/Sources/FIRComponentType.m -o /Users/aryazaeri/Library/Developer/Xcode/DerivedData/BestBefore_Prototype_IOS-gbnddpnjsvathjdutdcktjqecxgh/Build/Intermediates.noindex/Firebase.build/Debug-iphonesimulator/FirebaseCore.build/Objects-normal/arm64/FIRComponentType.o -index-unit-output-path /Firebase.build/Debug-iphonesimulator/FirebaseCore.build/Objects-normal/arm64/FIRComponentType.o

CompileC /Users/aryazaeri/Library/Developer/Xcode/DerivedData/BestBefore_Prototype_IOS-gbnddpnjsvathjdutdcktjqecxgh/Build/Intermediates.noindex/Firebase.build/Debug-iphonesimulator/FirebaseCore.build/Objects-normal/arm64/FIRFirebaseUserAgent.o /Users/aryazaeri/Library/Developer/Xcode/DerivedData/BestBefore_Prototype_IOS-gbnddpnjsvathjdutdcktjqecxgh/SourcePackages/checkouts/firebase-ios-sdk/FirebaseCore/Sources/FIRFirebaseUserAgent.m normal arm64 objective-c com.apple.compilers.llvm.clang.1_0.compiler (in target 'FirebaseCore' from project 'Firebase')
    cd /Users/aryazaeri/Desktop/BestBefore/BestBefore_V2/ios/BestBefore_Prototype_IOS/BestBefore_Prototype_IOS.xcodeproj
    
    Using response file: /Users/aryazaeri/Library/Developer/Xcode/DerivedData/BestBefore_Prototype_IOS-gbnddpnjsvathjdutdcktjqecxgh/Build/Intermediates.noindex/Firebase.build/Debug-iphonesimulator/FirebaseCore.build/Objects-normal/arm64/e6072d4f65d7061329687fe24e3d63a7-common-args.resp
    
    /Applications/Xcode.app/Contents/Developer/Toolchains/XcodeDefault.xctoolchain/usr/bin/clang -x objective-c -ivfsstatcache /Users/aryazaeri/Library/Developer/Xcode/DerivedData/SDKStatCaches.noindex/iphonesimulator26.2-23C53-7d00a8b37fbd7999ea79df8ebc024bf0.sdkstatcache -fmessage-length\=0 -fdiagnostics-show-note-include-stack -fmacro-backtrace-limit\=0 -fno-color-diagnostics -fmodules-prune-interval\=86400 -fmodules-prune-after\=345600 -fbuild-session-file\=/Users/aryazaeri/Library/Developer/Xcode/DerivedData/ModuleCache.noindex/Session.modulevalidation -fmodules-validate-once-per-build-session -Wnon-modular-include-in-framework-module -Werror\=non-modular-include-in-framework-module -Wno-trigraphs -Wno-missing-field-initializers -Wno-missing-prototypes -Wno-return-type -Wno-implicit-atomic-properties -Wno-objc-interface-ivars -Wno-arc-repeated-use-of-weak -Wno-missing-braces -Wparentheses -Wswitch -Wno-unused-function -Wno-unused-label -Wno-unused-parameter -Wno-unused-variable -Wunused-value -Wno-empty-body -Wno-uninitialized -Wno-unknown-pragmas -w -Wno-shadow -Wno-four-char-constants -Wno-conversion -Wno-constant-conversion -Wno-int-conversion -Wno-bool-conversion -Wno-enum-conversion -Wno-float-conversion -Wno-non-literal-null-conversion -Wno-objc-literal-conversion -Wshorten-64-to-32 -Wpointer-sign -Wno-newline-eof -Wno-selector -Wno-strict-selector-match -Wno-undeclared-selector -Wno-deprecated-implementations -Wno-implicit-fallthrough -fstrict-aliasing -Wprotocol -Wdeprecated-declarations -Wno-sign-conversion -Wno-infinite-recursion -Wno-comma -Wno-block-capture-autoreleasing -Wno-strict-prototypes -Wno-semicolon-before-method-body -index-store-path /Users/aryazaeri/Library/Developer/Xcode/DerivedData/BestBefore_Prototype_IOS-gbnddpnjsvathjdutdcktjqecxgh/Index.noindex/DataStore @/Users/aryazaeri/Library/Developer/Xcode/DerivedData/BestBefore_Prototype_IOS-gbnddpnjsvathjdutdcktjqecxgh/Build/Intermediates.noindex/Firebase.build/Debug-iphonesimulator/FirebaseCore.build/Objects-normal/arm64/e6072d4f65d7061329687fe24e3d63a7-common-args.resp -include /Users/aryazaeri/Library/Developer/Xcode/DerivedData/BestBefore_Prototype_IOS-gbnddpnjsvathjdutdcktjqecxgh/Build/Intermediates.noindex/Firebase.build/Debug-iphonesimulator/FirebaseCore.build/DerivedSources/resource_bundle_accessor.h -MMD -MT dependencies -MF /Users/aryazaeri/Library/Developer/Xcode/DerivedData/BestBefore_Prototype_IOS-gbnddpnjsvathjdutdcktjqecxgh/Build/Intermediates.noindex/Firebase.build/Debug-iphonesimulator/FirebaseCore.build/Objects-normal/arm64/FIRFirebaseUserAgent.d --serialize-diagnostics /Users/aryazaeri/Library/Developer/Xcode/DerivedData/BestBefore_Prototype_IOS-gbnddpnjsvathjdutdcktjqecxgh/Build/Intermediates.noindex/Firebase.build/Debug-iphonesimulator/FirebaseCore.build/Objects-normal/arm64/FIRFirebaseUserAgent.dia -c /Users/aryazaeri/Library/Developer/Xcode/DerivedData/BestBefore_Prototype_IOS-gbnddpnjsvathjdutdcktjqecxgh/SourcePackages/checkouts/firebase-ios-sdk/FirebaseCore/Sources/FIRFirebaseUserAgent.m -o /Users/aryazaeri/Library/Developer/Xcode/DerivedData/BestBefore_Prototype_IOS-gbnddpnjsvathjdutdcktjqecxgh/Build/Intermediates.noindex/Firebase.build/Debug-iphonesimulator/FirebaseCore.build/Objects-normal/arm64/FIRFirebaseUserAgent.o -index-unit-output-path /Firebase.build/Debug-iphonesimulator/FirebaseCore.build/Objects-normal/arm64/FIRFirebaseUserAgent.o

CompileC /Users/aryazaeri/Library/Developer/Xcode/DerivedData/BestBefore_Prototype_IOS-gbnddpnjsvathjdutdcktjqecxgh/Build/Intermediates.noindex/Firebase.build/Debug-iphonesimulator/FirebaseCore.build/Objects-normal/arm64/FIRHeartbeatLogger.o /Users/aryazaeri/Library/Developer/Xcode/DerivedData/BestBefore_Prototype_IOS-gbnddpnjsvathjdutdcktjqecxgh/SourcePackages/checkouts/firebase-ios-sdk/FirebaseCore/Sources/FIRHeartbeatLogger.m normal arm64 objective-c com.apple.compilers.llvm.clang.1_0.compiler (in target 'FirebaseCore' from project 'Firebase')
    cd /Users/aryazaeri/Desktop/BestBefore/BestBefore_V2/ios/BestBefore_Prototype_IOS/BestBefore_Prototype_IOS.xcodeproj
    
    Using response file: /Users/aryazaeri/Library/Developer/Xcode/DerivedData/BestBefore_Prototype_IOS-gbnddpnjsvathjdutdcktjqecxgh/Build/Intermediates.noindex/Firebase.build/Debug-iphonesimulator/FirebaseCore.build/Objects-normal/arm64/e6072d4f65d7061329687fe24e3d63a7-common-args.resp
    
    /Applications/Xcode.app/Contents/Developer/Toolchains/XcodeDefault.xctoolchain/usr/bin/clang -x objective-c -ivfsstatcache /Users/aryazaeri/Library/Developer/Xcode/DerivedData/SDKStatCaches.noindex/iphonesimulator26.2-23C53-7d00a8b37fbd7999ea79df8ebc024bf0.sdkstatcache -fmessage-length\=0 -fdiagnostics-show-note-include-stack -fmacro-backtrace-limit\=0 -fno-color-diagnostics -fmodules-prune-interval\=86400 -fmodules-prune-after\=345600 -fbuild-session-file\=/Users/aryazaeri/Library/Developer/Xcode/DerivedData/ModuleCache.noindex/Session.modulevalidation -fmodules-validate-once-per-build-session -Wnon-modular-include-in-framework-module -Werror\=non-modular-include-in-framework-module -Wno-trigraphs -Wno-missing-field-initializers -Wno-missing-prototypes -Wno-return-type -Wno-implicit-atomic-properties -Wno-objc-interface-ivars -Wno-arc-repeated-use-of-weak -Wno-missing-braces -Wparentheses -Wswitch -Wno-unused-function -Wno-unused-label -Wno-unused-parameter -Wno-unused-variable -Wunused-value -Wno-empty-body -Wno-uninitialized -Wno-unknown-pragmas -w -Wno-shadow -Wno-four-char-constants -Wno-conversion -Wno-constant-conversion -Wno-int-conversion -Wno-bool-conversion -Wno-enum-conversion -Wno-float-conversion -Wno-non-literal-null-conversion -Wno-objc-literal-conversion -Wshorten-64-to-32 -Wpointer-sign -Wno-newline-eof -Wno-selector -Wno-strict-selector-match -Wno-undeclared-selector -Wno-deprecated-implementations -Wno-implicit-fallthrough -fstrict-aliasing -Wprotocol -Wdeprecated-declarations -Wno-sign-conversion -Wno-infinite-recursion -Wno-comma -Wno-block-capture-autoreleasing -Wno-strict-prototypes -Wno-semicolon-before-method-body -index-store-path /Users/aryazaeri/Library/Developer/Xcode/DerivedData/BestBefore_Prototype_IOS-gbnddpnjsvathjdutdcktjqecxgh/Index.noindex/DataStore @/Users/aryazaeri/Library/Developer/Xcode/DerivedData/BestBefore_Prototype_IOS-gbnddpnjsvathjdutdcktjqecxgh/Build/Intermediates.noindex/Firebase.build/Debug-iphonesimulator/FirebaseCore.build/Objects-normal/arm64/e6072d4f65d7061329687fe24e3d63a7-common-args.resp -include /Users/aryazaeri/Library/Developer/Xcode/DerivedData/BestBefore_Prototype_IOS-gbnddpnjsvathjdutdcktjqecxgh/Build/Intermediates.noindex/Firebase.build/Debug-iphonesimulator/FirebaseCore.build/DerivedSources/resource_bundle_accessor.h -MMD -MT dependencies -MF /Users/aryazaeri/Library/Developer/Xcode/DerivedData/BestBefore_Prototype_IOS-gbnddpnjsvathjdutdcktjqecxgh/Build/Intermediates.noindex/Firebase.build/Debug-iphonesimulator/FirebaseCore.build/Objects-normal/arm64/FIRHeartbeatLogger.d --serialize-diagnostics /Users/aryazaeri/Library/Developer/Xcode/DerivedData/BestBefore_Prototype_IOS-gbnddpnjsvathjdutdcktjqecxgh/Build/Intermediates.noindex/Firebase.build/Debug-iphonesimulator/FirebaseCore.build/Objects-normal/arm64/FIRHeartbeatLogger.dia -c /Users/aryazaeri/Library/Developer/Xcode/DerivedData/BestBefore_Prototype_IOS-gbnddpnjsvathjdutdcktjqecxgh/SourcePackages/checkouts/firebase-ios-sdk/FirebaseCore/Sources/FIRHeartbeatLogger.m -o /Users/aryazaeri/Library/Developer/Xcode/DerivedData/BestBefore_Prototype_IOS-gbnddpnjsvathjdutdcktjqecxgh/Build/Intermediates.noindex/Firebase.build/Debug-iphonesimulator/FirebaseCore.build/Objects-normal/arm64/FIRHeartbeatLogger.o -index-unit-output-path /Firebase.build/Debug-iphonesimulator/FirebaseCore.build/Objects-normal/arm64/FIRHeartbeatLogger.o

ScanDependencies /Users/aryazaeri/Library/Developer/Xcode/DerivedData/BestBefore_Prototype_IOS-gbnddpnjsvathjdutdcktjqecxgh/Build/Intermediates.noindex/Firebase.build/Debug-iphonesimulator/FirebaseCore.build/Objects-normal/arm64/FIRComponentContainer.o /Users/aryazaeri/Library/Developer/Xcode/DerivedData/BestBefore_Prototype_IOS-gbnddpnjsvathjdutdcktjqecxgh/SourcePackages/checkouts/firebase-ios-sdk/FirebaseCore/Sources/FIRComponentContainer.m normal arm64 objective-c com.apple.compilers.llvm.clang.1_0.compiler (in target 'FirebaseCore' from project 'Firebase')
    cd /Users/aryazaeri/Desktop/BestBefore/BestBefore_V2/ios/BestBefore_Prototype_IOS/BestBefore_Prototype_IOS.xcodeproj
    
    Using response file: /Users/aryazaeri/Library/Developer/Xcode/DerivedData/BestBefore_Prototype_IOS-gbnddpnjsvathjdutdcktjqecxgh/Build/Intermediates.noindex/Firebase.build/Debug-iphonesimulator/FirebaseCore.build/Objects-normal/arm64/e6072d4f65d7061329687fe24e3d63a7-common-args.resp
    
    builtin-ScanDependencies -o /Users/aryazaeri/Library/Developer/Xcode/DerivedData/BestBefore_Prototype_IOS-gbnddpnjsvathjdutdcktjqecxgh/Build/Intermediates.noindex/Firebase.build/Debug-iphonesimulator/FirebaseCore.build/Objects-normal/arm64/FIRComponentContainer.o.scan -- /Applications/Xcode.app/Contents/Developer/Toolchains/XcodeDefault.xctoolchain/usr/bin/clang -x objective-c -ivfsstatcache /Users/aryazaeri/Library/Developer/Xcode/DerivedData/SDKStatCaches.noindex/iphonesimulator26.2-23C53-7d00a8b37fbd7999ea79df8ebc024bf0.sdkstatcache -fmessage-length\=0 -fdiagnostics-show-note-include-stack -fmacro-backtrace-limit\=0 -fno-color-diagnostics -fmodules-prune-interval\=86400 -fmodules-prune-after\=345600 -fbuild-session-file\=/Users/aryazaeri/Library/Developer/Xcode/DerivedData/ModuleCache.noindex/Session.modulevalidation -fmodules-validate-once-per-build-session -Wnon-modular-include-in-framework-module -Werror\=non-modular-include-in-framework-module -Wno-trigraphs -Wno-missing-field-initializers -Wno-missing-prototypes -Wno-return-type -Wno-implicit-atomic-properties -Wno-objc-interface-ivars -Wno-arc-repeated-use-of-weak -Wno-missing-braces -Wparentheses -Wswitch -Wno-unused-function -Wno-unused-label -Wno-unused-parameter -Wno-unused-variable -Wunused-value -Wno-empty-body -Wno-uninitialized -Wno-unknown-pragmas -w -Wno-shadow -Wno-four-char-constants -Wno-conversion -Wno-constant-conversion -Wno-int-conversion -Wno-bool-conversion -Wno-enum-conversion -Wno-float-conversion -Wno-non-literal-null-conversion -Wno-objc-literal-conversion -Wshorten-64-to-32 -Wpointer-sign -Wno-newline-eof -Wno-selector -Wno-strict-selector-match -Wno-undeclared-selector -Wno-deprecated-implementations -Wno-implicit-fallthrough -fstrict-aliasing -Wprotocol -Wdeprecated-declarations -Wno-sign-conversion -Wno-infinite-recursion -Wno-comma -Wno-block-capture-autoreleasing -Wno-strict-prototypes -Wno-semicolon-before-method-body -index-store-path /Users/aryazaeri/Library/Developer/Xcode/DerivedData/BestBefore_Prototype_IOS-gbnddpnjsvathjdutdcktjqecxgh/Index.noindex/DataStore @/Users/aryazaeri/Library/Developer/Xcode/DerivedData/BestBefore_Prototype_IOS-gbnddpnjsvathjdutdcktjqecxgh/Build/Intermediates.noindex/Firebase.build/Debug-iphonesimulator/FirebaseCore.build/Objects-normal/arm64/e6072d4f65d7061329687fe24e3d63a7-common-args.resp -include /Users/aryazaeri/Library/Developer/Xcode/DerivedData/BestBefore_Prototype_IOS-gbnddpnjsvathjdutdcktjqecxgh/Build/Intermediates.noindex/Firebase.build/Debug-iphonesimulator/FirebaseCore.build/DerivedSources/resource_bundle_accessor.h -MMD -MT dependencies -MF /Users/aryazaeri/Library/Developer/Xcode/DerivedData/BestBefore_Prototype_IOS-gbnddpnjsvathjdutdcktjqecxgh/Build/Intermediates.noindex/Firebase.build/Debug-iphonesimulator/FirebaseCore.build/Objects-normal/arm64/FIRComponentContainer.d --serialize-diagnostics /Users/aryazaeri/Library/Developer/Xcode/DerivedData/BestBefore_Prototype_IOS-gbnddpnjsvathjdutdcktjqecxgh/Build/Intermediates.noindex/Firebase.build/Debug-iphonesimulator/FirebaseCore.build/Objects-normal/arm64/FIRComponentContainer.dia -c /Users/aryazaeri/Library/Developer/Xcode/DerivedData/BestBefore_Prototype_IOS-gbnddpnjsvathjdutdcktjqecxgh/SourcePackages/checkouts/firebase-ios-sdk/FirebaseCore/Sources/FIRComponentContainer.m -o /Users/aryazaeri/Library/Developer/Xcode/DerivedData/BestBefore_Prototype_IOS-gbnddpnjsvathjdutdcktjqecxgh/Build/Intermediates.noindex/Firebase.build/Debug-iphonesimulator/FirebaseCore.build/Objects-normal/arm64/FIRComponentContainer.o -index-unit-output-path /Firebase.build/Debug-iphonesimulator/FirebaseCore.build/Objects-normal/arm64/FIRComponentContainer.o

ScanDependencies /Users/aryazaeri/Library/Developer/Xcode/DerivedData/BestBefore_Prototype_IOS-gbnddpnjsvathjdutdcktjqecxgh/Build/Intermediates.noindex/Firebase.build/Debug-iphonesimulator/FirebaseCore.build/Objects-normal/arm64/FIRComponent.o /Users/aryazaeri/Library/Developer/Xcode/DerivedData/BestBefore_Prototype_IOS-gbnddpnjsvathjdutdcktjqecxgh/SourcePackages/checkouts/firebase-ios-sdk/FirebaseCore/Sources/FIRComponent.m normal arm64 objective-c com.apple.compilers.llvm.clang.1_0.compiler (in target 'FirebaseCore' from project 'Firebase')
    cd /Users/aryazaeri/Desktop/BestBefore/BestBefore_V2/ios/BestBefore_Prototype_IOS/BestBefore_Prototype_IOS.xcodeproj
    
    Using response file: /Users/aryazaeri/Library/Developer/Xcode/DerivedData/BestBefore_Prototype_IOS-gbnddpnjsvathjdutdcktjqecxgh/Build/Intermediates.noindex/Firebase.build/Debug-iphonesimulator/FirebaseCore.build/Objects-normal/arm64/e6072d4f65d7061329687fe24e3d63a7-common-args.resp
    
    builtin-ScanDependencies -o /Users/aryazaeri/Library/Developer/Xcode/DerivedData/BestBefore_Prototype_IOS-gbnddpnjsvathjdutdcktjqecxgh/Build/Intermediates.noindex/Firebase.build/Debug-iphonesimulator/FirebaseCore.build/Objects-normal/arm64/FIRComponent.o.scan -- /Applications/Xcode.app/Contents/Developer/Toolchains/XcodeDefault.xctoolchain/usr/bin/clang -x objective-c -ivfsstatcache /Users/aryazaeri/Library/Developer/Xcode/DerivedData/SDKStatCaches.noindex/iphonesimulator26.2-23C53-7d00a8b37fbd7999ea79df8ebc024bf0.sdkstatcache -fmessage-length\=0 -fdiagnostics-show-note-include-stack -fmacro-backtrace-limit\=0 -fno-color-diagnostics -fmodules-prune-interval\=86400 -fmodules-prune-after\=345600 -fbuild-session-file\=/Users/aryazaeri/Library/Developer/Xcode/DerivedData/ModuleCache.noindex/Session.modulevalidation -fmodules-validate-once-per-build-session -Wnon-modular-include-in-framework-module -Werror\=non-modular-include-in-framework-module -Wno-trigraphs -Wno-missing-field-initializers -Wno-missing-prototypes -Wno-return-type -Wno-implicit-atomic-properties -Wno-objc-interface-ivars -Wno-arc-repeated-use-of-weak -Wno-missing-braces -Wparentheses -Wswitch -Wno-unused-function -Wno-unused-label -Wno-unused-parameter -Wno-unused-variable -Wunused-value -Wno-empty-body -Wno-uninitialized -Wno-unknown-pragmas -w -Wno-shadow -Wno-four-char-constants -Wno-conversion -Wno-constant-conversion -Wno-int-conversion -Wno-bool-conversion -Wno-enum-conversion -Wno-float-conversion -Wno-non-literal-null-conversion -Wno-objc-literal-conversion -Wshorten-64-to-32 -Wpointer-sign -Wno-newline-eof -Wno-selector -Wno-strict-selector-match -Wno-undeclared-selector -Wno-deprecated-implementations -Wno-implicit-fallthrough -fstrict-aliasing -Wprotocol -Wdeprecated-declarations -Wno-sign-conversion -Wno-infinite-recursion -Wno-comma -Wno-block-capture-autoreleasing -Wno-strict-prototypes -Wno-semicolon-before-method-body -index-store-path /Users/aryazaeri/Library/Developer/Xcode/DerivedData/BestBefore_Prototype_IOS-gbnddpnjsvathjdutdcktjqecxgh/Index.noindex/DataStore @/Users/aryazaeri/Library/Developer/Xcode/DerivedData/BestBefore_Prototype_IOS-gbnddpnjsvathjdutdcktjqecxgh/Build/Intermediates.noindex/Firebase.build/Debug-iphonesimulator/FirebaseCore.build/Objects-normal/arm64/e6072d4f65d7061329687fe24e3d63a7-common-args.resp -include /Users/aryazaeri/Library/Developer/Xcode/DerivedData/BestBefore_Prototype_IOS-gbnddpnjsvathjdutdcktjqecxgh/Build/Intermediates.noindex/Firebase.build/Debug-iphonesimulator/FirebaseCore.build/DerivedSources/resource_bundle_accessor.h -MMD -MT dependencies -MF /Users/aryazaeri/Library/Developer/Xcode/DerivedData/BestBefore_Prototype_IOS-gbnddpnjsvathjdutdcktjqecxgh/Build/Intermediates.noindex/Firebase.build/Debug-iphonesimulator/FirebaseCore.build/Objects-normal/arm64/FIRComponent.d --serialize-diagnostics /Users/aryazaeri/Library/Developer/Xcode/DerivedData/BestBefore_Prototype_IOS-gbnddpnjsvathjdutdcktjqecxgh/Build/Intermediates.noindex/Firebase.build/Debug-iphonesimulator/FirebaseCore.build/Objects-normal/arm64/FIRComponent.dia -c /Users/aryazaeri/Library/Developer/Xcode/DerivedData/BestBefore_Prototype_IOS-gbnddpnjsvathjdutdcktjqecxgh/SourcePackages/checkouts/firebase-ios-sdk/FirebaseCore/Sources/FIRComponent.m -o /Users/aryazaeri/Library/Developer/Xcode/DerivedData/BestBefore_Prototype_IOS-gbnddpnjsvathjdutdcktjqecxgh/Build/Intermediates.noindex/Firebase.build/Debug-iphonesimulator/FirebaseCore.build/Objects-normal/arm64/FIRComponent.o -index-unit-output-path /Firebase.build/Debug-iphonesimulator/FirebaseCore.build/Objects-normal/arm64/FIRComponent.o

CompileC /Users/aryazaeri/Library/Developer/Xcode/DerivedData/BestBefore_Prototype_IOS-gbnddpnjsvathjdutdcktjqecxgh/Build/Intermediates.noindex/Firebase.build/Debug-iphonesimulator/FirebaseCore.build/Objects-normal/arm64/FIRComponentType.o /Users/aryazaeri/Library/Developer/Xcode/DerivedData/BestBefore_Prototype_IOS-gbnddpnjsvathjdutdcktjqecxgh/SourcePackages/checkouts/firebase-ios-sdk/FirebaseCore/Sources/FIRComponentType.m normal arm64 objective-c com.apple.compilers.llvm.clang.1_0.compiler (in target 'FirebaseCore' from project 'Firebase')
    cd /Users/aryazaeri/Desktop/BestBefore/BestBefore_V2/ios/BestBefore_Prototype_IOS/BestBefore_Prototype_IOS.xcodeproj
    
    Using response file: /Users/aryazaeri/Library/Developer/Xcode/DerivedData/BestBefore_Prototype_IOS-gbnddpnjsvathjdutdcktjqecxgh/Build/Intermediates.noindex/Firebase.build/Debug-iphonesimulator/FirebaseCore.build/Objects-normal/arm64/e6072d4f65d7061329687fe24e3d63a7-common-args.resp
    
    /Applications/Xcode.app/Contents/Developer/Toolchains/XcodeDefault.xctoolchain/usr/bin/clang -x objective-c -ivfsstatcache /Users/aryazaeri/Library/Developer/Xcode/DerivedData/SDKStatCaches.noindex/iphonesimulator26.2-23C53-7d00a8b37fbd7999ea79df8ebc024bf0.sdkstatcache -fmessage-length\=0 -fdiagnostics-show-note-include-stack -fmacro-backtrace-limit\=0 -fno-color-diagnostics -fmodules-prune-interval\=86400 -fmodules-prune-after\=345600 -fbuild-session-file\=/Users/aryazaeri/Library/Developer/Xcode/DerivedData/ModuleCache.noindex/Session.modulevalidation -fmodules-validate-once-per-build-session -Wnon-modular-include-in-framework-module -Werror\=non-modular-include-in-framework-module -Wno-trigraphs -Wno-missing-field-initializers -Wno-missing-prototypes -Wno-return-type -Wno-implicit-atomic-properties -Wno-objc-interface-ivars -Wno-arc-repeated-use-of-weak -Wno-missing-braces -Wparentheses -Wswitch -Wno-unused-function -Wno-unused-label -Wno-unused-parameter -Wno-unused-variable -Wunused-value -Wno-empty-body -Wno-uninitialized -Wno-unknown-pragmas -w -Wno-shadow -Wno-four-char-constants -Wno-conversion -Wno-constant-conversion -Wno-int-conversion -Wno-bool-conversion -Wno-enum-conversion -Wno-float-conversion -Wno-non-literal-null-conversion -Wno-objc-literal-conversion -Wshorten-64-to-32 -Wpointer-sign -Wno-newline-eof -Wno-selector -Wno-strict-selector-match -Wno-undeclared-selector -Wno-deprecated-implementations -Wno-implicit-fallthrough -fstrict-aliasing -Wprotocol -Wdeprecated-declarations -Wno-sign-conversion -Wno-infinite-recursion -Wno-comma -Wno-block-capture-autoreleasing -Wno-strict-prototypes -Wno-semicolon-before-method-body -index-store-path /Users/aryazaeri/Library/Developer/Xcode/DerivedData/BestBefore_Prototype_IOS-gbnddpnjsvathjdutdcktjqecxgh/Index.noindex/DataStore @/Users/aryazaeri/Library/Developer/Xcode/DerivedData/BestBefore_Prototype_IOS-gbnddpnjsvathjdutdcktjqecxgh/Build/Intermediates.noindex/Firebase.build/Debug-iphonesimulator/FirebaseCore.build/Objects-normal/arm64/e6072d4f65d7061329687fe24e3d63a7-common-args.resp -include /Users/aryazaeri/Library/Developer/Xcode/DerivedData/BestBefore_Prototype_IOS-gbnddpnjsvathjdutdcktjqecxgh/Build/Intermediates.noindex/Firebase.build/Debug-iphonesimulator/FirebaseCore.build/DerivedSources/resource_bundle_accessor.h -MMD -MT dependencies -MF /Users/aryazaeri/Library/Developer/Xcode/DerivedData/BestBefore_Prototype_IOS-gbnddpnjsvathjdutdcktjqecxgh/Build/Intermediates.noindex/Firebase.build/Debug-iphonesimulator/FirebaseCore.build/Objects-normal/arm64/FIRComponentType.d --serialize-diagnostics /Users/aryazaeri/Library/Developer/Xcode/DerivedData/BestBefore_Prototype_IOS-gbnddpnjsvathjdutdcktjqecxgh/Build/Intermediates.noindex/Firebase.build/Debug-iphonesimulator/FirebaseCore.build/Objects-normal/arm64/FIRComponentType.dia -c /Users/aryazaeri/Library/Developer/Xcode/DerivedData/BestBefore_Prototype_IOS-gbnddpnjsvathjdutdcktjqecxgh/SourcePackages/checkouts/firebase-ios-sdk/FirebaseCore/Sources/FIRComponentType.m -o /Users/aryazaeri/Library/Developer/Xcode/DerivedData/BestBefore_Prototype_IOS-gbnddpnjsvathjdutdcktjqecxgh/Build/Intermediates.noindex/Firebase.build/Debug-iphonesimulator/FirebaseCore.build/Objects-normal/arm64/FIRComponentType.o -index-unit-output-path /Firebase.build/Debug-iphonesimulator/FirebaseCore.build/Objects-normal/arm64/FIRComponentType.o

CompileC /Users/aryazaeri/Library/Developer/Xcode/DerivedData/BestBefore_Prototype_IOS-gbnddpnjsvathjdutdcktjqecxgh/Build/Intermediates.noindex/Firebase.build/Debug-iphonesimulator/FirebaseCore.build/Objects-normal/arm64/FIRLogger.o /Users/aryazaeri/Library/Developer/Xcode/DerivedData/BestBefore_Prototype_IOS-gbnddpnjsvathjdutdcktjqecxgh/SourcePackages/checkouts/firebase-ios-sdk/FirebaseCore/Sources/FIRLogger.m normal arm64 objective-c com.apple.compilers.llvm.clang.1_0.compiler (in target 'FirebaseCore' from project 'Firebase')
    cd /Users/aryazaeri/Desktop/BestBefore/BestBefore_V2/ios/BestBefore_Prototype_IOS/BestBefore_Prototype_IOS.xcodeproj
    
    Using response file: /Users/aryazaeri/Library/Developer/Xcode/DerivedData/BestBefore_Prototype_IOS-gbnddpnjsvathjdutdcktjqecxgh/Build/Intermediates.noindex/Firebase.build/Debug-iphonesimulator/FirebaseCore.build/Objects-normal/arm64/e6072d4f65d7061329687fe24e3d63a7-common-args.resp
    
    /Applications/Xcode.app/Contents/Developer/Toolchains/XcodeDefault.xctoolchain/usr/bin/clang -x objective-c -ivfsstatcache /Users/aryazaeri/Library/Developer/Xcode/DerivedData/SDKStatCaches.noindex/iphonesimulator26.2-23C53-7d00a8b37fbd7999ea79df8ebc024bf0.sdkstatcache -fmessage-length\=0 -fdiagnostics-show-note-include-stack -fmacro-backtrace-limit\=0 -fno-color-diagnostics -fmodules-prune-interval\=86400 -fmodules-prune-after\=345600 -fbuild-session-file\=/Users/aryazaeri/Library/Developer/Xcode/DerivedData/ModuleCache.noindex/Session.modulevalidation -fmodules-validate-once-per-build-session -Wnon-modular-include-in-framework-module -Werror\=non-modular-include-in-framework-module -Wno-trigraphs -Wno-missing-field-initializers -Wno-missing-prototypes -Wno-return-type -Wno-implicit-atomic-properties -Wno-objc-interface-ivars -Wno-arc-repeated-use-of-weak -Wno-missing-braces -Wparentheses -Wswitch -Wno-unused-function -Wno-unused-label -Wno-unused-parameter -Wno-unused-variable -Wunused-value -Wno-empty-body -Wno-uninitialized -Wno-unknown-pragmas -w -Wno-shadow -Wno-four-char-constants -Wno-conversion -Wno-constant-conversion -Wno-int-conversion -Wno-bool-conversion -Wno-enum-conversion -Wno-float-conversion -Wno-non-literal-null-conversion -Wno-objc-literal-conversion -Wshorten-64-to-32 -Wpointer-sign -Wno-newline-eof -Wno-selector -Wno-strict-selector-match -Wno-undeclared-selector -Wno-deprecated-implementations -Wno-implicit-fallthrough -fstrict-aliasing -Wprotocol -Wdeprecated-declarations -Wno-sign-conversion -Wno-infinite-recursion -Wno-comma -Wno-block-capture-autoreleasing -Wno-strict-prototypes -Wno-semicolon-before-method-body -index-store-path /Users/aryazaeri/Library/Developer/Xcode/DerivedData/BestBefore_Prototype_IOS-gbnddpnjsvathjdutdcktjqecxgh/Index.noindex/DataStore @/Users/aryazaeri/Library/Developer/Xcode/DerivedData/BestBefore_Prototype_IOS-gbnddpnjsvathjdutdcktjqecxgh/Build/Intermediates.noindex/Firebase.build/Debug-iphonesimulator/FirebaseCore.build/Objects-normal/arm64/e6072d4f65d7061329687fe24e3d63a7-common-args.resp -include /Users/aryazaeri/Library/Developer/Xcode/DerivedData/BestBefore_Prototype_IOS-gbnddpnjsvathjdutdcktjqecxgh/Build/Intermediates.noindex/Firebase.build/Debug-iphonesimulator/FirebaseCore.build/DerivedSources/resource_bundle_accessor.h -MMD -MT dependencies -MF /Users/aryazaeri/Library/Developer/Xcode/DerivedData/BestBefore_Prototype_IOS-gbnddpnjsvathjdutdcktjqecxgh/Build/Intermediates.noindex/Firebase.build/Debug-iphonesimulator/FirebaseCore.build/Objects-normal/arm64/FIRLogger.d --serialize-diagnostics /Users/aryazaeri/Library/Developer/Xcode/DerivedData/BestBefore_Prototype_IOS-gbnddpnjsvathjdutdcktjqecxgh/Build/Intermediates.noindex/Firebase.build/Debug-iphonesimulator/FirebaseCore.build/Objects-normal/arm64/FIRLogger.dia -c /Users/aryazaeri/Library/Developer/Xcode/DerivedData/BestBefore_Prototype_IOS-gbnddpnjsvathjdutdcktjqecxgh/SourcePackages/checkouts/firebase-ios-sdk/FirebaseCore/Sources/FIRLogger.m -o /Users/aryazaeri/Library/Developer/Xcode/DerivedData/BestBefore_Prototype_IOS-gbnddpnjsvathjdutdcktjqecxgh/Build/Intermediates.noindex/Firebase.build/Debug-iphonesimulator/FirebaseCore.build/Objects-normal/arm64/FIRLogger.o -index-unit-output-path /Firebase.build/Debug-iphonesimulator/FirebaseCore.build/Objects-normal/arm64/FIRLogger.o

ScanDependencies /Users/aryazaeri/Library/Developer/Xcode/DerivedData/BestBefore_Prototype_IOS-gbnddpnjsvathjdutdcktjqecxgh/Build/Intermediates.noindex/Firebase.build/Debug-iphonesimulator/FirebaseCore.build/Objects-normal/arm64/FIRBundleUtil.o /Users/aryazaeri/Library/Developer/Xcode/DerivedData/BestBefore_Prototype_IOS-gbnddpnjsvathjdutdcktjqecxgh/SourcePackages/checkouts/firebase-ios-sdk/FirebaseCore/Sources/FIRBundleUtil.m normal arm64 objective-c com.apple.compilers.llvm.clang.1_0.compiler (in target 'FirebaseCore' from project 'Firebase')
    cd /Users/aryazaeri/Desktop/BestBefore/BestBefore_V2/ios/BestBefore_Prototype_IOS/BestBefore_Prototype_IOS.xcodeproj
    
    Using response file: /Users/aryazaeri/Library/Developer/Xcode/DerivedData/BestBefore_Prototype_IOS-gbnddpnjsvathjdutdcktjqecxgh/Build/Intermediates.noindex/Firebase.build/Debug-iphonesimulator/FirebaseCore.build/Objects-normal/arm64/e6072d4f65d7061329687fe24e3d63a7-common-args.resp
    
    builtin-ScanDependencies -o /Users/aryazaeri/Library/Developer/Xcode/DerivedData/BestBefore_Prototype_IOS-gbnddpnjsvathjdutdcktjqecxgh/Build/Intermediates.noindex/Firebase.build/Debug-iphonesimulator/FirebaseCore.build/Objects-normal/arm64/FIRBundleUtil.o.scan -- /Applications/Xcode.app/Contents/Developer/Toolchains/XcodeDefault.xctoolchain/usr/bin/clang -x objective-c -ivfsstatcache /Users/aryazaeri/Library/Developer/Xcode/DerivedData/SDKStatCaches.noindex/iphonesimulator26.2-23C53-7d00a8b37fbd7999ea79df8ebc024bf0.sdkstatcache -fmessage-length\=0 -fdiagnostics-show-note-include-stack -fmacro-backtrace-limit\=0 -fno-color-diagnostics -fmodules-prune-interval\=86400 -fmodules-prune-after\=345600 -fbuild-session-file\=/Users/aryazaeri/Library/Developer/Xcode/DerivedData/ModuleCache.noindex/Session.modulevalidation -fmodules-validate-once-per-build-session -Wnon-modular-include-in-framework-module -Werror\=non-modular-include-in-framework-module -Wno-trigraphs -Wno-missing-field-initializers -Wno-missing-prototypes -Wno-return-type -Wno-implicit-atomic-properties -Wno-objc-interface-ivars -Wno-arc-repeated-use-of-weak -Wno-missing-braces -Wparentheses -Wswitch -Wno-unused-function -Wno-unused-label -Wno-unused-parameter -Wno-unused-variable -Wunused-value -Wno-empty-body -Wno-uninitialized -Wno-unknown-pragmas -w -Wno-shadow -Wno-four-char-constants -Wno-conversion -Wno-constant-conversion -Wno-int-conversion -Wno-bool-conversion -Wno-enum-conversion -Wno-float-conversion -Wno-non-literal-null-conversion -Wno-objc-literal-conversion -Wshorten-64-to-32 -Wpointer-sign -Wno-newline-eof -Wno-selector -Wno-strict-selector-match -Wno-undeclared-selector -Wno-deprecated-implementations -Wno-implicit-fallthrough -fstrict-aliasing -Wprotocol -Wdeprecated-declarations -Wno-sign-conversion -Wno-infinite-recursion -Wno-comma -Wno-block-capture-autoreleasing -Wno-strict-prototypes -Wno-semicolon-before-method-body -index-store-path /Users/aryazaeri/Library/Developer/Xcode/DerivedData/BestBefore_Prototype_IOS-gbnddpnjsvathjdutdcktjqecxgh/Index.noindex/DataStore @/Users/aryazaeri/Library/Developer/Xcode/DerivedData/BestBefore_Prototype_IOS-gbnddpnjsvathjdutdcktjqecxgh/Build/Intermediates.noindex/Firebase.build/Debug-iphonesimulator/FirebaseCore.build/Objects-normal/arm64/e6072d4f65d7061329687fe24e3d63a7-common-args.resp -include /Users/aryazaeri/Library/Developer/Xcode/DerivedData/BestBefore_Prototype_IOS-gbnddpnjsvathjdutdcktjqecxgh/Build/Intermediates.noindex/Firebase.build/Debug-iphonesimulator/FirebaseCore.build/DerivedSources/resource_bundle_accessor.h -MMD -MT dependencies -MF /Users/aryazaeri/Library/Developer/Xcode/DerivedData/BestBefore_Prototype_IOS-gbnddpnjsvathjdutdcktjqecxgh/Build/Intermediates.noindex/Firebase.build/Debug-iphonesimulator/FirebaseCore.build/Objects-normal/arm64/FIRBundleUtil.d --serialize-diagnostics /Users/aryazaeri/Library/Developer/Xcode/DerivedData/BestBefore_Prototype_IOS-gbnddpnjsvathjdutdcktjqecxgh/Build/Intermediates.noindex/Firebase.build/Debug-iphonesimulator/FirebaseCore.build/Objects-normal/arm64/FIRBundleUtil.dia -c /Users/aryazaeri/Library/Developer/Xcode/DerivedData/BestBefore_Prototype_IOS-gbnddpnjsvathjdutdcktjqecxgh/SourcePackages/checkouts/firebase-ios-sdk/FirebaseCore/Sources/FIRBundleUtil.m -o /Users/aryazaeri/Library/Developer/Xcode/DerivedData/BestBefore_Prototype_IOS-gbnddpnjsvathjdutdcktjqecxgh/Build/Intermediates.noindex/Firebase.build/Debug-iphonesimulator/FirebaseCore.build/Objects-normal/arm64/FIRBundleUtil.o -index-unit-output-path /Firebase.build/Debug-iphonesimulator/FirebaseCore.build/Objects-normal/arm64/FIRBundleUtil.o

CompileC /Users/aryazaeri/Library/Developer/Xcode/DerivedData/BestBefore_Prototype_IOS-gbnddpnjsvathjdutdcktjqecxgh/Build/Intermediates.noindex/Firebase.build/Debug-iphonesimulator/FirebaseCore.build/Objects-normal/arm64/FIRComponent.o /Users/aryazaeri/Library/Developer/Xcode/DerivedData/BestBefore_Prototype_IOS-gbnddpnjsvathjdutdcktjqecxgh/SourcePackages/checkouts/firebase-ios-sdk/FirebaseCore/Sources/FIRComponent.m normal arm64 objective-c com.apple.compilers.llvm.clang.1_0.compiler (in target 'FirebaseCore' from project 'Firebase')
    cd /Users/aryazaeri/Desktop/BestBefore/BestBefore_V2/ios/BestBefore_Prototype_IOS/BestBefore_Prototype_IOS.xcodeproj
    
    Using response file: /Users/aryazaeri/Library/Developer/Xcode/DerivedData/BestBefore_Prototype_IOS-gbnddpnjsvathjdutdcktjqecxgh/Build/Intermediates.noindex/Firebase.build/Debug-iphonesimulator/FirebaseCore.build/Objects-normal/arm64/e6072d4f65d7061329687fe24e3d63a7-common-args.resp
    
    /Applications/Xcode.app/Contents/Developer/Toolchains/XcodeDefault.xctoolchain/usr/bin/clang -x objective-c -ivfsstatcache /Users/aryazaeri/Library/Developer/Xcode/DerivedData/SDKStatCaches.noindex/iphonesimulator26.2-23C53-7d00a8b37fbd7999ea79df8ebc024bf0.sdkstatcache -fmessage-length\=0 -fdiagnostics-show-note-include-stack -fmacro-backtrace-limit\=0 -fno-color-diagnostics -fmodules-prune-interval\=86400 -fmodules-prune-after\=345600 -fbuild-session-file\=/Users/aryazaeri/Library/Developer/Xcode/DerivedData/ModuleCache.noindex/Session.modulevalidation -fmodules-validate-once-per-build-session -Wnon-modular-include-in-framework-module -Werror\=non-modular-include-in-framework-module -Wno-trigraphs -Wno-missing-field-initializers -Wno-missing-prototypes -Wno-return-type -Wno-implicit-atomic-properties -Wno-objc-interface-ivars -Wno-arc-repeated-use-of-weak -Wno-missing-braces -Wparentheses -Wswitch -Wno-unused-function -Wno-unused-label -Wno-unused-parameter -Wno-unused-variable -Wunused-value -Wno-empty-body -Wno-uninitialized -Wno-unknown-pragmas -w -Wno-shadow -Wno-four-char-constants -Wno-conversion -Wno-constant-conversion -Wno-int-conversion -Wno-bool-conversion -Wno-enum-conversion -Wno-float-conversion -Wno-non-literal-null-conversion -Wno-objc-literal-conversion -Wshorten-64-to-32 -Wpointer-sign -Wno-newline-eof -Wno-selector -Wno-strict-selector-match -Wno-undeclared-selector -Wno-deprecated-implementations -Wno-implicit-fallthrough -fstrict-aliasing -Wprotocol -Wdeprecated-declarations -Wno-sign-conversion -Wno-infinite-recursion -Wno-comma -Wno-block-capture-autoreleasing -Wno-strict-prototypes -Wno-semicolon-before-method-body -index-store-path /Users/aryazaeri/Library/Developer/Xcode/DerivedData/BestBefore_Prototype_IOS-gbnddpnjsvathjdutdcktjqecxgh/Index.noindex/DataStore @/Users/aryazaeri/Library/Developer/Xcode/DerivedData/BestBefore_Prototype_IOS-gbnddpnjsvathjdutdcktjqecxgh/Build/Intermediates.noindex/Firebase.build/Debug-iphonesimulator/FirebaseCore.build/Objects-normal/arm64/e6072d4f65d7061329687fe24e3d63a7-common-args.resp -include /Users/aryazaeri/Library/Developer/Xcode/DerivedData/BestBefore_Prototype_IOS-gbnddpnjsvathjdutdcktjqecxgh/Build/Intermediates.noindex/Firebase.build/Debug-iphonesimulator/FirebaseCore.build/DerivedSources/resource_bundle_accessor.h -MMD -MT dependencies -MF /Users/aryazaeri/Library/Developer/Xcode/DerivedData/BestBefore_Prototype_IOS-gbnddpnjsvathjdutdcktjqecxgh/Build/Intermediates.noindex/Firebase.build/Debug-iphonesimulator/FirebaseCore.build/Objects-normal/arm64/FIRComponent.d --serialize-diagnostics /Users/aryazaeri/Library/Developer/Xcode/DerivedData/BestBefore_Prototype_IOS-gbnddpnjsvathjdutdcktjqecxgh/Build/Intermediates.noindex/Firebase.build/Debug-iphonesimulator/FirebaseCore.build/Objects-normal/arm64/FIRComponent.dia -c /Users/aryazaeri/Library/Developer/Xcode/DerivedData/BestBefore_Prototype_IOS-gbnddpnjsvathjdutdcktjqecxgh/SourcePackages/checkouts/firebase-ios-sdk/FirebaseCore/Sources/FIRComponent.m -o /Users/aryazaeri/Library/Developer/Xcode/DerivedData/BestBefore_Prototype_IOS-gbnddpnjsvathjdutdcktjqecxgh/Build/Intermediates.noindex/Firebase.build/Debug-iphonesimulator/FirebaseCore.build/Objects-normal/arm64/FIRComponent.o -index-unit-output-path /Firebase.build/Debug-iphonesimulator/FirebaseCore.build/Objects-normal/arm64/FIRComponent.o

CompileC /Users/aryazaeri/Library/Developer/Xcode/DerivedData/BestBefore_Prototype_IOS-gbnddpnjsvathjdutdcktjqecxgh/Build/Intermediates.noindex/Firebase.build/Debug-iphonesimulator/FirebaseCore.build/Objects-normal/arm64/FIRComponentContainer.o /Users/aryazaeri/Library/Developer/Xcode/DerivedData/BestBefore_Prototype_IOS-gbnddpnjsvathjdutdcktjqecxgh/SourcePackages/checkouts/firebase-ios-sdk/FirebaseCore/Sources/FIRComponentContainer.m normal arm64 objective-c com.apple.compilers.llvm.clang.1_0.compiler (in target 'FirebaseCore' from project 'Firebase')
    cd /Users/aryazaeri/Desktop/BestBefore/BestBefore_V2/ios/BestBefore_Prototype_IOS/BestBefore_Prototype_IOS.xcodeproj
    
    Using response file: /Users/aryazaeri/Library/Developer/Xcode/DerivedData/BestBefore_Prototype_IOS-gbnddpnjsvathjdutdcktjqecxgh/Build/Intermediates.noindex/Firebase.build/Debug-iphonesimulator/FirebaseCore.build/Objects-normal/arm64/e6072d4f65d7061329687fe24e3d63a7-common-args.resp
    
    /Applications/Xcode.app/Contents/Developer/Toolchains/XcodeDefault.xctoolchain/usr/bin/clang -x objective-c -ivfsstatcache /Users/aryazaeri/Library/Developer/Xcode/DerivedData/SDKStatCaches.noindex/iphonesimulator26.2-23C53-7d00a8b37fbd7999ea79df8ebc024bf0.sdkstatcache -fmessage-length\=0 -fdiagnostics-show-note-include-stack -fmacro-backtrace-limit\=0 -fno-color-diagnostics -fmodules-prune-interval\=86400 -fmodules-prune-after\=345600 -fbuild-session-file\=/Users/aryazaeri/Library/Developer/Xcode/DerivedData/ModuleCache.noindex/Session.modulevalidation -fmodules-validate-once-per-build-session -Wnon-modular-include-in-framework-module -Werror\=non-modular-include-in-framework-module -Wno-trigraphs -Wno-missing-field-initializers -Wno-missing-prototypes -Wno-return-type -Wno-implicit-atomic-properties -Wno-objc-interface-ivars -Wno-arc-repeated-use-of-weak -Wno-missing-braces -Wparentheses -Wswitch -Wno-unused-function -Wno-unused-label -Wno-unused-parameter -Wno-unused-variable -Wunused-value -Wno-empty-body -Wno-uninitialized -Wno-unknown-pragmas -w -Wno-shadow -Wno-four-char-constants -Wno-conversion -Wno-constant-conversion -Wno-int-conversion -Wno-bool-conversion -Wno-enum-conversion -Wno-float-conversion -Wno-non-literal-null-conversion -Wno-objc-literal-conversion -Wshorten-64-to-32 -Wpointer-sign -Wno-newline-eof -Wno-selector -Wno-strict-selector-match -Wno-undeclared-selector -Wno-deprecated-implementations -Wno-implicit-fallthrough -fstrict-aliasing -Wprotocol -Wdeprecated-declarations -Wno-sign-conversion -Wno-infinite-recursion -Wno-comma -Wno-block-capture-autoreleasing -Wno-strict-prototypes -Wno-semicolon-before-method-body -index-store-path /Users/aryazaeri/Library/Developer/Xcode/DerivedData/BestBefore_Prototype_IOS-gbnddpnjsvathjdutdcktjqecxgh/Index.noindex/DataStore @/Users/aryazaeri/Library/Developer/Xcode/DerivedData/BestBefore_Prototype_IOS-gbnddpnjsvathjdutdcktjqecxgh/Build/Intermediates.noindex/Firebase.build/Debug-iphonesimulator/FirebaseCore.build/Objects-normal/arm64/e6072d4f65d7061329687fe24e3d63a7-common-args.resp -include /Users/aryazaeri/Library/Developer/Xcode/DerivedData/BestBefore_Prototype_IOS-gbnddpnjsvathjdutdcktjqecxgh/Build/Intermediates.noindex/Firebase.build/Debug-iphonesimulator/FirebaseCore.build/DerivedSources/resource_bundle_accessor.h -MMD -MT dependencies -MF /Users/aryazaeri/Library/Developer/Xcode/DerivedData/BestBefore_Prototype_IOS-gbnddpnjsvathjdutdcktjqecxgh/Build/Intermediates.noindex/Firebase.build/Debug-iphonesimulator/FirebaseCore.build/Objects-normal/arm64/FIRComponentContainer.d --serialize-diagnostics /Users/aryazaeri/Library/Developer/Xcode/DerivedData/BestBefore_Prototype_IOS-gbnddpnjsvathjdutdcktjqecxgh/Build/Intermediates.noindex/Firebase.build/Debug-iphonesimulator/FirebaseCore.build/Objects-normal/arm64/FIRComponentContainer.dia -c /Users/aryazaeri/Library/Developer/Xcode/DerivedData/BestBefore_Prototype_IOS-gbnddpnjsvathjdutdcktjqecxgh/SourcePackages/checkouts/firebase-ios-sdk/FirebaseCore/Sources/FIRComponentContainer.m -o /Users/aryazaeri/Library/Developer/Xcode/DerivedData/BestBefore_Prototype_IOS-gbnddpnjsvathjdutdcktjqecxgh/Build/Intermediates.noindex/Firebase.build/Debug-iphonesimulator/FirebaseCore.build/Objects-normal/arm64/FIRComponentContainer.o -index-unit-output-path /Firebase.build/Debug-iphonesimulator/FirebaseCore.build/Objects-normal/arm64/FIRComponentContainer.o

ScanDependencies /Users/aryazaeri/Library/Developer/Xcode/DerivedData/BestBefore_Prototype_IOS-gbnddpnjsvathjdutdcktjqecxgh/Build/Intermediates.noindex/GoogleUtilities.build/Debug-iphonesimulator/GoogleUtilities-AppDelegateSwizzler.build/Objects-normal/x86_64/resource_bundle_accessor.o /Users/aryazaeri/Library/Developer/Xcode/DerivedData/BestBefore_Prototype_IOS-gbnddpnjsvathjdutdcktjqecxgh/Build/Intermediates.noindex/GoogleUtilities.build/Debug-iphonesimulator/GoogleUtilities-AppDelegateSwizzler.build/DerivedSources/resource_bundle_accessor.m normal x86_64 objective-c com.apple.compilers.llvm.clang.1_0.compiler (in target 'GoogleUtilities-AppDelegateSwizzler' from project 'GoogleUtilities')
    cd /Users/aryazaeri/Desktop/BestBefore/BestBefore_V2/ios/BestBefore_Prototype_IOS/BestBefore_Prototype_IOS.xcodeproj
    
    Using response file: /Users/aryazaeri/Library/Developer/Xcode/DerivedData/BestBefore_Prototype_IOS-gbnddpnjsvathjdutdcktjqecxgh/Build/Intermediates.noindex/GoogleUtilities.build/Debug-iphonesimulator/GoogleUtilities-AppDelegateSwizzler.build/Objects-normal/x86_64/e6072d4f65d7061329687fe24e3d63a7-common-args.resp
    
    builtin-ScanDependencies -o /Users/aryazaeri/Library/Developer/Xcode/DerivedData/BestBefore_Prototype_IOS-gbnddpnjsvathjdutdcktjqecxgh/Build/Intermediates.noindex/GoogleUtilities.build/Debug-iphonesimulator/GoogleUtilities-AppDelegateSwizzler.build/Objects-normal/x86_64/resource_bundle_accessor.o.scan -- /Applications/Xcode.app/Contents/Developer/Toolchains/XcodeDefault.xctoolchain/usr/bin/clang -x objective-c -ivfsstatcache /Users/aryazaeri/Library/Developer/Xcode/DerivedData/SDKStatCaches.noindex/iphonesimulator26.2-23C53-7d00a8b37fbd7999ea79df8ebc024bf0.sdkstatcache -fmessage-length\=0 -fdiagnostics-show-note-include-stack -fmacro-backtrace-limit\=0 -fno-color-diagnostics -fmodules-prune-interval\=86400 -fmodules-prune-after\=345600 -fbuild-session-file\=/Users/aryazaeri/Library/Developer/Xcode/DerivedData/ModuleCache.noindex/Session.modulevalidation -fmodules-validate-once-per-build-session -Wnon-modular-include-in-framework-module -Werror\=non-modular-include-in-framework-module -Wno-trigraphs -Wno-missing-field-initializers -Wno-missing-prototypes -Wno-return-type -Wno-implicit-atomic-properties -Wno-objc-interface-ivars -Wno-arc-repeated-use-of-weak -Wno-missing-braces -Wparentheses -Wswitch -Wno-unused-function -Wno-unused-label -Wno-unused-parameter -Wno-unused-variable -Wunused-value -Wno-empty-body -Wno-uninitialized -Wno-unknown-pragmas -w -Wno-shadow -Wno-four-char-constants -Wno-conversion -Wno-constant-conversion -Wno-int-conversion -Wno-bool-conversion -Wno-enum-conversion -Wno-float-conversion -Wno-non-literal-null-conversion -Wno-objc-literal-conversion -Wshorten-64-to-32 -Wpointer-sign -Wno-newline-eof -Wno-selector -Wno-strict-selector-match -Wno-undeclared-selector -Wno-deprecated-implementations -Wno-implicit-fallthrough -fstrict-aliasing -Wprotocol -Wdeprecated-declarations -Wno-sign-conversion -Wno-infinite-recursion -Wno-comma -Wno-block-capture-autoreleasing -Wno-strict-prototypes -Wno-semicolon-before-method-body -index-store-path /Users/aryazaeri/Library/Developer/Xcode/DerivedData/BestBefore_Prototype_IOS-gbnddpnjsvathjdutdcktjqecxgh/Index.noindex/DataStore @/Users/aryazaeri/Library/Developer/Xcode/DerivedData/BestBefore_Prototype_IOS-gbnddpnjsvathjdutdcktjqecxgh/Build/Intermediates.noindex/GoogleUtilities.build/Debug-iphonesimulator/GoogleUtilities-AppDelegateSwizzler.build/Objects-normal/x86_64/e6072d4f65d7061329687fe24e3d63a7-common-args.resp -include /Users/aryazaeri/Library/Developer/Xcode/DerivedData/BestBefore_Prototype_IOS-gbnddpnjsvathjdutdcktjqecxgh/Build/Intermediates.noindex/GoogleUtilities.build/Debug-iphonesimulator/GoogleUtilities-AppDelegateSwizzler.build/DerivedSources/resource_bundle_accessor.h -MMD -MT dependencies -MF /Users/aryazaeri/Library/Developer/Xcode/DerivedData/BestBefore_Prototype_IOS-gbnddpnjsvathjdutdcktjqecxgh/Build/Intermediates.noindex/GoogleUtilities.build/Debug-iphonesimulator/GoogleUtilities-AppDelegateSwizzler.build/Objects-normal/x86_64/resource_bundle_accessor.d --serialize-diagnostics /Users/aryazaeri/Library/Developer/Xcode/DerivedData/BestBefore_Prototype_IOS-gbnddpnjsvathjdutdcktjqecxgh/Build/Intermediates.noindex/GoogleUtilities.build/Debug-iphonesimulator/GoogleUtilities-AppDelegateSwizzler.build/Objects-normal/x86_64/resource_bundle_accessor.dia -c /Users/aryazaeri/Library/Developer/Xcode/DerivedData/BestBefore_Prototype_IOS-gbnddpnjsvathjdutdcktjqecxgh/Build/Intermediates.noindex/GoogleUtilities.build/Debug-iphonesimulator/GoogleUtilities-AppDelegateSwizzler.build/DerivedSources/resource_bundle_accessor.m -o /Users/aryazaeri/Library/Developer/Xcode/DerivedData/BestBefore_Prototype_IOS-gbnddpnjsvathjdutdcktjqecxgh/Build/Intermediates.noindex/GoogleUtilities.build/Debug-iphonesimulator/GoogleUtilities-AppDelegateSwizzler.build/Objects-normal/x86_64/resource_bundle_accessor.o -index-unit-output-path /GoogleUtilities.build/Debug-iphonesimulator/GoogleUtilities-AppDelegateSwizzler.build/Objects-normal/x86_64/resource_bundle_accessor.o

CompileC /Users/aryazaeri/Library/Developer/Xcode/DerivedData/BestBefore_Prototype_IOS-gbnddpnjsvathjdutdcktjqecxgh/Build/Intermediates.noindex/Firebase.build/Debug-iphonesimulator/FirebaseCore.build/Objects-normal/arm64/FIRBundleUtil.o /Users/aryazaeri/Library/Developer/Xcode/DerivedData/BestBefore_Prototype_IOS-gbnddpnjsvathjdutdcktjqecxgh/SourcePackages/checkouts/firebase-ios-sdk/FirebaseCore/Sources/FIRBundleUtil.m normal arm64 objective-c com.apple.compilers.llvm.clang.1_0.compiler (in target 'FirebaseCore' from project 'Firebase')
    cd /Users/aryazaeri/Desktop/BestBefore/BestBefore_V2/ios/BestBefore_Prototype_IOS/BestBefore_Prototype_IOS.xcodeproj
    
    Using response file: /Users/aryazaeri/Library/Developer/Xcode/DerivedData/BestBefore_Prototype_IOS-gbnddpnjsvathjdutdcktjqecxgh/Build/Intermediates.noindex/Firebase.build/Debug-iphonesimulator/FirebaseCore.build/Objects-normal/arm64/e6072d4f65d7061329687fe24e3d63a7-common-args.resp
    
    /Applications/Xcode.app/Contents/Developer/Toolchains/XcodeDefault.xctoolchain/usr/bin/clang -x objective-c -ivfsstatcache /Users/aryazaeri/Library/Developer/Xcode/DerivedData/SDKStatCaches.noindex/iphonesimulator26.2-23C53-7d00a8b37fbd7999ea79df8ebc024bf0.sdkstatcache -fmessage-length\=0 -fdiagnostics-show-note-include-stack -fmacro-backtrace-limit\=0 -fno-color-diagnostics -fmodules-prune-interval\=86400 -fmodules-prune-after\=345600 -fbuild-session-file\=/Users/aryazaeri/Library/Developer/Xcode/DerivedData/ModuleCache.noindex/Session.modulevalidation -fmodules-validate-once-per-build-session -Wnon-modular-include-in-framework-module -Werror\=non-modular-include-in-framework-module -Wno-trigraphs -Wno-missing-field-initializers -Wno-missing-prototypes -Wno-return-type -Wno-implicit-atomic-properties -Wno-objc-interface-ivars -Wno-arc-repeated-use-of-weak -Wno-missing-braces -Wparentheses -Wswitch -Wno-unused-function -Wno-unused-label -Wno-unused-parameter -Wno-unused-variable -Wunused-value -Wno-empty-body -Wno-uninitialized -Wno-unknown-pragmas -w -Wno-shadow -Wno-four-char-constants -Wno-conversion -Wno-constant-conversion -Wno-int-conversion -Wno-bool-conversion -Wno-enum-conversion -Wno-float-conversion -Wno-non-literal-null-conversion -Wno-objc-literal-conversion -Wshorten-64-to-32 -Wpointer-sign -Wno-newline-eof -Wno-selector -Wno-strict-selector-match -Wno-undeclared-selector -Wno-deprecated-implementations -Wno-implicit-fallthrough -fstrict-aliasing -Wprotocol -Wdeprecated-declarations -Wno-sign-conversion -Wno-infinite-recursion -Wno-comma -Wno-block-capture-autoreleasing -Wno-strict-prototypes -Wno-semicolon-before-method-body -index-store-path /Users/aryazaeri/Library/Developer/Xcode/DerivedData/BestBefore_Prototype_IOS-gbnddpnjsvathjdutdcktjqecxgh/Index.noindex/DataStore @/Users/aryazaeri/Library/Developer/Xcode/DerivedData/BestBefore_Prototype_IOS-gbnddpnjsvathjdutdcktjqecxgh/Build/Intermediates.noindex/Firebase.build/Debug-iphonesimulator/FirebaseCore.build/Objects-normal/arm64/e6072d4f65d7061329687fe24e3d63a7-common-args.resp -include /Users/aryazaeri/Library/Developer/Xcode/DerivedData/BestBefore_Prototype_IOS-gbnddpnjsvathjdutdcktjqecxgh/Build/Intermediates.noindex/Firebase.build/Debug-iphonesimulator/FirebaseCore.build/DerivedSources/resource_bundle_accessor.h -MMD -MT dependencies -MF /Users/aryazaeri/Library/Developer/Xcode/DerivedData/BestBefore_Prototype_IOS-gbnddpnjsvathjdutdcktjqecxgh/Build/Intermediates.noindex/Firebase.build/Debug-iphonesimulator/FirebaseCore.build/Objects-normal/arm64/FIRBundleUtil.d --serialize-diagnostics /Users/aryazaeri/Library/Developer/Xcode/DerivedData/BestBefore_Prototype_IOS-gbnddpnjsvathjdutdcktjqecxgh/Build/Intermediates.noindex/Firebase.build/Debug-iphonesimulator/FirebaseCore.build/Objects-normal/arm64/FIRBundleUtil.dia -c /Users/aryazaeri/Library/Developer/Xcode/DerivedData/BestBefore_Prototype_IOS-gbnddpnjsvathjdutdcktjqecxgh/SourcePackages/checkouts/firebase-ios-sdk/FirebaseCore/Sources/FIRBundleUtil.m -o /Users/aryazaeri/Library/Developer/Xcode/DerivedData/BestBefore_Prototype_IOS-gbnddpnjsvathjdutdcktjqecxgh/Build/Intermediates.noindex/Firebase.build/Debug-iphonesimulator/FirebaseCore.build/Objects-normal/arm64/FIRBundleUtil.o -index-unit-output-path /Firebase.build/Debug-iphonesimulator/FirebaseCore.build/Objects-normal/arm64/FIRBundleUtil.o

ScanDependencies /Users/aryazaeri/Library/Developer/Xcode/DerivedData/BestBefore_Prototype_IOS-gbnddpnjsvathjdutdcktjqecxgh/Build/Intermediates.noindex/Firebase.build/Debug-iphonesimulator/FirebaseCore.build/Objects-normal/arm64/FIRApp.o /Users/aryazaeri/Library/Developer/Xcode/DerivedData/BestBefore_Prototype_IOS-gbnddpnjsvathjdutdcktjqecxgh/SourcePackages/checkouts/firebase-ios-sdk/FirebaseCore/Sources/FIRApp.m normal arm64 objective-c com.apple.compilers.llvm.clang.1_0.compiler (in target 'FirebaseCore' from project 'Firebase')
    cd /Users/aryazaeri/Desktop/BestBefore/BestBefore_V2/ios/BestBefore_Prototype_IOS/BestBefore_Prototype_IOS.xcodeproj
    
    Using response file: /Users/aryazaeri/Library/Developer/Xcode/DerivedData/BestBefore_Prototype_IOS-gbnddpnjsvathjdutdcktjqecxgh/Build/Intermediates.noindex/Firebase.build/Debug-iphonesimulator/FirebaseCore.build/Objects-normal/arm64/e6072d4f65d7061329687fe24e3d63a7-common-args.resp
    
    builtin-ScanDependencies -o /Users/aryazaeri/Library/Developer/Xcode/DerivedData/BestBefore_Prototype_IOS-gbnddpnjsvathjdutdcktjqecxgh/Build/Intermediates.noindex/Firebase.build/Debug-iphonesimulator/FirebaseCore.build/Objects-normal/arm64/FIRApp.o.scan -- /Applications/Xcode.app/Contents/Developer/Toolchains/XcodeDefault.xctoolchain/usr/bin/clang -x objective-c -ivfsstatcache /Users/aryazaeri/Library/Developer/Xcode/DerivedData/SDKStatCaches.noindex/iphonesimulator26.2-23C53-7d00a8b37fbd7999ea79df8ebc024bf0.sdkstatcache -fmessage-length\=0 -fdiagnostics-show-note-include-stack -fmacro-backtrace-limit\=0 -fno-color-diagnostics -fmodules-prune-interval\=86400 -fmodules-prune-after\=345600 -fbuild-session-file\=/Users/aryazaeri/Library/Developer/Xcode/DerivedData/ModuleCache.noindex/Session.modulevalidation -fmodules-validate-once-per-build-session -Wnon-modular-include-in-framework-module -Werror\=non-modular-include-in-framework-module -Wno-trigraphs -Wno-missing-field-initializers -Wno-missing-prototypes -Wno-return-type -Wno-implicit-atomic-properties -Wno-objc-interface-ivars -Wno-arc-repeated-use-of-weak -Wno-missing-braces -Wparentheses -Wswitch -Wno-unused-function -Wno-unused-label -Wno-unused-parameter -Wno-unused-variable -Wunused-value -Wno-empty-body -Wno-uninitialized -Wno-unknown-pragmas -w -Wno-shadow -Wno-four-char-constants -Wno-conversion -Wno-constant-conversion -Wno-int-conversion -Wno-bool-conversion -Wno-enum-conversion -Wno-float-conversion -Wno-non-literal-null-conversion -Wno-objc-literal-conversion -Wshorten-64-to-32 -Wpointer-sign -Wno-newline-eof -Wno-selector -Wno-strict-selector-match -Wno-undeclared-selector -Wno-deprecated-implementations -Wno-implicit-fallthrough -fstrict-aliasing -Wprotocol -Wdeprecated-declarations -Wno-sign-conversion -Wno-infinite-recursion -Wno-comma -Wno-block-capture-autoreleasing -Wno-strict-prototypes -Wno-semicolon-before-method-body -index-store-path /Users/aryazaeri/Library/Developer/Xcode/DerivedData/BestBefore_Prototype_IOS-gbnddpnjsvathjdutdcktjqecxgh/Index.noindex/DataStore @/Users/aryazaeri/Library/Developer/Xcode/DerivedData/BestBefore_Prototype_IOS-gbnddpnjsvathjdutdcktjqecxgh/Build/Intermediates.noindex/Firebase.build/Debug-iphonesimulator/FirebaseCore.build/Objects-normal/arm64/e6072d4f65d7061329687fe24e3d63a7-common-args.resp -include /Users/aryazaeri/Library/Developer/Xcode/DerivedData/BestBefore_Prototype_IOS-gbnddpnjsvathjdutdcktjqecxgh/Build/Intermediates.noindex/Firebase.build/Debug-iphonesimulator/FirebaseCore.build/DerivedSources/resource_bundle_accessor.h -MMD -MT dependencies -MF /Users/aryazaeri/Library/Developer/Xcode/DerivedData/BestBefore_Prototype_IOS-gbnddpnjsvathjdutdcktjqecxgh/Build/Intermediates.noindex/Firebase.build/Debug-iphonesimulator/FirebaseCore.build/Objects-normal/arm64/FIRApp.d --serialize-diagnostics /Users/aryazaeri/Library/Developer/Xcode/DerivedData/BestBefore_Prototype_IOS-gbnddpnjsvathjdutdcktjqecxgh/Build/Intermediates.noindex/Firebase.build/Debug-iphonesimulator/FirebaseCore.build/Objects-normal/arm64/FIRApp.dia -c /Users/aryazaeri/Library/Developer/Xcode/DerivedData/BestBefore_Prototype_IOS-gbnddpnjsvathjdutdcktjqecxgh/SourcePackages/checkouts/firebase-ios-sdk/FirebaseCore/Sources/FIRApp.m -o /Users/aryazaeri/Library/Developer/Xcode/DerivedData/BestBefore_Prototype_IOS-gbnddpnjsvathjdutdcktjqecxgh/Build/Intermediates.noindex/Firebase.build/Debug-iphonesimulator/FirebaseCore.build/Objects-normal/arm64/FIRApp.o -index-unit-output-path /Firebase.build/Debug-iphonesimulator/FirebaseCore.build/Objects-normal/arm64/FIRApp.o

ScanDependencies /Users/aryazaeri/Library/Developer/Xcode/DerivedData/BestBefore_Prototype_IOS-gbnddpnjsvathjdutdcktjqecxgh/Build/Intermediates.noindex/Firebase.build/Debug-iphonesimulator/FirebaseCore.build/Objects-normal/arm64/FIRAnalyticsConfiguration.o /Users/aryazaeri/Library/Developer/Xcode/DerivedData/BestBefore_Prototype_IOS-gbnddpnjsvathjdutdcktjqecxgh/SourcePackages/checkouts/firebase-ios-sdk/FirebaseCore/Sources/FIRAnalyticsConfiguration.m normal arm64 objective-c com.apple.compilers.llvm.clang.1_0.compiler (in target 'FirebaseCore' from project 'Firebase')
    cd /Users/aryazaeri/Desktop/BestBefore/BestBefore_V2/ios/BestBefore_Prototype_IOS/BestBefore_Prototype_IOS.xcodeproj
    
    Using response file: /Users/aryazaeri/Library/Developer/Xcode/DerivedData/BestBefore_Prototype_IOS-gbnddpnjsvathjdutdcktjqecxgh/Build/Intermediates.noindex/Firebase.build/Debug-iphonesimulator/FirebaseCore.build/Objects-normal/arm64/e6072d4f65d7061329687fe24e3d63a7-common-args.resp
    
    builtin-ScanDependencies -o /Users/aryazaeri/Library/Developer/Xcode/DerivedData/BestBefore_Prototype_IOS-gbnddpnjsvathjdutdcktjqecxgh/Build/Intermediates.noindex/Firebase.build/Debug-iphonesimulator/FirebaseCore.build/Objects-normal/arm64/FIRAnalyticsConfiguration.o.scan -- /Applications/Xcode.app/Contents/Developer/Toolchains/XcodeDefault.xctoolchain/usr/bin/clang -x objective-c -ivfsstatcache /Users/aryazaeri/Library/Developer/Xcode/DerivedData/SDKStatCaches.noindex/iphonesimulator26.2-23C53-7d00a8b37fbd7999ea79df8ebc024bf0.sdkstatcache -fmessage-length\=0 -fdiagnostics-show-note-include-stack -fmacro-backtrace-limit\=0 -fno-color-diagnostics -fmodules-prune-interval\=86400 -fmodules-prune-after\=345600 -fbuild-session-file\=/Users/aryazaeri/Library/Developer/Xcode/DerivedData/ModuleCache.noindex/Session.modulevalidation -fmodules-validate-once-per-build-session -Wnon-modular-include-in-framework-module -Werror\=non-modular-include-in-framework-module -Wno-trigraphs -Wno-missing-field-initializers -Wno-missing-prototypes -Wno-return-type -Wno-implicit-atomic-properties -Wno-objc-interface-ivars -Wno-arc-repeated-use-of-weak -Wno-missing-braces -Wparentheses -Wswitch -Wno-unused-function -Wno-unused-label -Wno-unused-parameter -Wno-unused-variable -Wunused-value -Wno-empty-body -Wno-uninitialized -Wno-unknown-pragmas -w -Wno-shadow -Wno-four-char-constants -Wno-conversion -Wno-constant-conversion -Wno-int-conversion -Wno-bool-conversion -Wno-enum-conversion -Wno-float-conversion -Wno-non-literal-null-conversion -Wno-objc-literal-conversion -Wshorten-64-to-32 -Wpointer-sign -Wno-newline-eof -Wno-selector -Wno-strict-selector-match -Wno-undeclared-selector -Wno-deprecated-implementations -Wno-implicit-fallthrough -fstrict-aliasing -Wprotocol -Wdeprecated-declarations -Wno-sign-conversion -Wno-infinite-recursion -Wno-comma -Wno-block-capture-autoreleasing -Wno-strict-prototypes -Wno-semicolon-before-method-body -index-store-path /Users/aryazaeri/Library/Developer/Xcode/DerivedData/BestBefore_Prototype_IOS-gbnddpnjsvathjdutdcktjqecxgh/Index.noindex/DataStore @/Users/aryazaeri/Library/Developer/Xcode/DerivedData/BestBefore_Prototype_IOS-gbnddpnjsvathjdutdcktjqecxgh/Build/Intermediates.noindex/Firebase.build/Debug-iphonesimulator/FirebaseCore.build/Objects-normal/arm64/e6072d4f65d7061329687fe24e3d63a7-common-args.resp -include /Users/aryazaeri/Library/Developer/Xcode/DerivedData/BestBefore_Prototype_IOS-gbnddpnjsvathjdutdcktjqecxgh/Build/Intermediates.noindex/Firebase.build/Debug-iphonesimulator/FirebaseCore.build/DerivedSources/resource_bundle_accessor.h -MMD -MT dependencies -MF /Users/aryazaeri/Library/Developer/Xcode/DerivedData/BestBefore_Prototype_IOS-gbnddpnjsvathjdutdcktjqecxgh/Build/Intermediates.noindex/Firebase.build/Debug-iphonesimulator/FirebaseCore.build/Objects-normal/arm64/FIRAnalyticsConfiguration.d --serialize-diagnostics /Users/aryazaeri/Library/Developer/Xcode/DerivedData/BestBefore_Prototype_IOS-gbnddpnjsvathjdutdcktjqecxgh/Build/Intermediates.noindex/Firebase.build/Debug-iphonesimulator/FirebaseCore.build/Objects-normal/arm64/FIRAnalyticsConfiguration.dia -c /Users/aryazaeri/Library/Developer/Xcode/DerivedData/BestBefore_Prototype_IOS-gbnddpnjsvathjdutdcktjqecxgh/SourcePackages/checkouts/firebase-ios-sdk/FirebaseCore/Sources/FIRAnalyticsConfiguration.m -o /Users/aryazaeri/Library/Developer/Xcode/DerivedData/BestBefore_Prototype_IOS-gbnddpnjsvathjdutdcktjqecxgh/Build/Intermediates.noindex/Firebase.build/Debug-iphonesimulator/FirebaseCore.build/Objects-normal/arm64/FIRAnalyticsConfiguration.o -index-unit-output-path /Firebase.build/Debug-iphonesimulator/FirebaseCore.build/Objects-normal/arm64/FIRAnalyticsConfiguration.o

SwiftCompile normal arm64 Compiling\ EmailValidator.swift /Users/aryazaeri/Desktop/BestBefore/BestBefore_V2/ios/BestBefore_Prototype_IOS/BestBefore_Prototype_IOS/EmailValidator.swift (in target 'BestBefore_Prototype_IOS' from project 'BestBefore_Prototype_IOS')

SwiftCompile normal arm64 /Users/aryazaeri/Desktop/BestBefore/BestBefore_V2/ios/BestBefore_Prototype_IOS/BestBefore_Prototype_IOS/EmailValidator.swift (in target 'BestBefore_Prototype_IOS' from project 'BestBefore_Prototype_IOS')
    cd /Users/aryazaeri/Desktop/BestBefore/BestBefore_V2/ios/BestBefore_Prototype_IOS
    

SwiftCompile normal arm64 Compiling\ HallwayView.swift /Users/aryazaeri/Desktop/BestBefore/BestBefore_V2/ios/BestBefore_Prototype_IOS/BestBefore_Prototype_IOS/HallwayView.swift (in target 'BestBefore_Prototype_IOS' from project 'BestBefore_Prototype_IOS')
SwiftCompile normal arm64 /Users/aryazaeri/Desktop/BestBefore/BestBefore_V2/ios/BestBefore_Prototype_IOS/BestBefore_Prototype_IOS/HallwayView.swift (in target 'BestBefore_Prototype_IOS' from project 'BestBefore_Prototype_IOS')
    cd /Users/aryazaeri/Desktop/BestBefore/BestBefore_V2/ios/BestBefore_Prototype_IOS
    
/Users/aryazaeri/Desktop/BestBefore/BestBefore_V2/ios/BestBefore_Prototype_IOS/BestBefore_Prototype_IOS/HallwayView.swift:38:9: warning: 'init(destination:isActive:label:)' was deprecated in iOS 16.0: use NavigationLink(value:label:), or navigationDestination(isPresented:destination:), inside a NavigationStack or NavigationSplitView
        NavigationLink(
        ^

CompileC /Users/aryazaeri/Library/Developer/Xcode/DerivedData/BestBefore_Prototype_IOS-gbnddpnjsvathjdutdcktjqecxgh/Build/Intermediates.noindex/GoogleUtilities.build/Debug-iphonesimulator/GoogleUtilities-AppDelegateSwizzler.build/Objects-normal/x86_64/resource_bundle_accessor.o /Users/aryazaeri/Library/Developer/Xcode/DerivedData/BestBefore_Prototype_IOS-gbnddpnjsvathjdutdcktjqecxgh/Build/Intermediates.noindex/GoogleUtilities.build/Debug-iphonesimulator/GoogleUtilities-AppDelegateSwizzler.build/DerivedSources/resource_bundle_accessor.m normal x86_64 objective-c com.apple.compilers.llvm.clang.1_0.compiler (in target 'GoogleUtilities-AppDelegateSwizzler' from project 'GoogleUtilities')
    cd /Users/aryazaeri/Desktop/BestBefore/BestBefore_V2/ios/BestBefore_Prototype_IOS/BestBefore_Prototype_IOS.xcodeproj
    
    Using response file: /Users/aryazaeri/Library/Developer/Xcode/DerivedData/BestBefore_Prototype_IOS-gbnddpnjsvathjdutdcktjqecxgh/Build/Intermediates.noindex/GoogleUtilities.build/Debug-iphonesimulator/GoogleUtilities-AppDelegateSwizzler.build/Objects-normal/x86_64/e6072d4f65d7061329687fe24e3d63a7-common-args.resp
    
    /Applications/Xcode.app/Contents/Developer/Toolchains/XcodeDefault.xctoolchain/usr/bin/clang -x objective-c -ivfsstatcache /Users/aryazaeri/Library/Developer/Xcode/DerivedData/SDKStatCaches.noindex/iphonesimulator26.2-23C53-7d00a8b37fbd7999ea79df8ebc024bf0.sdkstatcache -fmessage-length\=0 -fdiagnostics-show-note-include-stack -fmacro-backtrace-limit\=0 -fno-color-diagnostics -fmodules-prune-interval\=86400 -fmodules-prune-after\=345600 -fbuild-session-file\=/Users/aryazaeri/Library/Developer/Xcode/DerivedData/ModuleCache.noindex/Session.modulevalidation -fmodules-validate-once-per-build-session -Wnon-modular-include-in-framework-module -Werror\=non-modular-include-in-framework-module -Wno-trigraphs -Wno-missing-field-initializers -Wno-missing-prototypes -Wno-return-type -Wno-implicit-atomic-properties -Wno-objc-interface-ivars -Wno-arc-repeated-use-of-weak -Wno-missing-braces -Wparentheses -Wswitch -Wno-unused-function -Wno-unused-label -Wno-unused-parameter -Wno-unused-variable -Wunused-value -Wno-empty-body -Wno-uninitialized -Wno-unknown-pragmas -w -Wno-shadow -Wno-four-char-constants -Wno-conversion -Wno-constant-conversion -Wno-int-conversion -Wno-bool-conversion -Wno-enum-conversion -Wno-float-conversion -Wno-non-literal-null-conversion -Wno-objc-literal-conversion -Wshorten-64-to-32 -Wpointer-sign -Wno-newline-eof -Wno-selector -Wno-strict-selector-match -Wno-undeclared-selector -Wno-deprecated-implementations -Wno-implicit-fallthrough -fstrict-aliasing -Wprotocol -Wdeprecated-declarations -Wno-sign-conversion -Wno-infinite-recursion -Wno-comma -Wno-block-capture-autoreleasing -Wno-strict-prototypes -Wno-semicolon-before-method-body -index-store-path /Users/aryazaeri/Library/Developer/Xcode/DerivedData/BestBefore_Prototype_IOS-gbnddpnjsvathjdutdcktjqecxgh/Index.noindex/DataStore @/Users/aryazaeri/Library/Developer/Xcode/DerivedData/BestBefore_Prototype_IOS-gbnddpnjsvathjdutdcktjqecxgh/Build/Intermediates.noindex/GoogleUtilities.build/Debug-iphonesimulator/GoogleUtilities-AppDelegateSwizzler.build/Objects-normal/x86_64/e6072d4f65d7061329687fe24e3d63a7-common-args.resp -include /Users/aryazaeri/Library/Developer/Xcode/DerivedData/BestBefore_Prototype_IOS-gbnddpnjsvathjdutdcktjqecxgh/Build/Intermediates.noindex/GoogleUtilities.build/Debug-iphonesimulator/GoogleUtilities-AppDelegateSwizzler.build/DerivedSources/resource_bundle_accessor.h -MMD -MT dependencies -MF /Users/aryazaeri/Library/Developer/Xcode/DerivedData/BestBefore_Prototype_IOS-gbnddpnjsvathjdutdcktjqecxgh/Build/Intermediates.noindex/GoogleUtilities.build/Debug-iphonesimulator/GoogleUtilities-AppDelegateSwizzler.build/Objects-normal/x86_64/resource_bundle_accessor.d --serialize-diagnostics /Users/aryazaeri/Library/Developer/Xcode/DerivedData/BestBefore_Prototype_IOS-gbnddpnjsvathjdutdcktjqecxgh/Build/Intermediates.noindex/GoogleUtilities.build/Debug-iphonesimulator/GoogleUtilities-AppDelegateSwizzler.build/Objects-normal/x86_64/resource_bundle_accessor.dia -c /Users/aryazaeri/Library/Developer/Xcode/DerivedData/BestBefore_Prototype_IOS-gbnddpnjsvathjdutdcktjqecxgh/Build/Intermediates.noindex/GoogleUtilities.build/Debug-iphonesimulator/GoogleUtilities-AppDelegateSwizzler.build/DerivedSources/resource_bundle_accessor.m -o /Users/aryazaeri/Library/Developer/Xcode/DerivedData/BestBefore_Prototype_IOS-gbnddpnjsvathjdutdcktjqecxgh/Build/Intermediates.noindex/GoogleUtilities.build/Debug-iphonesimulator/GoogleUtilities-AppDelegateSwizzler.build/Objects-normal/x86_64/resource_bundle_accessor.o -index-unit-output-path /GoogleUtilities.build/Debug-iphonesimulator/GoogleUtilities-AppDelegateSwizzler.build/Objects-normal/x86_64/resource_bundle_accessor.o

SwiftCompile normal x86_64 Compiling\ CreateRoomFlowView.swift,\ Database.swift /Users/aryazaeri/Desktop/BestBefore/BestBefore_V2/ios/BestBefore_Prototype_IOS/BestBefore_Prototype_IOS/CreateRoomFlowView.swift /Users/aryazaeri/Desktop/BestBefore/BestBefore_V2/ios/BestBefore_Prototype_IOS/BestBefore_Prototype_IOS/Database.swift (in target 'BestBefore_Prototype_IOS' from project 'BestBefore_Prototype_IOS')
SwiftCompile normal x86_64 /Users/aryazaeri/Desktop/BestBefore/BestBefore_V2/ios/BestBefore_Prototype_IOS/BestBefore_Prototype_IOS/CreateRoomFlowView.swift (in target 'BestBefore_Prototype_IOS' from project 'BestBefore_Prototype_IOS')
    cd /Users/aryazaeri/Desktop/BestBefore/BestBefore_V2/ios/BestBefore_Prototype_IOS
    

SwiftCompile normal x86_64 /Users/aryazaeri/Desktop/BestBefore/BestBefore_V2/ios/BestBefore_Prototype_IOS/BestBefore_Prototype_IOS/Database.swift (in target 'BestBefore_Prototype_IOS' from project 'BestBefore_Prototype_IOS')
    cd /Users/aryazaeri/Desktop/BestBefore/BestBefore_V2/ios/BestBefore_Prototype_IOS
    

CompileC /Users/aryazaeri/Library/Developer/Xcode/DerivedData/BestBefore_Prototype_IOS-gbnddpnjsvathjdutdcktjqecxgh/Build/Intermediates.noindex/Firebase.build/Debug-iphonesimulator/FirebaseCore.build/Objects-normal/arm64/FIRAnalyticsConfiguration.o /Users/aryazaeri/Library/Developer/Xcode/DerivedData/BestBefore_Prototype_IOS-gbnddpnjsvathjdutdcktjqecxgh/SourcePackages/checkouts/firebase-ios-sdk/FirebaseCore/Sources/FIRAnalyticsConfiguration.m normal arm64 objective-c com.apple.compilers.llvm.clang.1_0.compiler (in target 'FirebaseCore' from project 'Firebase')
    cd /Users/aryazaeri/Desktop/BestBefore/BestBefore_V2/ios/BestBefore_Prototype_IOS/BestBefore_Prototype_IOS.xcodeproj
    
    Using response file: /Users/aryazaeri/Library/Developer/Xcode/DerivedData/BestBefore_Prototype_IOS-gbnddpnjsvathjdutdcktjqecxgh/Build/Intermediates.noindex/Firebase.build/Debug-iphonesimulator/FirebaseCore.build/Objects-normal/arm64/e6072d4f65d7061329687fe24e3d63a7-common-args.resp
    
    /Applications/Xcode.app/Contents/Developer/Toolchains/XcodeDefault.xctoolchain/usr/bin/clang -x objective-c -ivfsstatcache /Users/aryazaeri/Library/Developer/Xcode/DerivedData/SDKStatCaches.noindex/iphonesimulator26.2-23C53-7d00a8b37fbd7999ea79df8ebc024bf0.sdkstatcache -fmessage-length\=0 -fdiagnostics-show-note-include-stack -fmacro-backtrace-limit\=0 -fno-color-diagnostics -fmodules-prune-interval\=86400 -fmodules-prune-after\=345600 -fbuild-session-file\=/Users/aryazaeri/Library/Developer/Xcode/DerivedData/ModuleCache.noindex/Session.modulevalidation -fmodules-validate-once-per-build-session -Wnon-modular-include-in-framework-module -Werror\=non-modular-include-in-framework-module -Wno-trigraphs -Wno-missing-field-initializers -Wno-missing-prototypes -Wno-return-type -Wno-implicit-atomic-properties -Wno-objc-interface-ivars -Wno-arc-repeated-use-of-weak -Wno-missing-braces -Wparentheses -Wswitch -Wno-unused-function -Wno-unused-label -Wno-unused-parameter -Wno-unused-variable -Wunused-value -Wno-empty-body -Wno-uninitialized -Wno-unknown-pragmas -w -Wno-shadow -Wno-four-char-constants -Wno-conversion -Wno-constant-conversion -Wno-int-conversion -Wno-bool-conversion -Wno-enum-conversion -Wno-float-conversion -Wno-non-literal-null-conversion -Wno-objc-literal-conversion -Wshorten-64-to-32 -Wpointer-sign -Wno-newline-eof -Wno-selector -Wno-strict-selector-match -Wno-undeclared-selector -Wno-deprecated-implementations -Wno-implicit-fallthrough -fstrict-aliasing -Wprotocol -Wdeprecated-declarations -Wno-sign-conversion -Wno-infinite-recursion -Wno-comma -Wno-block-capture-autoreleasing -Wno-strict-prototypes -Wno-semicolon-before-method-body -index-store-path /Users/aryazaeri/Library/Developer/Xcode/DerivedData/BestBefore_Prototype_IOS-gbnddpnjsvathjdutdcktjqecxgh/Index.noindex/DataStore @/Users/aryazaeri/Library/Developer/Xcode/DerivedData/BestBefore_Prototype_IOS-gbnddpnjsvathjdutdcktjqecxgh/Build/Intermediates.noindex/Firebase.build/Debug-iphonesimulator/FirebaseCore.build/Objects-normal/arm64/e6072d4f65d7061329687fe24e3d63a7-common-args.resp -include /Users/aryazaeri/Library/Developer/Xcode/DerivedData/BestBefore_Prototype_IOS-gbnddpnjsvathjdutdcktjqecxgh/Build/Intermediates.noindex/Firebase.build/Debug-iphonesimulator/FirebaseCore.build/DerivedSources/resource_bundle_accessor.h -MMD -MT dependencies -MF /Users/aryazaeri/Library/Developer/Xcode/DerivedData/BestBefore_Prototype_IOS-gbnddpnjsvathjdutdcktjqecxgh/Build/Intermediates.noindex/Firebase.build/Debug-iphonesimulator/FirebaseCore.build/Objects-normal/arm64/FIRAnalyticsConfiguration.d --serialize-diagnostics /Users/aryazaeri/Library/Developer/Xcode/DerivedData/BestBefore_Prototype_IOS-gbnddpnjsvathjdutdcktjqecxgh/Build/Intermediates.noindex/Firebase.build/Debug-iphonesimulator/FirebaseCore.build/Objects-normal/arm64/FIRAnalyticsConfiguration.dia -c /Users/aryazaeri/Library/Developer/Xcode/DerivedData/BestBefore_Prototype_IOS-gbnddpnjsvathjdutdcktjqecxgh/SourcePackages/checkouts/firebase-ios-sdk/FirebaseCore/Sources/FIRAnalyticsConfiguration.m -o /Users/aryazaeri/Library/Developer/Xcode/DerivedData/BestBefore_Prototype_IOS-gbnddpnjsvathjdutdcktjqecxgh/Build/Intermediates.noindex/Firebase.build/Debug-iphonesimulator/FirebaseCore.build/Objects-normal/arm64/FIRAnalyticsConfiguration.o -index-unit-output-path /Firebase.build/Debug-iphonesimulator/FirebaseCore.build/Objects-normal/arm64/FIRAnalyticsConfiguration.o

SwiftCompile normal x86_64 Compiling\ LoginView.swift,\ MemoryShowroomView.swift /Users/aryazaeri/Desktop/BestBefore/BestBefore_V2/ios/BestBefore_Prototype_IOS/BestBefore_Prototype_IOS/LoginView.swift /Users/aryazaeri/Desktop/BestBefore/BestBefore_V2/ios/BestBefore_Prototype_IOS/BestBefore_Prototype_IOS/MemoryShowroomView.swift (in target 'BestBefore_Prototype_IOS' from project 'BestBefore_Prototype_IOS')

SwiftCompile normal x86_64 /Users/aryazaeri/Desktop/BestBefore/BestBefore_V2/ios/BestBefore_Prototype_IOS/BestBefore_Prototype_IOS/LoginView.swift (in target 'BestBefore_Prototype_IOS' from project 'BestBefore_Prototype_IOS')
    cd /Users/aryazaeri/Desktop/BestBefore/BestBefore_V2/ios/BestBefore_Prototype_IOS
    

SwiftCompile normal x86_64 /Users/aryazaeri/Desktop/BestBefore/BestBefore_V2/ios/BestBefore_Prototype_IOS/BestBefore_Prototype_IOS/MemoryShowroomView.swift (in target 'BestBefore_Prototype_IOS' from project 'BestBefore_Prototype_IOS')
    cd /Users/aryazaeri/Desktop/BestBefore/BestBefore_V2/ios/BestBefore_Prototype_IOS
    

CompileC /Users/aryazaeri/Library/Developer/Xcode/DerivedData/BestBefore_Prototype_IOS-gbnddpnjsvathjdutdcktjqecxgh/Build/Intermediates.noindex/Firebase.build/Debug-iphonesimulator/FirebaseCore.build/Objects-normal/arm64/FIRApp.o /Users/aryazaeri/Library/Developer/Xcode/DerivedData/BestBefore_Prototype_IOS-gbnddpnjsvathjdutdcktjqecxgh/SourcePackages/checkouts/firebase-ios-sdk/FirebaseCore/Sources/FIRApp.m normal arm64 objective-c com.apple.compilers.llvm.clang.1_0.compiler (in target 'FirebaseCore' from project 'Firebase')
    cd /Users/aryazaeri/Desktop/BestBefore/BestBefore_V2/ios/BestBefore_Prototype_IOS/BestBefore_Prototype_IOS.xcodeproj
    
    Using response file: /Users/aryazaeri/Library/Developer/Xcode/DerivedData/BestBefore_Prototype_IOS-gbnddpnjsvathjdutdcktjqecxgh/Build/Intermediates.noindex/Firebase.build/Debug-iphonesimulator/FirebaseCore.build/Objects-normal/arm64/e6072d4f65d7061329687fe24e3d63a7-common-args.resp
    
    /Applications/Xcode.app/Contents/Developer/Toolchains/XcodeDefault.xctoolchain/usr/bin/clang -x objective-c -ivfsstatcache /Users/aryazaeri/Library/Developer/Xcode/DerivedData/SDKStatCaches.noindex/iphonesimulator26.2-23C53-7d00a8b37fbd7999ea79df8ebc024bf0.sdkstatcache -fmessage-length\=0 -fdiagnostics-show-note-include-stack -fmacro-backtrace-limit\=0 -fno-color-diagnostics -fmodules-prune-interval\=86400 -fmodules-prune-after\=345600 -fbuild-session-file\=/Users/aryazaeri/Library/Developer/Xcode/DerivedData/ModuleCache.noindex/Session.modulevalidation -fmodules-validate-once-per-build-session -Wnon-modular-include-in-framework-module -Werror\=non-modular-include-in-framework-module -Wno-trigraphs -Wno-missing-field-initializers -Wno-missing-prototypes -Wno-return-type -Wno-implicit-atomic-properties -Wno-objc-interface-ivars -Wno-arc-repeated-use-of-weak -Wno-missing-braces -Wparentheses -Wswitch -Wno-unused-function -Wno-unused-label -Wno-unused-parameter -Wno-unused-variable -Wunused-value -Wno-empty-body -Wno-uninitialized -Wno-unknown-pragmas -w -Wno-shadow -Wno-four-char-constants -Wno-conversion -Wno-constant-conversion -Wno-int-conversion -Wno-bool-conversion -Wno-enum-conversion -Wno-float-conversion -Wno-non-literal-null-conversion -Wno-objc-literal-conversion -Wshorten-64-to-32 -Wpointer-sign -Wno-newline-eof -Wno-selector -Wno-strict-selector-match -Wno-undeclared-selector -Wno-deprecated-implementations -Wno-implicit-fallthrough -fstrict-aliasing -Wprotocol -Wdeprecated-declarations -Wno-sign-conversion -Wno-infinite-recursion -Wno-comma -Wno-block-capture-autoreleasing -Wno-strict-prototypes -Wno-semicolon-before-method-body -index-store-path /Users/aryazaeri/Library/Developer/Xcode/DerivedData/BestBefore_Prototype_IOS-gbnddpnjsvathjdutdcktjqecxgh/Index.noindex/DataStore @/Users/aryazaeri/Library/Developer/Xcode/DerivedData/BestBefore_Prototype_IOS-gbnddpnjsvathjdutdcktjqecxgh/Build/Intermediates.noindex/Firebase.build/Debug-iphonesimulator/FirebaseCore.build/Objects-normal/arm64/e6072d4f65d7061329687fe24e3d63a7-common-args.resp -include /Users/aryazaeri/Library/Developer/Xcode/DerivedData/BestBefore_Prototype_IOS-gbnddpnjsvathjdutdcktjqecxgh/Build/Intermediates.noindex/Firebase.build/Debug-iphonesimulator/FirebaseCore.build/DerivedSources/resource_bundle_accessor.h -MMD -MT dependencies -MF /Users/aryazaeri/Library/Developer/Xcode/DerivedData/BestBefore_Prototype_IOS-gbnddpnjsvathjdutdcktjqecxgh/Build/Intermediates.noindex/Firebase.build/Debug-iphonesimulator/FirebaseCore.build/Objects-normal/arm64/FIRApp.d --serialize-diagnostics /Users/aryazaeri/Library/Developer/Xcode/DerivedData/BestBefore_Prototype_IOS-gbnddpnjsvathjdutdcktjqecxgh/Build/Intermediates.noindex/Firebase.build/Debug-iphonesimulator/FirebaseCore.build/Objects-normal/arm64/FIRApp.dia -c /Users/aryazaeri/Library/Developer/Xcode/DerivedData/BestBefore_Prototype_IOS-gbnddpnjsvathjdutdcktjqecxgh/SourcePackages/checkouts/firebase-ios-sdk/FirebaseCore/Sources/FIRApp.m -o /Users/aryazaeri/Library/Developer/Xcode/DerivedData/BestBefore_Prototype_IOS-gbnddpnjsvathjdutdcktjqecxgh/Build/Intermediates.noindex/Firebase.build/Debug-iphonesimulator/FirebaseCore.build/Objects-normal/arm64/FIRApp.o -index-unit-output-path /Firebase.build/Debug-iphonesimulator/FirebaseCore.build/Objects-normal/arm64/FIRApp.o

ScanDependencies /Users/aryazaeri/Library/Developer/Xcode/DerivedData/BestBefore_Prototype_IOS-gbnddpnjsvathjdutdcktjqecxgh/Build/Intermediates.noindex/GoogleUtilities.build/Debug-iphonesimulator/GoogleUtilities-AppDelegateSwizzler.build/Objects-normal/x86_64/GULSceneDelegateSwizzler.o /Users/aryazaeri/Library/Developer/Xcode/DerivedData/BestBefore_Prototype_IOS-gbnddpnjsvathjdutdcktjqecxgh/SourcePackages/checkouts/GoogleUtilities/GoogleUtilities/AppDelegateSwizzler/GULSceneDelegateSwizzler.m normal x86_64 objective-c com.apple.compilers.llvm.clang.1_0.compiler (in target 'GoogleUtilities-AppDelegateSwizzler' from project 'GoogleUtilities')
    cd /Users/aryazaeri/Desktop/BestBefore/BestBefore_V2/ios/BestBefore_Prototype_IOS/BestBefore_Prototype_IOS.xcodeproj
    
    Using response file: /Users/aryazaeri/Library/Developer/Xcode/DerivedData/BestBefore_Prototype_IOS-gbnddpnjsvathjdutdcktjqecxgh/Build/Intermediates.noindex/GoogleUtilities.build/Debug-iphonesimulator/GoogleUtilities-AppDelegateSwizzler.build/Objects-normal/x86_64/e6072d4f65d7061329687fe24e3d63a7-common-args.resp
    
    builtin-ScanDependencies -o /Users/aryazaeri/Library/Developer/Xcode/DerivedData/BestBefore_Prototype_IOS-gbnddpnjsvathjdutdcktjqecxgh/Build/Intermediates.noindex/GoogleUtilities.build/Debug-iphonesimulator/GoogleUtilities-AppDelegateSwizzler.build/Objects-normal/x86_64/GULSceneDelegateSwizzler.o.scan -- /Applications/Xcode.app/Contents/Developer/Toolchains/XcodeDefault.xctoolchain/usr/bin/clang -x objective-c -ivfsstatcache /Users/aryazaeri/Library/Developer/Xcode/DerivedData/SDKStatCaches.noindex/iphonesimulator26.2-23C53-7d00a8b37fbd7999ea79df8ebc024bf0.sdkstatcache -fmessage-length\=0 -fdiagnostics-show-note-include-stack -fmacro-backtrace-limit\=0 -fno-color-diagnostics -fmodules-prune-interval\=86400 -fmodules-prune-after\=345600 -fbuild-session-file\=/Users/aryazaeri/Library/Developer/Xcode/DerivedData/ModuleCache.noindex/Session.modulevalidation -fmodules-validate-once-per-build-session -Wnon-modular-include-in-framework-module -Werror\=non-modular-include-in-framework-module -Wno-trigraphs -Wno-missing-field-initializers -Wno-missing-prototypes -Wno-return-type -Wno-implicit-atomic-properties -Wno-objc-interface-ivars -Wno-arc-repeated-use-of-weak -Wno-missing-braces -Wparentheses -Wswitch -Wno-unused-function -Wno-unused-label -Wno-unused-parameter -Wno-unused-variable -Wunused-value -Wno-empty-body -Wno-uninitialized -Wno-unknown-pragmas -w -Wno-shadow -Wno-four-char-constants -Wno-conversion -Wno-constant-conversion -Wno-int-conversion -Wno-bool-conversion -Wno-enum-conversion -Wno-float-conversion -Wno-non-literal-null-conversion -Wno-objc-literal-conversion -Wshorten-64-to-32 -Wpointer-sign -Wno-newline-eof -Wno-selector -Wno-strict-selector-match -Wno-undeclared-selector -Wno-deprecated-implementations -Wno-implicit-fallthrough -fstrict-aliasing -Wprotocol -Wdeprecated-declarations -Wno-sign-conversion -Wno-infinite-recursion -Wno-comma -Wno-block-capture-autoreleasing -Wno-strict-prototypes -Wno-semicolon-before-method-body -index-store-path /Users/aryazaeri/Library/Developer/Xcode/DerivedData/BestBefore_Prototype_IOS-gbnddpnjsvathjdutdcktjqecxgh/Index.noindex/DataStore @/Users/aryazaeri/Library/Developer/Xcode/DerivedData/BestBefore_Prototype_IOS-gbnddpnjsvathjdutdcktjqecxgh/Build/Intermediates.noindex/GoogleUtilities.build/Debug-iphonesimulator/GoogleUtilities-AppDelegateSwizzler.build/Objects-normal/x86_64/e6072d4f65d7061329687fe24e3d63a7-common-args.resp -include /Users/aryazaeri/Library/Developer/Xcode/DerivedData/BestBefore_Prototype_IOS-gbnddpnjsvathjdutdcktjqecxgh/Build/Intermediates.noindex/GoogleUtilities.build/Debug-iphonesimulator/GoogleUtilities-AppDelegateSwizzler.build/DerivedSources/resource_bundle_accessor.h -MMD -MT dependencies -MF /Users/aryazaeri/Library/Developer/Xcode/DerivedData/BestBefore_Prototype_IOS-gbnddpnjsvathjdutdcktjqecxgh/Build/Intermediates.noindex/GoogleUtilities.build/Debug-iphonesimulator/GoogleUtilities-AppDelegateSwizzler.build/Objects-normal/x86_64/GULSceneDelegateSwizzler.d --serialize-diagnostics /Users/aryazaeri/Library/Developer/Xcode/DerivedData/BestBefore_Prototype_IOS-gbnddpnjsvathjdutdcktjqecxgh/Build/Intermediates.noindex/GoogleUtilities.build/Debug-iphonesimulator/GoogleUtilities-AppDelegateSwizzler.build/Objects-normal/x86_64/GULSceneDelegateSwizzler.dia -c /Users/aryazaeri/Library/Developer/Xcode/DerivedData/BestBefore_Prototype_IOS-gbnddpnjsvathjdutdcktjqecxgh/SourcePackages/checkouts/GoogleUtilities/GoogleUtilities/AppDelegateSwizzler/GULSceneDelegateSwizzler.m -o /Users/aryazaeri/Library/Developer/Xcode/DerivedData/BestBefore_Prototype_IOS-gbnddpnjsvathjdutdcktjqecxgh/Build/Intermediates.noindex/GoogleUtilities.build/Debug-iphonesimulator/GoogleUtilities-AppDelegateSwizzler.build/Objects-normal/x86_64/GULSceneDelegateSwizzler.o -index-unit-output-path /GoogleUtilities.build/Debug-iphonesimulator/GoogleUtilities-AppDelegateSwizzler.build/Objects-normal/x86_64/GULSceneDelegateSwizzler.o

ScanDependencies /Users/aryazaeri/Library/Developer/Xcode/DerivedData/BestBefore_Prototype_IOS-gbnddpnjsvathjdutdcktjqecxgh/Build/Intermediates.noindex/GoogleUtilities.build/Debug-iphonesimulator/GoogleUtilities-AppDelegateSwizzler.build/Objects-normal/x86_64/GULAppDelegateSwizzler.o /Users/aryazaeri/Library/Developer/Xcode/DerivedData/BestBefore_Prototype_IOS-gbnddpnjsvathjdutdcktjqecxgh/SourcePackages/checkouts/GoogleUtilities/GoogleUtilities/AppDelegateSwizzler/GULAppDelegateSwizzler.m normal x86_64 objective-c com.apple.compilers.llvm.clang.1_0.compiler (in target 'GoogleUtilities-AppDelegateSwizzler' from project 'GoogleUtilities')
    cd /Users/aryazaeri/Desktop/BestBefore/BestBefore_V2/ios/BestBefore_Prototype_IOS/BestBefore_Prototype_IOS.xcodeproj
    
    Using response file: /Users/aryazaeri/Library/Developer/Xcode/DerivedData/BestBefore_Prototype_IOS-gbnddpnjsvathjdutdcktjqecxgh/Build/Intermediates.noindex/GoogleUtilities.build/Debug-iphonesimulator/GoogleUtilities-AppDelegateSwizzler.build/Objects-normal/x86_64/e6072d4f65d7061329687fe24e3d63a7-common-args.resp
    
    builtin-ScanDependencies -o /Users/aryazaeri/Library/Developer/Xcode/DerivedData/BestBefore_Prototype_IOS-gbnddpnjsvathjdutdcktjqecxgh/Build/Intermediates.noindex/GoogleUtilities.build/Debug-iphonesimulator/GoogleUtilities-AppDelegateSwizzler.build/Objects-normal/x86_64/GULAppDelegateSwizzler.o.scan -- /Applications/Xcode.app/Contents/Developer/Toolchains/XcodeDefault.xctoolchain/usr/bin/clang -x objective-c -ivfsstatcache /Users/aryazaeri/Library/Developer/Xcode/DerivedData/SDKStatCaches.noindex/iphonesimulator26.2-23C53-7d00a8b37fbd7999ea79df8ebc024bf0.sdkstatcache -fmessage-length\=0 -fdiagnostics-show-note-include-stack -fmacro-backtrace-limit\=0 -fno-color-diagnostics -fmodules-prune-interval\=86400 -fmodules-prune-after\=345600 -fbuild-session-file\=/Users/aryazaeri/Library/Developer/Xcode/DerivedData/ModuleCache.noindex/Session.modulevalidation -fmodules-validate-once-per-build-session -Wnon-modular-include-in-framework-module -Werror\=non-modular-include-in-framework-module -Wno-trigraphs -Wno-missing-field-initializers -Wno-missing-prototypes -Wno-return-type -Wno-implicit-atomic-properties -Wno-objc-interface-ivars -Wno-arc-repeated-use-of-weak -Wno-missing-braces -Wparentheses -Wswitch -Wno-unused-function -Wno-unused-label -Wno-unused-parameter -Wno-unused-variable -Wunused-value -Wno-empty-body -Wno-uninitialized -Wno-unknown-pragmas -w -Wno-shadow -Wno-four-char-constants -Wno-conversion -Wno-constant-conversion -Wno-int-conversion -Wno-bool-conversion -Wno-enum-conversion -Wno-float-conversion -Wno-non-literal-null-conversion -Wno-objc-literal-conversion -Wshorten-64-to-32 -Wpointer-sign -Wno-newline-eof -Wno-selector -Wno-strict-selector-match -Wno-undeclared-selector -Wno-deprecated-implementations -Wno-implicit-fallthrough -fstrict-aliasing -Wprotocol -Wdeprecated-declarations -Wno-sign-conversion -Wno-infinite-recursion -Wno-comma -Wno-block-capture-autoreleasing -Wno-strict-prototypes -Wno-semicolon-before-method-body -index-store-path /Users/aryazaeri/Library/Developer/Xcode/DerivedData/BestBefore_Prototype_IOS-gbnddpnjsvathjdutdcktjqecxgh/Index.noindex/DataStore @/Users/aryazaeri/Library/Developer/Xcode/DerivedData/BestBefore_Prototype_IOS-gbnddpnjsvathjdutdcktjqecxgh/Build/Intermediates.noindex/GoogleUtilities.build/Debug-iphonesimulator/GoogleUtilities-AppDelegateSwizzler.build/Objects-normal/x86_64/e6072d4f65d7061329687fe24e3d63a7-common-args.resp -include /Users/aryazaeri/Library/Developer/Xcode/DerivedData/BestBefore_Prototype_IOS-gbnddpnjsvathjdutdcktjqecxgh/Build/Intermediates.noindex/GoogleUtilities.build/Debug-iphonesimulator/GoogleUtilities-AppDelegateSwizzler.build/DerivedSources/resource_bundle_accessor.h -MMD -MT dependencies -MF /Users/aryazaeri/Library/Developer/Xcode/DerivedData/BestBefore_Prototype_IOS-gbnddpnjsvathjdutdcktjqecxgh/Build/Intermediates.noindex/GoogleUtilities.build/Debug-iphonesimulator/GoogleUtilities-AppDelegateSwizzler.build/Objects-normal/x86_64/GULAppDelegateSwizzler.d --serialize-diagnostics /Users/aryazaeri/Library/Developer/Xcode/DerivedData/BestBefore_Prototype_IOS-gbnddpnjsvathjdutdcktjqecxgh/Build/Intermediates.noindex/GoogleUtilities.build/Debug-iphonesimulator/GoogleUtilities-AppDelegateSwizzler.build/Objects-normal/x86_64/GULAppDelegateSwizzler.dia -c /Users/aryazaeri/Library/Developer/Xcode/DerivedData/BestBefore_Prototype_IOS-gbnddpnjsvathjdutdcktjqecxgh/SourcePackages/checkouts/GoogleUtilities/GoogleUtilities/AppDelegateSwizzler/GULAppDelegateSwizzler.m -o /Users/aryazaeri/Library/Developer/Xcode/DerivedData/BestBefore_Prototype_IOS-gbnddpnjsvathjdutdcktjqecxgh/Build/Intermediates.noindex/GoogleUtilities.build/Debug-iphonesimulator/GoogleUtilities-AppDelegateSwizzler.build/Objects-normal/x86_64/GULAppDelegateSwizzler.o -index-unit-output-path /GoogleUtilities.build/Debug-iphonesimulator/GoogleUtilities-AppDelegateSwizzler.build/Objects-normal/x86_64/GULAppDelegateSwizzler.o

PrecompileModule /Users/aryazaeri/Library/Developer/Xcode/DerivedData/BestBefore_Prototype_IOS-gbnddpnjsvathjdutdcktjqecxgh/Build/Intermediates.noindex/ExplicitPrecompiledModules/GoogleUtilities_Environment-CHML5WQDYY7PVR59474ZKP177.scan
    cd /
    builtin-precompileModule /Users/aryazaeri/Library/Developer/Xcode/DerivedData/BestBefore_Prototype_IOS-gbnddpnjsvathjdutdcktjqecxgh/Build/Intermediates.noindex/ExplicitPrecompiledModules/GoogleUtilities_Environment-CHML5WQDYY7PVR59474ZKP177.scan

PrecompileModule /Users/aryazaeri/Library/Developer/Xcode/DerivedData/BestBefore_Prototype_IOS-gbnddpnjsvathjdutdcktjqecxgh/Build/Intermediates.noindex/ExplicitPrecompiledModules/GoogleUtilities_Network-V4JEA7KAAUNKF8BTSAGENWTN.scan
    cd /
    builtin-precompileModule /Users/aryazaeri/Library/Developer/Xcode/DerivedData/BestBefore_Prototype_IOS-gbnddpnjsvathjdutdcktjqecxgh/Build/Intermediates.noindex/ExplicitPrecompiledModules/GoogleUtilities_Network-V4JEA7KAAUNKF8BTSAGENWTN.scan

SwiftCompile normal x86_64 Compiling\ EditRoomView.swift,\ EmailValidator.swift /Users/aryazaeri/Desktop/BestBefore/BestBefore_V2/ios/BestBefore_Prototype_IOS/BestBefore_Prototype_IOS/EditRoomView.swift /Users/aryazaeri/Desktop/BestBefore/BestBefore_V2/ios/BestBefore_Prototype_IOS/BestBefore_Prototype_IOS/EmailValidator.swift (in target 'BestBefore_Prototype_IOS' from project 'BestBefore_Prototype_IOS')
SwiftCompile normal x86_64 /Users/aryazaeri/Desktop/BestBefore/BestBefore_V2/ios/BestBefore_Prototype_IOS/BestBefore_Prototype_IOS/EditRoomView.swift (in target 'BestBefore_Prototype_IOS' from project 'BestBefore_Prototype_IOS')
    cd /Users/aryazaeri/Desktop/BestBefore/BestBefore_V2/ios/BestBefore_Prototype_IOS
    

SwiftCompile normal x86_64 /Users/aryazaeri/Desktop/BestBefore/BestBefore_V2/ios/BestBefore_Prototype_IOS/BestBefore_Prototype_IOS/EmailValidator.swift (in target 'BestBefore_Prototype_IOS' from project 'BestBefore_Prototype_IOS')
    cd /Users/aryazaeri/Desktop/BestBefore/BestBefore_V2/ios/BestBefore_Prototype_IOS
    

Ld /Users/aryazaeri/Library/Developer/Xcode/DerivedData/BestBefore_Prototype_IOS-gbnddpnjsvathjdutdcktjqecxgh/Build/Intermediates.noindex/Firebase.build/Debug-iphonesimulator/FirebaseCore.build/Objects-normal/arm64/Binary/FirebaseCore.o normal arm64 (in target 'FirebaseCore' from project 'Firebase')
    cd /Users/aryazaeri/Library/Developer/Xcode/DerivedData/BestBefore_Prototype_IOS-gbnddpnjsvathjdutdcktjqecxgh/SourcePackages/checkouts/firebase-ios-sdk
    /Applications/Xcode.app/Contents/Developer/Toolchains/XcodeDefault.xctoolchain/usr/bin/clang -Xlinker -reproducible -target arm64-apple-ios15.0-simulator -r -isysroot /Applications/Xcode.app/Contents/Developer/Platforms/iPhoneSimulator.platform/Developer/SDKs/iPhoneSimulator26.2.sdk -O0 -w -L/Users/aryazaeri/Library/Developer/Xcode/DerivedData/BestBefore_Prototype_IOS-gbnddpnjsvathjdutdcktjqecxgh/Build/Intermediates.noindex/EagerLinkingTBDs/Debug-iphonesimulator -L/Users/aryazaeri/Library/Developer/Xcode/DerivedData/BestBefore_Prototype_IOS-gbnddpnjsvathjdutdcktjqecxgh/Build/Products/Debug-iphonesimulator -L/Applications/Xcode.app/Contents/Developer/Platforms/iPhoneSimulator.platform/Developer/usr/lib -F/Users/aryazaeri/Library/Developer/Xcode/DerivedData/BestBefore_Prototype_IOS-gbnddpnjsvathjdutdcktjqecxgh/Build/Intermediates.noindex/EagerLinkingTBDs/Debug-iphonesimulator -F/Users/aryazaeri/Library/Developer/Xcode/DerivedData/BestBefore_Prototype_IOS-gbnddpnjsvathjdutdcktjqecxgh/Build/Products/Debug-iphonesimulator/PackageFrameworks -F/Users/aryazaeri/Library/Developer/Xcode/DerivedData/BestBefore_Prototype_IOS-gbnddpnjsvathjdutdcktjqecxgh/Build/Products/Debug-iphonesimulator/PackageFrameworks -F/Users/aryazaeri/Library/Developer/Xcode/DerivedData/BestBefore_Prototype_IOS-gbnddpnjsvathjdutdcktjqecxgh/Build/Products/Debug-iphonesimulator/PackageFrameworks -F/Users/aryazaeri/Library/Developer/Xcode/DerivedData/BestBefore_Prototype_IOS-gbnddpnjsvathjdutdcktjqecxgh/Build/Products/Debug-iphonesimulator/PackageFrameworks -F/Users/aryazaeri/Library/Developer/Xcode/DerivedData/BestBefore_Prototype_IOS-gbnddpnjsvathjdutdcktjqecxgh/Build/Products/Debug-iphonesimulator/PackageFrameworks -F/Users/aryazaeri/Library/Developer/Xcode/DerivedData/BestBefore_Prototype_IOS-gbnddpnjsvathjdutdcktjqecxgh/Build/Products/Debug-iphonesimulator/PackageFrameworks -F/Users/aryazaeri/Library/Developer/Xcode/DerivedData/BestBefore_Prototype_IOS-gbnddpnjsvathjdutdcktjqecxgh/Build/Products/Debug-iphonesimulator -iframework /Applications/Xcode.app/Contents/Developer/Platforms/iPhoneSimulator.platform/Developer/Library/Frameworks -iframework /Applications/Xcode.app/Contents/Developer/Platforms/iPhoneSimulator.platform/Developer/SDKs/iPhoneSimulator26.2.sdk/Developer/Library/Frameworks -filelist /Users/aryazaeri/Library/Developer/Xcode/DerivedData/BestBefore_Prototype_IOS-gbnddpnjsvathjdutdcktjqecxgh/Build/Intermediates.noindex/Firebase.build/Debug-iphonesimulator/FirebaseCore.build/Objects-normal/arm64/FirebaseCore.LinkFileList -nostdlib -Xlinker -object_path_lto -Xlinker /Users/aryazaeri/Library/Developer/Xcode/DerivedData/BestBefore_Prototype_IOS-gbnddpnjsvathjdutdcktjqecxgh/Build/Intermediates.noindex/Firebase.build/Debug-iphonesimulator/FirebaseCore.build/Objects-normal/arm64/FirebaseCore_lto.o -rdynamic -Xlinker -no_deduplicate -Xlinker -objc_abi_version -Xlinker 2 -Xlinker -dependency_info -Xlinker /Users/aryazaeri/Library/Developer/Xcode/DerivedData/BestBefore_Prototype_IOS-gbnddpnjsvathjdutdcktjqecxgh/Build/Intermediates.noindex/Firebase.build/Debug-iphonesimulator/FirebaseCore.build/Objects-normal/arm64/FirebaseCore_dependency_info.dat -fobjc-arc -fobjc-link-runtime -o /Users/aryazaeri/Library/Developer/Xcode/DerivedData/BestBefore_Prototype_IOS-gbnddpnjsvathjdutdcktjqecxgh/Build/Intermediates.noindex/Firebase.build/Debug-iphonesimulator/FirebaseCore.build/Objects-normal/arm64/Binary/FirebaseCore.o

CompileC /Users/aryazaeri/Library/Developer/Xcode/DerivedData/BestBefore_Prototype_IOS-gbnddpnjsvathjdutdcktjqecxgh/Build/Intermediates.noindex/GoogleUtilities.build/Debug-iphonesimulator/GoogleUtilities-AppDelegateSwizzler.build/Objects-normal/x86_64/GULSceneDelegateSwizzler.o /Users/aryazaeri/Library/Developer/Xcode/DerivedData/BestBefore_Prototype_IOS-gbnddpnjsvathjdutdcktjqecxgh/SourcePackages/checkouts/GoogleUtilities/GoogleUtilities/AppDelegateSwizzler/GULSceneDelegateSwizzler.m normal x86_64 objective-c com.apple.compilers.llvm.clang.1_0.compiler (in target 'GoogleUtilities-AppDelegateSwizzler' from project 'GoogleUtilities')
    cd /Users/aryazaeri/Desktop/BestBefore/BestBefore_V2/ios/BestBefore_Prototype_IOS/BestBefore_Prototype_IOS.xcodeproj
    
    Using response file: /Users/aryazaeri/Library/Developer/Xcode/DerivedData/BestBefore_Prototype_IOS-gbnddpnjsvathjdutdcktjqecxgh/Build/Intermediates.noindex/GoogleUtilities.build/Debug-iphonesimulator/GoogleUtilities-AppDelegateSwizzler.build/Objects-normal/x86_64/e6072d4f65d7061329687fe24e3d63a7-common-args.resp
    
    /Applications/Xcode.app/Contents/Developer/Toolchains/XcodeDefault.xctoolchain/usr/bin/clang -x objective-c -ivfsstatcache /Users/aryazaeri/Library/Developer/Xcode/DerivedData/SDKStatCaches.noindex/iphonesimulator26.2-23C53-7d00a8b37fbd7999ea79df8ebc024bf0.sdkstatcache -fmessage-length\=0 -fdiagnostics-show-note-include-stack -fmacro-backtrace-limit\=0 -fno-color-diagnostics -fmodules-prune-interval\=86400 -fmodules-prune-after\=345600 -fbuild-session-file\=/Users/aryazaeri/Library/Developer/Xcode/DerivedData/ModuleCache.noindex/Session.modulevalidation -fmodules-validate-once-per-build-session -Wnon-modular-include-in-framework-module -Werror\=non-modular-include-in-framework-module -Wno-trigraphs -Wno-missing-field-initializers -Wno-missing-prototypes -Wno-return-type -Wno-implicit-atomic-properties -Wno-objc-interface-ivars -Wno-arc-repeated-use-of-weak -Wno-missing-braces -Wparentheses -Wswitch -Wno-unused-function -Wno-unused-label -Wno-unused-parameter -Wno-unused-variable -Wunused-value -Wno-empty-body -Wno-uninitialized -Wno-unknown-pragmas -w -Wno-shadow -Wno-four-char-constants -Wno-conversion -Wno-constant-conversion -Wno-int-conversion -Wno-bool-conversion -Wno-enum-conversion -Wno-float-conversion -Wno-non-literal-null-conversion -Wno-objc-literal-conversion -Wshorten-64-to-32 -Wpointer-sign -Wno-newline-eof -Wno-selector -Wno-strict-selector-match -Wno-undeclared-selector -Wno-deprecated-implementations -Wno-implicit-fallthrough -fstrict-aliasing -Wprotocol -Wdeprecated-declarations -Wno-sign-conversion -Wno-infinite-recursion -Wno-comma -Wno-block-capture-autoreleasing -Wno-strict-prototypes -Wno-semicolon-before-method-body -index-store-path /Users/aryazaeri/Library/Developer/Xcode/DerivedData/BestBefore_Prototype_IOS-gbnddpnjsvathjdutdcktjqecxgh/Index.noindex/DataStore @/Users/aryazaeri/Library/Developer/Xcode/DerivedData/BestBefore_Prototype_IOS-gbnddpnjsvathjdutdcktjqecxgh/Build/Intermediates.noindex/GoogleUtilities.build/Debug-iphonesimulator/GoogleUtilities-AppDelegateSwizzler.build/Objects-normal/x86_64/e6072d4f65d7061329687fe24e3d63a7-common-args.resp -include /Users/aryazaeri/Library/Developer/Xcode/DerivedData/BestBefore_Prototype_IOS-gbnddpnjsvathjdutdcktjqecxgh/Build/Intermediates.noindex/GoogleUtilities.build/Debug-iphonesimulator/GoogleUtilities-AppDelegateSwizzler.build/DerivedSources/resource_bundle_accessor.h -MMD -MT dependencies -MF /Users/aryazaeri/Library/Developer/Xcode/DerivedData/BestBefore_Prototype_IOS-gbnddpnjsvathjdutdcktjqecxgh/Build/Intermediates.noindex/GoogleUtilities.build/Debug-iphonesimulator/GoogleUtilities-AppDelegateSwizzler.build/Objects-normal/x86_64/GULSceneDelegateSwizzler.d --serialize-diagnostics /Users/aryazaeri/Library/Developer/Xcode/DerivedData/BestBefore_Prototype_IOS-gbnddpnjsvathjdutdcktjqecxgh/Build/Intermediates.noindex/GoogleUtilities.build/Debug-iphonesimulator/GoogleUtilities-AppDelegateSwizzler.build/Objects-normal/x86_64/GULSceneDelegateSwizzler.dia -c /Users/aryazaeri/Library/Developer/Xcode/DerivedData/BestBefore_Prototype_IOS-gbnddpnjsvathjdutdcktjqecxgh/SourcePackages/checkouts/GoogleUtilities/GoogleUtilities/AppDelegateSwizzler/GULSceneDelegateSwizzler.m -o /Users/aryazaeri/Library/Developer/Xcode/DerivedData/BestBefore_Prototype_IOS-gbnddpnjsvathjdutdcktjqecxgh/Build/Intermediates.noindex/GoogleUtilities.build/Debug-iphonesimulator/GoogleUtilities-AppDelegateSwizzler.build/Objects-normal/x86_64/GULSceneDelegateSwizzler.o -index-unit-output-path /GoogleUtilities.build/Debug-iphonesimulator/GoogleUtilities-AppDelegateSwizzler.build/Objects-normal/x86_64/GULSceneDelegateSwizzler.o

SwiftDriverJobDiscovery normal arm64 Compiling EmailValidator.swift (in target 'BestBefore_Prototype_IOS' from project 'BestBefore_Prototype_IOS')

CompileC /Users/aryazaeri/Library/Developer/Xcode/DerivedData/BestBefore_Prototype_IOS-gbnddpnjsvathjdutdcktjqecxgh/Build/Intermediates.noindex/GoogleUtilities.build/Debug-iphonesimulator/GoogleUtilities-AppDelegateSwizzler.build/Objects-normal/x86_64/GULAppDelegateSwizzler.o /Users/aryazaeri/Library/Developer/Xcode/DerivedData/BestBefore_Prototype_IOS-gbnddpnjsvathjdutdcktjqecxgh/SourcePackages/checkouts/GoogleUtilities/GoogleUtilities/AppDelegateSwizzler/GULAppDelegateSwizzler.m normal x86_64 objective-c com.apple.compilers.llvm.clang.1_0.compiler (in target 'GoogleUtilities-AppDelegateSwizzler' from project 'GoogleUtilities')
    cd /Users/aryazaeri/Desktop/BestBefore/BestBefore_V2/ios/BestBefore_Prototype_IOS/BestBefore_Prototype_IOS.xcodeproj
    
    Using response file: /Users/aryazaeri/Library/Developer/Xcode/DerivedData/BestBefore_Prototype_IOS-gbnddpnjsvathjdutdcktjqecxgh/Build/Intermediates.noindex/GoogleUtilities.build/Debug-iphonesimulator/GoogleUtilities-AppDelegateSwizzler.build/Objects-normal/x86_64/e6072d4f65d7061329687fe24e3d63a7-common-args.resp
    
    /Applications/Xcode.app/Contents/Developer/Toolchains/XcodeDefault.xctoolchain/usr/bin/clang -x objective-c -ivfsstatcache /Users/aryazaeri/Library/Developer/Xcode/DerivedData/SDKStatCaches.noindex/iphonesimulator26.2-23C53-7d00a8b37fbd7999ea79df8ebc024bf0.sdkstatcache -fmessage-length\=0 -fdiagnostics-show-note-include-stack -fmacro-backtrace-limit\=0 -fno-color-diagnostics -fmodules-prune-interval\=86400 -fmodules-prune-after\=345600 -fbuild-session-file\=/Users/aryazaeri/Library/Developer/Xcode/DerivedData/ModuleCache.noindex/Session.modulevalidation -fmodules-validate-once-per-build-session -Wnon-modular-include-in-framework-module -Werror\=non-modular-include-in-framework-module -Wno-trigraphs -Wno-missing-field-initializers -Wno-missing-prototypes -Wno-return-type -Wno-implicit-atomic-properties -Wno-objc-interface-ivars -Wno-arc-repeated-use-of-weak -Wno-missing-braces -Wparentheses -Wswitch -Wno-unused-function -Wno-unused-label -Wno-unused-parameter -Wno-unused-variable -Wunused-value -Wno-empty-body -Wno-uninitialized -Wno-unknown-pragmas -w -Wno-shadow -Wno-four-char-constants -Wno-conversion -Wno-constant-conversion -Wno-int-conversion -Wno-bool-conversion -Wno-enum-conversion -Wno-float-conversion -Wno-non-literal-null-conversion -Wno-objc-literal-conversion -Wshorten-64-to-32 -Wpointer-sign -Wno-newline-eof -Wno-selector -Wno-strict-selector-match -Wno-undeclared-selector -Wno-deprecated-implementations -Wno-implicit-fallthrough -fstrict-aliasing -Wprotocol -Wdeprecated-declarations -Wno-sign-conversion -Wno-infinite-recursion -Wno-comma -Wno-block-capture-autoreleasing -Wno-strict-prototypes -Wno-semicolon-before-method-body -index-store-path /Users/aryazaeri/Library/Developer/Xcode/DerivedData/BestBefore_Prototype_IOS-gbnddpnjsvathjdutdcktjqecxgh/Index.noindex/DataStore @/Users/aryazaeri/Library/Developer/Xcode/DerivedData/BestBefore_Prototype_IOS-gbnddpnjsvathjdutdcktjqecxgh/Build/Intermediates.noindex/GoogleUtilities.build/Debug-iphonesimulator/GoogleUtilities-AppDelegateSwizzler.build/Objects-normal/x86_64/e6072d4f65d7061329687fe24e3d63a7-common-args.resp -include /Users/aryazaeri/Library/Developer/Xcode/DerivedData/BestBefore_Prototype_IOS-gbnddpnjsvathjdutdcktjqecxgh/Build/Intermediates.noindex/GoogleUtilities.build/Debug-iphonesimulator/GoogleUtilities-AppDelegateSwizzler.build/DerivedSources/resource_bundle_accessor.h -MMD -MT dependencies -MF /Users/aryazaeri/Library/Developer/Xcode/DerivedData/BestBefore_Prototype_IOS-gbnddpnjsvathjdutdcktjqecxgh/Build/Intermediates.noindex/GoogleUtilities.build/Debug-iphonesimulator/GoogleUtilities-AppDelegateSwizzler.build/Objects-normal/x86_64/GULAppDelegateSwizzler.d --serialize-diagnostics /Users/aryazaeri/Library/Developer/Xcode/DerivedData/BestBefore_Prototype_IOS-gbnddpnjsvathjdutdcktjqecxgh/Build/Intermediates.noindex/GoogleUtilities.build/Debug-iphonesimulator/GoogleUtilities-AppDelegateSwizzler.build/Objects-normal/x86_64/GULAppDelegateSwizzler.dia -c /Users/aryazaeri/Library/Developer/Xcode/DerivedData/BestBefore_Prototype_IOS-gbnddpnjsvathjdutdcktjqecxgh/SourcePackages/checkouts/GoogleUtilities/GoogleUtilities/AppDelegateSwizzler/GULAppDelegateSwizzler.m -o /Users/aryazaeri/Library/Developer/Xcode/DerivedData/BestBefore_Prototype_IOS-gbnddpnjsvathjdutdcktjqecxgh/Build/Intermediates.noindex/GoogleUtilities.build/Debug-iphonesimulator/GoogleUtilities-AppDelegateSwizzler.build/Objects-normal/x86_64/GULAppDelegateSwizzler.o -index-unit-output-path /GoogleUtilities.build/Debug-iphonesimulator/GoogleUtilities-AppDelegateSwizzler.build/Objects-normal/x86_64/GULAppDelegateSwizzler.o

CreateUniversalBinary /Users/aryazaeri/Library/Developer/Xcode/DerivedData/BestBefore_Prototype_IOS-gbnddpnjsvathjdutdcktjqecxgh/Build/Products/Debug-iphonesimulator/FirebaseCore.o normal arm64\ x86_64 (in target 'FirebaseCore' from project 'Firebase')
    cd /Users/aryazaeri/Library/Developer/Xcode/DerivedData/BestBefore_Prototype_IOS-gbnddpnjsvathjdutdcktjqecxgh/SourcePackages/checkouts/firebase-ios-sdk
    /Applications/Xcode.app/Contents/Developer/Toolchains/XcodeDefault.xctoolchain/usr/bin/lipo -create /Users/aryazaeri/Library/Developer/Xcode/DerivedData/BestBefore_Prototype_IOS-gbnddpnjsvathjdutdcktjqecxgh/Build/Intermediates.noindex/Firebase.build/Debug-iphonesimulator/FirebaseCore.build/Objects-normal/arm64/Binary/FirebaseCore.o /Users/aryazaeri/Library/Developer/Xcode/DerivedData/BestBefore_Prototype_IOS-gbnddpnjsvathjdutdcktjqecxgh/Build/Intermediates.noindex/Firebase.build/Debug-iphonesimulator/FirebaseCore.build/Objects-normal/x86_64/Binary/FirebaseCore.o -output /Users/aryazaeri/Library/Developer/Xcode/DerivedData/BestBefore_Prototype_IOS-gbnddpnjsvathjdutdcktjqecxgh/Build/Products/Debug-iphonesimulator/FirebaseCore.o

SwiftCompile normal x86_64 Compiling\ RoamingView.swift,\ RoomDetailView.swift /Users/aryazaeri/Desktop/BestBefore/BestBefore_V2/ios/BestBefore_Prototype_IOS/BestBefore_Prototype_IOS/RoamingView.swift /Users/aryazaeri/Desktop/BestBefore/BestBefore_V2/ios/BestBefore_Prototype_IOS/BestBefore_Prototype_IOS/RoomDetailView.swift (in target 'BestBefore_Prototype_IOS' from project 'BestBefore_Prototype_IOS')
Failed frontend command:
/Applications/Xcode.app/Contents/Developer/Toolchains/XcodeDefault.xctoolchain/usr/bin/swift-frontend -frontend -c /Users/aryazaeri/Desktop/BestBefore/BestBefore_V2/ios/BestBefore_Prototype_IOS/BestBefore_Prototype_IOS/AnimatedBackgroundView.swift /Users/aryazaeri/Desktop/BestBefore/BestBefore_V2/ios/BestBefore_Prototype_IOS/BestBefore_Prototype_IOS/AudioManager.swift /Users/aryazaeri/Desktop/BestBefore/BestBefore_V2/ios/BestBefore_Prototype_IOS/BestBefore_Prototype_IOS/AuthService.swift /Users/aryazaeri/Desktop/BestBefore/BestBefore_V2/ios/BestBefore_Prototype_IOS/BestBefore_Prototype_IOS/BestBefore_Prototype_IOSApp.swift /Users/aryazaeri/Desktop/BestBefore/BestBefore_V2/ios/BestBefore_Prototype_IOS/BestBefore_Prototype_IOS/CardStackView.swift /Users/aryazaeri/Desktop/BestBefore/BestBefore_V2/ios/BestBefore_Prototype_IOS/BestBefore_Prototype_IOS/ContentView.swift /Users/aryazaeri/Desktop/BestBefore/BestBefore_V2/ios/BestBefore_Prototype_IOS/BestBefore_Prototype_IOS/CreateRoomFlowView.swift /Users/aryazaeri/Desktop/BestBefore/BestBefore_V2/ios/BestBefore_Prototype_IOS/BestBefore_Prototype_IOS/Database.swift /Users/aryazaeri/Desktop/BestBefore/BestBefore_V2/ios/BestBefore_Prototype_IOS/BestBefore_Prototype_IOS/EditRoomView.swift /Users/aryazaeri/Desktop/BestBefore/BestBefore_V2/ios/BestBefore_Prototype_IOS/BestBefore_Prototype_IOS/EmailValidator.swift /Users/aryazaeri/Desktop/BestBefore/BestBefore_V2/ios/BestBefore_Prototype_IOS/BestBefore_Prototype_IOS/Extensions.swift /Users/aryazaeri/Desktop/BestBefore/BestBefore_V2/ios/BestBefore_Prototype_IOS/BestBefore_Prototype_IOS/HallwayView.swift /Users/aryazaeri/Desktop/BestBefore/BestBefore_V2/ios/BestBefore_Prototype_IOS/BestBefore_Prototype_IOS/LoginView.swift /Users/aryazaeri/Desktop/BestBefore/BestBefore_V2/ios/BestBefore_Prototype_IOS/BestBefore_Prototype_IOS/MemoryShowroomView.swift /Users/aryazaeri/Desktop/BestBefore/BestBefore_V2/ios/BestBefore_Prototype_IOS/BestBefore_Prototype_IOS/MockData.swift /Users/aryazaeri/Desktop/BestBefore/BestBefore_V2/ios/BestBefore_Prototype_IOS/BestBefore_Prototype_IOS/OrbMenuPremium.swift /Users/aryazaeri/Desktop/BestBefore/BestBefore_V2/ios/BestBefore_Prototype_IOS/BestBefore_Prototype_IOS/Persistence.swift /Users/aryazaeri/Desktop/BestBefore/BestBefore_V2/ios/BestBefore_Prototype_IOS/BestBefore_Prototype_IOS/ProfileView.swift -primary-file /Users/aryazaeri/Desktop/BestBefore/BestBefore_V2/ios/BestBefore_Prototype_IOS/BestBefore_Prototype_IOS/RoamingView.swift -primary-file /Users/aryazaeri/Desktop/BestBefore/BestBefore_V2/ios/BestBefore_Prototype_IOS/BestBefore_Prototype_IOS/RoomDetailView.swift /Users/aryazaeri/Desktop/BestBefore/BestBefore_V2/ios/BestBefore_Prototype_IOS/BestBefore_Prototype_IOS/RoomInfoSheet.swift /Users/aryazaeri/Desktop/BestBefore/BestBefore_V2/ios/BestBefore_Prototype_IOS/BestBefore_Prototype_IOS/RoomObject.swift /Users/aryazaeri/Desktop/BestBefore/BestBefore_V2/ios/BestBefore_Prototype_IOS/BestBefore_Prototype_IOS/SignupView.swift /Users/aryazaeri/Desktop/BestBefore/BestBefore_V2/ios/BestBefore_Prototype_IOS/BestBefore_Prototype_IOS/UIComponents.swift /Users/aryazaeri/Desktop/BestBefore/BestBefore_V2/ios/BestBefore_Prototype_IOS/BestBefore_Prototype_IOS/VerificationView.swift /Users/aryazaeri/Library/Developer/Xcode/DerivedData/BestBefore_Prototype_IOS-gbnddpnjsvathjdutdcktjqecxgh/Build/Intermediates.noindex/BestBefore_Prototype_IOS.build/Debug-iphonesimulator/BestBefore_Prototype_IOS.build/DerivedSources/CoreDataGenerated/BestBefore_Prototype_IOS/Item+CoreDataClass.swift /Users/aryazaeri/Library/Developer/Xcode/DerivedData/BestBefore_Prototype_IOS-gbnddpnjsvathjdutdcktjqecxgh/Build/Intermediates.noindex/BestBefore_Prototype_IOS.build/Debug-iphonesimulator/BestBefore_Prototype_IOS.build/DerivedSources/CoreDataGenerated/BestBefore_Prototype_IOS/Item+CoreDataProperties.swift /Users/aryazaeri/Library/Developer/Xcode/DerivedData/BestBefore_Prototype_IOS-gbnddpnjsvathjdutdcktjqecxgh/Build/Intermediates.noindex/BestBefore_Prototype_IOS.build/Debug-iphonesimulator/BestBefore_Prototype_IOS.build/DerivedSources/CoreDataGenerated/BestBefore_Prototype_IOS/BestBefore_Prototype_IOS+CoreDataModel.swift /Users/aryazaeri/Library/Developer/Xcode/DerivedData/BestBefore_Prototype_IOS-gbnddpnjsvathjdutdcktjqecxgh/Build/Intermediates.noindex/BestBefore_Prototype_IOS.build/Debug-iphonesimulator/BestBefore_Prototype_IOS.build/DerivedSources/GeneratedAssetSymbols.swift -emit-dependencies-path /Users/aryazaeri/Library/Developer/Xcode/DerivedData/BestBefore_Prototype_IOS-gbnddpnjsvathjdutdcktjqecxgh/Build/Intermediates.noindex/BestBefore_Prototype_IOS.build/Debug-iphonesimulator/BestBefore_Prototype_IOS.build/Objects-normal/x86_64/RoamingView.d -emit-const-values-path /Users/aryazaeri/Library/Developer/Xcode/DerivedData/BestBefore_Prototype_IOS-gbnddpnjsvathjdutdcktjqecxgh/Build/Intermediates.noindex/BestBefore_Prototype_IOS.build/Debug-iphonesimulator/BestBefore_Prototype_IOS.build/Objects-normal/x86_64/RoamingView.swiftconstvalues -emit-reference-dependencies-path /Users/aryazaeri/Library/Developer/Xcode/DerivedData/BestBefore_Prototype_IOS-gbnddpnjsvathjdutdcktjqecxgh/Build/Intermediates.noindex/BestBefore_Prototype_IOS.build/Debug-iphonesimulator/BestBefore_Prototype_IOS.build/Objects-normal/x86_64/RoamingView.swiftdeps -serialize-diagnostics-path /Users/aryazaeri/Library/Developer/Xcode/DerivedData/BestBefore_Prototype_IOS-gbnddpnjsvathjdutdcktjqecxgh/Build/Intermediates.noindex/BestBefore_Prototype_IOS.build/Debug-iphonesimulator/BestBefore_Prototype_IOS.build/Objects-normal/x86_64/RoamingView.dia -emit-dependencies-path /Users/aryazaeri/Library/Developer/Xcode/DerivedData/BestBefore_Prototype_IOS-gbnddpnjsvathjdutdcktjqecxgh/Build/Intermediates.noindex/BestBefore_Prototype_IOS.build/Debug-iphonesimulator/BestBefore_Prototype_IOS.build/Objects-normal/x86_64/RoomDetailView.d -emit-const-values-path /Users/aryazaeri/Library/Developer/Xcode/DerivedData/BestBefore_Prototype_IOS-gbnddpnjsvathjdutdcktjqecxgh/Build/Intermediates.noindex/BestBefore_Prototype_IOS.build/Debug-iphonesimulator/BestBefore_Prototype_IOS.build/Objects-normal/x86_64/RoomDetailView.swiftconstvalues -emit-reference-dependencies-path /Users/aryazaeri/Library/Developer/Xcode/DerivedData/BestBefore_Prototype_IOS-gbnddpnjsvathjdutdcktjqecxgh/Build/Intermediates.noindex/BestBefore_Prototype_IOS.build/Debug-iphonesimulator/BestBefore_Prototype_IOS.build/Objects-normal/x86_64/RoomDetailView.swiftdeps -serialize-diagnostics-path /Users/aryazaeri/Library/Developer/Xcode/DerivedData/BestBefore_Prototype_IOS-gbnddpnjsvathjdutdcktjqecxgh/Build/Intermediates.noindex/BestBefore_Prototype_IOS.build/Debug-iphonesimulator/BestBefore_Prototype_IOS.build/Objects-normal/x86_64/RoomDetailView.dia -emit-localized-strings -emit-localized-strings-path /Users/aryazaeri/Library/Developer/Xcode/DerivedData/BestBefore_Prototype_IOS-gbnddpnjsvathjdutdcktjqecxgh/Build/Intermediates.noindex/BestBefore_Prototype_IOS.build/Debug-iphonesimulator/BestBefore_Prototype_IOS.build/Objects-normal/x86_64 -target x86_64-apple-ios17.0-simulator -module-can-import-version DeveloperToolsSupport 23.0.4 23.0.4 -module-can-import-version SwiftUI 7.2.5.1 7.2.5 -module-can-import-version UIKit 9126.2.4.1 9126.2.4 -disable-cross-import-overlay-search -swift-module-cross-import CoreData /Applications/Xcode.app/Contents/Developer/Platforms/iPhoneSimulator.platform/Developer/SDKs/iPhoneSimulator.sdk/System/Library/Frameworks/CoreData.framework/Modules/CoreData.swiftcrossimport/CloudKit.swiftoverlay -swift-module-cross-import CoreData /Applications/Xcode.app/Contents/Developer/Platforms/iPhoneSimulator.platform/Developer/SDKs/iPhoneSimulator26.2.sdk/System/Library/Frameworks/CoreData.framework/Modules/CoreData.swiftcrossimport/CloudKit.swiftoverlay -swift-module-cross-import PhotosUI /Applications/Xcode.app/Contents/Developer/Platforms/iPhoneSimulator.platform/Developer/SDKs/iPhoneSimulator.sdk/System/Library/Frameworks/PhotosUI.framework/Modules/PhotosUI.swiftcrossimport/SwiftUI.swiftoverlay -swift-module-cross-import PhotosUI /Applications/Xcode.app/Contents/Developer/Platforms/iPhoneSimulator.platform/Developer/SDKs/iPhoneSimulator.sdk/System/Library/Frameworks/PhotosUI.framework/Modules/PhotosUI.swiftcrossimport/WidgetKit.swiftoverlay -swift-module-cross-import PhotosUI /Applications/Xcode.app/Contents/Developer/Platforms/iPhoneSimulator.platform/Developer/SDKs/iPhoneSimulator26.2.sdk/System/Library/Frameworks/PhotosUI.framework/Modules/PhotosUI.swiftcrossimport/SwiftUI.swiftoverlay -swift-module-cross-import PhotosUI /Applications/Xcode.app/Contents/Developer/Platforms/iPhoneSimulator.platform/Developer/SDKs/iPhoneSimulator26.2.sdk/System/Library/Frameworks/PhotosUI.framework/Modules/PhotosUI.swiftcrossimport/WidgetKit.swiftoverlay -load-resolved-plugin /Applications/Xcode.app/Contents/Developer/Platforms/iPhoneOS.platform/Developer/usr/lib/swift/host/plugins/libFoundationMacros.dylib\#/Applications/Xcode.app/Contents/Developer/Platforms/iPhoneOS.platform/Developer/usr/bin/swift-plugin-server\#FoundationMacros -load-resolved-plugin /Applications/Xcode.app/Contents/Developer/Platforms/iPhoneOS.platform/Developer/usr/lib/swift/host/plugins/libObservationMacros.dylib\#/Applications/Xcode.app/Contents/Developer/Platforms/iPhoneOS.platform/Developer/usr/bin/swift-plugin-server\#ObservationMacros -load-resolved-plugin /Applications/Xcode.app/Contents/Developer/Platforms/iPhoneOS.platform/Developer/usr/lib/swift/host/plugins/libPreviewsMacros.dylib\#/Applications/Xcode.app/Contents/Developer/Platforms/iPhoneOS.platform/Developer/usr/bin/swift-plugin-server\#PreviewsMacros -load-resolved-plugin /Applications/Xcode.app/Contents/Developer/Platforms/iPhoneOS.platform/Developer/usr/lib/swift/host/plugins/libSwiftMacros.dylib\#/Applications/Xcode.app/Contents/Developer/Platforms/iPhoneOS.platform/Developer/usr/bin/swift-plugin-server\#SwiftMacros -load-resolved-plugin /Applications/Xcode.app/Contents/Developer/Platforms/iPhoneOS.platform/Developer/usr/lib/swift/host/plugins/libSwiftUIMacros.dylib\#/Applications/Xcode.app/Contents/Developer/Platforms/iPhoneOS.platform/Developer/usr/bin/swift-plugin-server\#SwiftUIMacros -disable-implicit-swift-modules -Xcc -fno-implicit-modules -Xcc -fno-implicit-module-maps -explicit-swift-module-map-file /Users/aryazaeri/Library/Developer/Xcode/DerivedData/BestBefore_Prototype_IOS-gbnddpnjsvathjdutdcktjqecxgh/Build/Intermediates.noindex/BestBefore_Prototype_IOS.build/Debug-iphonesimulator/BestBefore_Prototype_IOS.build/Objects-normal/x86_64/BestBefore_Prototype_IOS-dependencies-1.json -enable-objc-interop -sdk /Applications/Xcode.app/Contents/Developer/Platforms/iPhoneSimulator.platform/Developer/SDKs/iPhoneSimulator26.2.sdk -I /Users/aryazaeri/Library/Developer/Xcode/DerivedData/BestBefore_Prototype_IOS-gbnddpnjsvathjdutdcktjqecxgh/Build/Products/Debug-iphonesimulator -F /Users/aryazaeri/Library/Developer/Xcode/DerivedData/BestBefore_Prototype_IOS-gbnddpnjsvathjdutdcktjqecxgh/Build/Products/Debug-iphonesimulator/PackageFrameworks -F /Users/aryazaeri/Library/Developer/Xcode/DerivedData/BestBefore_Prototype_IOS-gbnddpnjsvathjdutdcktjqecxgh/Build/Products/Debug-iphonesimulator/PackageFrameworks -F /Users/aryazaeri/Library/Developer/Xcode/DerivedData/BestBefore_Prototype_IOS-gbnddpnjsvathjdutdcktjqecxgh/Build/Products/Debug-iphonesimulator/PackageFrameworks -F /Users/aryazaeri/Library/Developer/Xcode/DerivedData/BestBefore_Prototype_IOS-gbnddpnjsvathjdutdcktjqecxgh/Build/Products/Debug-iphonesimulator/PackageFrameworks -F /Users/aryazaeri/Library/Developer/Xcode/DerivedData/BestBefore_Prototype_IOS-gbnddpnjsvathjdutdcktjqecxgh/Build/Products/Debug-iphonesimulator/PackageFrameworks -F /Users/aryazaeri/Library/Developer/Xcode/DerivedData/BestBefore_Prototype_IOS-gbnddpnjsvathjdutdcktjqecxgh/Build/Products/Debug-iphonesimulator/PackageFrameworks -F /Users/aryazaeri/Library/Developer/Xcode/DerivedData/BestBefore_Prototype_IOS-gbnddpnjsvathjdutdcktjqecxgh/Build/Products/Debug-iphonesimulator/PackageFrameworks -F /Users/aryazaeri/Library/Developer/Xcode/DerivedData/BestBefore_Prototype_IOS-gbnddpnjsvathjdutdcktjqecxgh/Build/Products/Debug-iphonesimulator/PackageFrameworks -F /Users/aryazaeri/Library/Developer/Xcode/DerivedData/BestBefore_Prototype_IOS-gbnddpnjsvathjdutdcktjqecxgh/Build/Products/Debug-iphonesimulator/PackageFrameworks -F /Users/aryazaeri/Library/Developer/Xcode/DerivedData/BestBefore_Prototype_IOS-gbnddpnjsvathjdutdcktjqecxgh/Build/Products/Debug-iphonesimulator/PackageFrameworks -F /Users/aryazaeri/Library/Developer/Xcode/DerivedData/BestBefore_Prototype_IOS-gbnddpnjsvathjdutdcktjqecxgh/Build/Products/Debug-iphonesimulator/PackageFrameworks -F /Users/aryazaeri/Library/Developer/Xcode/DerivedData/BestBefore_Prototype_IOS-gbnddpnjsvathjdutdcktjqecxgh/Build/Products/Debug-iphonesimulator/PackageFrameworks -F /Users/aryazaeri/Library/Developer/Xcode/DerivedData/BestBefore_Prototype_IOS-gbnddpnjsvathjdutdcktjqecxgh/Build/Products/Debug-iphonesimulator/PackageFrameworks -F /Users/aryazaeri/Library/Developer/Xcode/DerivedData/BestBefore_Prototype_IOS-gbnddpnjsvathjdutdcktjqecxgh/Build/Products/Debug-iphonesimulator/PackageFrameworks -F /Users/aryazaeri/Library/Developer/Xcode/DerivedData/BestBefore_Prototype_IOS-gbnddpnjsvathjdutdcktjqecxgh/Build/Products/Debug-iphonesimulator/PackageFrameworks -F /Users/aryazaeri/Library/Developer/Xcode/DerivedData/BestBefore_Prototype_IOS-gbnddpnjsvathjdutdcktjqecxgh/Build/Products/Debug-iphonesimulator/PackageFrameworks -F /Users/aryazaeri/Library/Developer/Xcode/DerivedData/BestBefore_Prototype_IOS-gbnddpnjsvathjdutdcktjqecxgh/Build/Products/Debug-iphonesimulator/PackageFrameworks -F /Users/aryazaeri/Library/Developer/Xcode/DerivedData/BestBefore_Prototype_IOS-gbnddpnjsvathjdutdcktjqecxgh/Build/Products/Debug-iphonesimulator/PackageFrameworks -F /Users/aryazaeri/Library/Developer/Xcode/DerivedData/BestBefore_Prototype_IOS-gbnddpnjsvathjdutdcktjqecxgh/Build/Products/Debug-iphonesimulator -no-color-diagnostics -Xcc -fno-color-diagnostics -enable-testing -g -debug-info-format\=dwarf -dwarf-version\=4 -module-cache-path /Users/aryazaeri/Library/Developer/Xcode/DerivedData/BestBefore_Prototype_IOS-gbnddpnjsvathjdutdcktjqecxgh/Build/Intermediates.noindex/SwiftExplicitPrecompiledModules -swift-version 5 -enforce-exclusivity\=checked -Onone -D DEBUG -serialize-debugging-options -const-gather-protocols-file /Users/aryazaeri/Library/Developer/Xcode/DerivedData/BestBefore_Prototype_IOS-gbnddpnjsvathjdutdcktjqecxgh/Build/Intermediates.noindex/BestBefore_Prototype_IOS.build/Debug-iphonesimulator/BestBefore_Prototype_IOS.build/Objects-normal/x86_64/BestBefore_Prototype_IOS_const_extract_protocols.json -enable-upcoming-feature DisableOutwardActorInference -enable-upcoming-feature InferSendableFromCaptures -enable-upcoming-feature GlobalActorIsolatedTypesUsability -enable-upcoming-feature MemberImportVisibility -enable-upcoming-feature InferIsolatedConformances -enable-upcoming-feature NonisolatedNonsendingByDefault -enable-experimental-feature DebugDescriptionMacro -enable-bare-slash-regex -default-isolation\=MainActor -empty-abi-descriptor -validate-clang-modules-once -clang-build-session-file /Users/aryazaeri/Library/Developer/Xcode/DerivedData/ModuleCache.noindex/Session.modulevalidation -Xcc -working-directory -Xcc /Users/aryazaeri/Desktop/BestBefore/BestBefore_V2/ios/BestBefore_Prototype_IOS -enable-anonymous-context-mangled-names -file-compilation-dir /Users/aryazaeri/Desktop/BestBefore/BestBefore_V2/ios/BestBefore_Prototype_IOS -Xcc -fmodule-map-file\=/Users/aryazaeri/Library/Developer/Xcode/DerivedData/BestBefore_Prototype_IOS-gbnddpnjsvathjdutdcktjqecxgh/Build/Intermediates.noindex/GeneratedModuleMaps-iphonesimulator/RecaptchaInterop.modulemap -Xcc -fmodule-map-file\=/Users/aryazaeri/Library/Developer/Xcode/DerivedData/BestBefore_Prototype_IOS-gbnddpnjsvathjdutdcktjqecxgh/Build/Intermediates.noindex/GeneratedModuleMaps-iphonesimulator/GoogleUtilities-Network.modulemap -Xcc -fmodule-map-file\=/Users/aryazaeri/Library/Developer/Xcode/DerivedData/BestBefore_Prototype_IOS-gbnddpnjsvathjdutdcktjqecxgh/Build/Intermediates.noindex/GeneratedModuleMaps-iphonesimulator/GoogleUtilities-Reachability.modulemap -Xcc -fmodule-map-file\=/Users/aryazaeri/Library/Developer/Xcode/DerivedData/BestBefore_Prototype_IOS-gbnddpnjsvathjdutdcktjqecxgh/Build/Intermediates.noindex/GeneratedModuleMaps-iphonesimulator/GoogleUtilities-NSData.modulemap -Xcc -fmodule-map-file\=/Users/aryazaeri/Library/Developer/Xcode/DerivedData/BestBefore_Prototype_IOS-gbnddpnjsvathjdutdcktjqecxgh/Build/Intermediates.noindex/GeneratedModuleMaps-iphonesimulator/GoogleUtilities-Logger.modulemap -Xcc -fmodule-map-file\=/Users/aryazaeri/Library/Developer/Xcode/DerivedData/BestBefore_Prototype_IOS-gbnddpnjsvathjdutdcktjqecxgh/Build/Intermediates.noindex/GeneratedModuleMaps-iphonesimulator/GoogleUtilities-Environment.modulemap -Xcc -fmodule-map-file\=/Users/aryazaeri/Library/Developer/Xcode/DerivedData/BestBefore_Prototype_IOS-gbnddpnjsvathjdutdcktjqecxgh/Build/Intermediates.noindex/GeneratedModuleMaps-iphonesimulator/third-party-IsAppEncrypted.modulemap -Xcc -fmodule-map-file\=/Users/aryazaeri/Library/Developer/Xcode/DerivedData/BestBefore_Prototype_IOS-gbnddpnjsvathjdutdcktjqecxgh/Build/Intermediates.noindex/GeneratedModuleMaps-iphonesimulator/GoogleUtilities-AppDelegateSwizzler.modulemap -Xcc -fmodule-map-file\=/Users/aryazaeri/Library/Developer/Xcode/DerivedData/BestBefore_Prototype_IOS-gbnddpnjsvathjdutdcktjqecxgh/Build/Intermediates.noindex/GeneratedModuleMaps-iphonesimulator/GTMSessionFetcherCore.modulemap -Xcc -fmodule-map-file\=/Users/aryazaeri/Library/Developer/Xcode/DerivedData/BestBefore_Prototype_IOS-gbnddpnjsvathjdutdcktjqecxgh/Build/Intermediates.noindex/GeneratedModuleMaps-iphonesimulator/FirebaseCoreExtension.modulemap -Xcc -fmodule-map-file\=/Users/aryazaeri/Library/Developer/Xcode/DerivedData/BestBefore_Prototype_IOS-gbnddpnjsvathjdutdcktjqecxgh/Build/Intermediates.noindex/GeneratedModuleMaps-iphonesimulator/FirebaseCore.modulemap -Xcc -fmodule-map-file\=/Users/aryazaeri/Library/Developer/Xcode/DerivedData/BestBefore_Prototype_IOS-gbnddpnjsvathjdutdcktjqecxgh/Build/Intermediates.noindex/GeneratedModuleMaps-iphonesimulator/FirebaseAuthInternal.modulemap -Xcc -fmodule-map-file\=/Users/aryazaeri/Library/Developer/Xcode/DerivedData/BestBefore_Prototype_IOS-gbnddpnjsvathjdutdcktjqecxgh/Build/Intermediates.noindex/GeneratedModuleMaps-iphonesimulator/FirebaseAuthInterop.modulemap -Xcc -fmodule-map-file\=/Users/aryazaeri/Library/Developer/Xcode/DerivedData/BestBefore_Prototype_IOS-gbnddpnjsvathjdutdcktjqecxgh/Build/Intermediates.noindex/GeneratedModuleMaps-iphonesimulator/FirebaseAppCheckInterop.modulemap -Xcc -D_LIBCPP_HARDENING_MODE\=_LIBCPP_HARDENING_MODE_DEBUG -Xcc -ivfsstatcache -Xcc /Users/aryazaeri/Library/Developer/Xcode/DerivedData/SDKStatCaches.noindex/iphonesimulator26.2-23C53-7d00a8b37fbd7999ea79df8ebc024bf0.sdkstatcache -Xcc -I/Users/aryazaeri/Library/Developer/Xcode/DerivedData/BestBefore_Prototype_IOS-gbnddpnjsvathjdutdcktjqecxgh/Build/Intermediates.noindex/BestBefore_Prototype_IOS.build/Debug-iphonesimulator/BestBefore_Prototype_IOS.build/swift-overrides.hmap -Xcc -iquote -Xcc /Users/aryazaeri/Library/Developer/Xcode/DerivedData/BestBefore_Prototype_IOS-gbnddpnjsvathjdutdcktjqecxgh/Build/Intermediates.noindex/BestBefore_Prototype_IOS.build/Debug-iphonesimulator/BestBefore_Prototype_IOS.build/BestBefore_Prototype_IOS-generated-files.hmap -Xcc -I/Users/aryazaeri/Library/Developer/Xcode/DerivedData/BestBefore_Prototype_IOS-gbnddpnjsvathjdutdcktjqecxgh/Build/Intermediates.noindex/BestBefore_Prototype_IOS.build/Debug-iphonesimulator/BestBefore_Prototype_IOS.build/BestBefore_Prototype_IOS-own-target-headers.hmap -Xcc -I/Users/aryazaeri/Library/Developer/Xcode/DerivedData/BestBefore_Prototype_IOS-gbnddpnjsvathjdutdcktjqecxgh/Build/Intermediates.noindex/BestBefore_Prototype_IOS.build/Debug-iphonesimulator/BestBefore_Prototype_IOS.build/BestBefore_Prototype_IOS-all-non-framework-target-headers.hmap -Xcc -ivfsoverlay -Xcc /Users/aryazaeri/Library/Developer/Xcode/DerivedData/BestBefore_Prototype_IOS-gbnddpnjsvathjdutdcktjqecxgh/Build/Intermediates.noindex/BestBefore_Prototype_IOS.build/Debug-iphonesimulator/BestBefore_Prototype_IOS-0d148ab7edcafde1a52dd57ef23ecfde-VFS-iphonesimulator/all-product-headers.yaml -Xcc -iquote -Xcc /Users/aryazaeri/Library/Developer/Xcode/DerivedData/BestBefore_Prototype_IOS-gbnddpnjsvathjdutdcktjqecxgh/Build/Intermediates.noindex/BestBefore_Prototype_IOS.build/Debug-iphonesimulator/BestBefore_Prototype_IOS.build/BestBefore_Prototype_IOS-project-headers.hmap -Xcc -I/Users/aryazaeri/Library/Developer/Xcode/DerivedData/BestBefore_Prototype_IOS-gbnddpnjsvathjdutdcktjqecxgh/SourcePackages/checkouts/interop-ios-for-google-sdks/RecaptchaEnterprise/RecaptchaInterop/Public -Xcc -I/Users/aryazaeri/Library/Developer/Xcode/DerivedData/BestBefore_Prototype_IOS-gbnddpnjsvathjdutdcktjqecxgh/SourcePackages/checkouts/GoogleUtilities/GoogleUtilities/Network/Public -Xcc -I/Users/aryazaeri/Library/Developer/Xcode/DerivedData/BestBefore_Prototype_IOS-gbnddpnjsvathjdutdcktjqecxgh/SourcePackages/checkouts/GoogleUtilities/GoogleUtilities/Reachability/Public -Xcc -I/Users/aryazaeri/Library/Developer/Xcode/DerivedData/BestBefore_Prototype_IOS-gbnddpnjsvathjdutdcktjqecxgh/SourcePackages/checkouts/GoogleUtilities/GoogleUtilities/NSData+zlib/Public -Xcc -I/Users/aryazaeri/Library/Developer/Xcode/DerivedData/BestBefore_Prototype_IOS-gbnddpnjsvathjdutdcktjqecxgh/SourcePackages/checkouts/GoogleUtilities/GoogleUtilities/Logger/Public -Xcc -I/Users/aryazaeri/Library/Developer/Xcode/DerivedData/BestBefore_Prototype_IOS-gbnddpnjsvathjdutdcktjqecxgh/SourcePackages/checkouts/GoogleUtilities/GoogleUtilities/Environment/Public -Xcc -I/Users/aryazaeri/Library/Developer/Xcode/DerivedData/BestBefore_Prototype_IOS-gbnddpnjsvathjdutdcktjqecxgh/SourcePackages/checkouts/GoogleUtilities/third_party/IsAppEncrypted/Public -Xcc -I/Users/aryazaeri/Library/Developer/Xcode/DerivedData/BestBefore_Prototype_IOS-gbnddpnjsvathjdutdcktjqecxgh/SourcePackages/checkouts/GoogleUtilities/GoogleUtilities/AppDelegateSwizzler/Public -Xcc -I/Users/aryazaeri/Library/Developer/Xcode/DerivedData/BestBefore_Prototype_IOS-gbnddpnjsvathjdutdcktjqecxgh/SourcePackages/checkouts/gtm-session-fetcher/Sources/Core/Public -Xcc -I/Users/aryazaeri/Library/Developer/Xcode/DerivedData/BestBefore_Prototype_IOS-gbnddpnjsvathjdutdcktjqecxgh/SourcePackages/checkouts/firebase-ios-sdk/FirebaseCore/Extension -Xcc -I/Users/aryazaeri/Library/Developer/Xcode/DerivedData/BestBefore_Prototype_IOS-gbnddpnjsvathjdutdcktjqecxgh/SourcePackages/checkouts/firebase-ios-sdk/FirebaseCore/Sources/Public -Xcc -I/Users/aryazaeri/Library/Developer/Xcode/DerivedData/BestBefore_Prototype_IOS-gbnddpnjsvathjdutdcktjqecxgh/SourcePackages/checkouts/firebase-ios-sdk/CoreOnly/Sources -Xcc -I/Users/aryazaeri/Library/Developer/Xcode/DerivedData/BestBefore_Prototype_IOS-gbnddpnjsvathjdutdcktjqecxgh/SourcePackages/checkouts/firebase-ios-sdk/FirebaseAuth/Sources/Public -Xcc -I/Users/aryazaeri/Library/Developer/Xcode/DerivedData/BestBefore_Prototype_IOS-gbnddpnjsvathjdutdcktjqecxgh/SourcePackages/checkouts/firebase-ios-sdk/FirebaseAuth/Interop/Public -Xcc -I/Users/aryazaeri/Library/Developer/Xcode/DerivedData/BestBefore_Prototype_IOS-gbnddpnjsvathjdutdcktjqecxgh/SourcePackages/checkouts/firebase-ios-sdk/FirebaseAppCheck/Interop/Public -Xcc -I/Users/aryazaeri/Library/Developer/Xcode/DerivedData/BestBefore_Prototype_IOS-gbnddpnjsvathjdutdcktjqecxgh/Build/Products/Debug-iphonesimulator/include -Xcc -I/Users/aryazaeri/Library/Developer/Xcode/DerivedData/BestBefore_Prototype_IOS-gbnddpnjsvathjdutdcktjqecxgh/Build/Intermediates.noindex/BestBefore_Prototype_IOS.build/Debug-iphonesimulator/BestBefore_Prototype_IOS.build/DerivedSources-normal/x86_64 -Xcc -I/Users/aryazaeri/Library/Developer/Xcode/DerivedData/BestBefore_Prototype_IOS-gbnddpnjsvathjdutdcktjqecxgh/Build/Intermediates.noindex/BestBefore_Prototype_IOS.build/Debug-iphonesimulator/BestBefore_Prototype_IOS.build/DerivedSources/x86_64 -Xcc -I/Users/aryazaeri/Library/Developer/Xcode/DerivedData/BestBefore_Prototype_IOS-gbnddpnjsvathjdutdcktjqecxgh/Build/Intermediates.noindex/BestBefore_Prototype_IOS.build/Debug-iphonesimulator/BestBefore_Prototype_IOS.build/DerivedSources -Xcc -DDEBUG\=1 -no-auto-bridging-header-chaining -module-name BestBefore_Prototype_IOS -frontend-parseable-output -disable-clang-spi -target-sdk-version 26.2 -target-sdk-name iphonesimulator26.2 -clang-target x86_64-apple-ios26.2-simulator -in-process-plugin-server-path /Applications/Xcode.app/Contents/Developer/Toolchains/XcodeDefault.xctoolchain/usr/lib/swift/host/libSwiftInProcPluginServer.dylib -o /Users/aryazaeri/Library/Developer/Xcode/DerivedData/BestBefore_Prototype_IOS-gbnddpnjsvathjdutdcktjqecxgh/Build/Intermediates.noindex/BestBefore_Prototype_IOS.build/Debug-iphonesimulator/BestBefore_Prototype_IOS.build/Objects-normal/x86_64/RoamingView.o -o /Users/aryazaeri/Library/Developer/Xcode/DerivedData/BestBefore_Prototype_IOS-gbnddpnjsvathjdutdcktjqecxgh/Build/Intermediates.noindex/BestBefore_Prototype_IOS.build/Debug-iphonesimulator/BestBefore_Prototype_IOS.build/Objects-normal/x86_64/RoomDetailView.o -index-unit-output-path /BestBefore_Prototype_IOS.build/Debug-iphonesimulator/BestBefore_Prototype_IOS.build/Objects-normal/x86_64/RoamingView.o -index-unit-output-path /BestBefore_Prototype_IOS.build/Debug-iphonesimulator/BestBefore_Prototype_IOS.build/Objects-normal/x86_64/RoomDetailView.o -index-store-path /Users/aryazaeri/Library/Developer/Xcode/DerivedData/BestBefore_Prototype_IOS-gbnddpnjsvathjdutdcktjqecxgh/Index.noindex/DataStore -index-system-modules

SwiftCompile normal x86_64 /Users/aryazaeri/Desktop/BestBefore/BestBefore_V2/ios/BestBefore_Prototype_IOS/BestBefore_Prototype_IOS/RoamingView.swift (in target 'BestBefore_Prototype_IOS' from project 'BestBefore_Prototype_IOS')
    cd /Users/aryazaeri/Desktop/BestBefore/BestBefore_V2/ios/BestBefore_Prototype_IOS
    

SwiftCompile normal x86_64 /Users/aryazaeri/Desktop/BestBefore/BestBefore_V2/ios/BestBefore_Prototype_IOS/BestBefore_Prototype_IOS/RoomDetailView.swift (in target 'BestBefore_Prototype_IOS' from project 'BestBefore_Prototype_IOS')
    cd /Users/aryazaeri/Desktop/BestBefore/BestBefore_V2/ios/BestBefore_Prototype_IOS
    
/Users/aryazaeri/Desktop/BestBefore/BestBefore_V2/ios/BestBefore_Prototype_IOS/BestBefore_Prototype_IOS/RoomDetailView.swift:74:60: error: cannot use optional chaining on non-optional value of type 'String'
      let userEmail = AuthService.shared.currentUser?.email?.trimmingCharacters(
                      ~~~~~~~~~~~~~~~~~~~~~~~~~~~~~~~~~~~~~^
                                                           

Ld /Users/aryazaeri/Library/Developer/Xcode/DerivedData/BestBefore_Prototype_IOS-gbnddpnjsvathjdutdcktjqecxgh/Build/Intermediates.noindex/GoogleUtilities.build/Debug-iphonesimulator/GoogleUtilities-AppDelegateSwizzler.build/Objects-normal/x86_64/Binary/GoogleUtilities-AppDelegateSwizzler.o normal x86_64 (in target 'GoogleUtilities-AppDelegateSwizzler' from project 'GoogleUtilities')
    cd /Users/aryazaeri/Library/Developer/Xcode/DerivedData/BestBefore_Prototype_IOS-gbnddpnjsvathjdutdcktjqecxgh/SourcePackages/checkouts/GoogleUtilities
    /Applications/Xcode.app/Contents/Developer/Toolchains/XcodeDefault.xctoolchain/usr/bin/clang -Xlinker -reproducible -target x86_64-apple-ios12.0-simulator -r -isysroot /Applications/Xcode.app/Contents/Developer/Platforms/iPhoneSimulator.platform/Developer/SDKs/iPhoneSimulator26.2.sdk -O0 -w -L/Users/aryazaeri/Library/Developer/Xcode/DerivedData/BestBefore_Prototype_IOS-gbnddpnjsvathjdutdcktjqecxgh/Build/Intermediates.noindex/EagerLinkingTBDs/Debug-iphonesimulator -L/Users/aryazaeri/Library/Developer/Xcode/DerivedData/BestBefore_Prototype_IOS-gbnddpnjsvathjdutdcktjqecxgh/Build/Products/Debug-iphonesimulator -L/Applications/Xcode.app/Contents/Developer/Platforms/iPhoneSimulator.platform/Developer/usr/lib -F/Users/aryazaeri/Library/Developer/Xcode/DerivedData/BestBefore_Prototype_IOS-gbnddpnjsvathjdutdcktjqecxgh/Build/Intermediates.noindex/EagerLinkingTBDs/Debug-iphonesimulator -F/Users/aryazaeri/Library/Developer/Xcode/DerivedData/BestBefore_Prototype_IOS-gbnddpnjsvathjdutdcktjqecxgh/Build/Products/Debug-iphonesimulator/PackageFrameworks -F/Users/aryazaeri/Library/Developer/Xcode/DerivedData/BestBefore_Prototype_IOS-gbnddpnjsvathjdutdcktjqecxgh/Build/Products/Debug-iphonesimulator/PackageFrameworks -F/Users/aryazaeri/Library/Developer/Xcode/DerivedData/BestBefore_Prototype_IOS-gbnddpnjsvathjdutdcktjqecxgh/Build/Products/Debug-iphonesimulator/PackageFrameworks -F/Users/aryazaeri/Library/Developer/Xcode/DerivedData/BestBefore_Prototype_IOS-gbnddpnjsvathjdutdcktjqecxgh/Build/Products/Debug-iphonesimulator/PackageFrameworks -F/Users/aryazaeri/Library/Developer/Xcode/DerivedData/BestBefore_Prototype_IOS-gbnddpnjsvathjdutdcktjqecxgh/Build/Products/Debug-iphonesimulator/PackageFrameworks -F/Users/aryazaeri/Library/Developer/Xcode/DerivedData/BestBefore_Prototype_IOS-gbnddpnjsvathjdutdcktjqecxgh/Build/Products/Debug-iphonesimulator/PackageFrameworks -F/Users/aryazaeri/Library/Developer/Xcode/DerivedData/BestBefore_Prototype_IOS-gbnddpnjsvathjdutdcktjqecxgh/Build/Products/Debug-iphonesimulator -iframework /Applications/Xcode.app/Contents/Developer/Platforms/iPhoneSimulator.platform/Developer/Library/Frameworks -iframework /Applications/Xcode.app/Contents/Developer/Platforms/iPhoneSimulator.platform/Developer/SDKs/iPhoneSimulator26.2.sdk/Developer/Library/Frameworks -filelist /Users/aryazaeri/Library/Developer/Xcode/DerivedData/BestBefore_Prototype_IOS-gbnddpnjsvathjdutdcktjqecxgh/Build/Intermediates.noindex/GoogleUtilities.build/Debug-iphonesimulator/GoogleUtilities-AppDelegateSwizzler.build/Objects-normal/x86_64/GoogleUtilities-AppDelegateSwizzler.LinkFileList -nostdlib -Xlinker -object_path_lto -Xlinker /Users/aryazaeri/Library/Developer/Xcode/DerivedData/BestBefore_Prototype_IOS-gbnddpnjsvathjdutdcktjqecxgh/Build/Intermediates.noindex/GoogleUtilities.build/Debug-iphonesimulator/GoogleUtilities-AppDelegateSwizzler.build/Objects-normal/x86_64/GoogleUtilities-AppDelegateSwizzler_lto.o -rdynamic -Xlinker -no_deduplicate -Xlinker -objc_abi_version -Xlinker 2 -Xlinker -dependency_info -Xlinker /Users/aryazaeri/Library/Developer/Xcode/DerivedData/BestBefore_Prototype_IOS-gbnddpnjsvathjdutdcktjqecxgh/Build/Intermediates.noindex/GoogleUtilities.build/Debug-iphonesimulator/GoogleUtilities-AppDelegateSwizzler.build/Objects-normal/x86_64/GoogleUtilities-AppDelegateSwizzler_dependency_info.dat -fobjc-arc -fobjc-link-runtime -o /Users/aryazaeri/Library/Developer/Xcode/DerivedData/BestBefore_Prototype_IOS-gbnddpnjsvathjdutdcktjqecxgh/Build/Intermediates.noindex/GoogleUtilities.build/Debug-iphonesimulator/GoogleUtilities-AppDelegateSwizzler.build/Objects-normal/x86_64/Binary/GoogleUtilities-AppDelegateSwizzler.o

SwiftCompile normal x86_64 Compiling\ MockData.swift,\ OrbMenuPremium.swift /Users/aryazaeri/Desktop/BestBefore/BestBefore_V2/ios/BestBefore_Prototype_IOS/BestBefore_Prototype_IOS/MockData.swift /Users/aryazaeri/Desktop/BestBefore/BestBefore_V2/ios/BestBefore_Prototype_IOS/BestBefore_Prototype_IOS/OrbMenuPremium.swift (in target 'BestBefore_Prototype_IOS' from project 'BestBefore_Prototype_IOS')

SwiftCompile normal x86_64 /Users/aryazaeri/Desktop/BestBefore/BestBefore_V2/ios/BestBefore_Prototype_IOS/BestBefore_Prototype_IOS/MockData.swift (in target 'BestBefore_Prototype_IOS' from project 'BestBefore_Prototype_IOS')
    cd /Users/aryazaeri/Desktop/BestBefore/BestBefore_V2/ios/BestBefore_Prototype_IOS
    

SwiftCompile normal x86_64 /Users/aryazaeri/Desktop/BestBefore/BestBefore_V2/ios/BestBefore_Prototype_IOS/BestBefore_Prototype_IOS/OrbMenuPremium.swift (in target 'BestBefore_Prototype_IOS' from project 'BestBefore_Prototype_IOS')
    cd /Users/aryazaeri/Desktop/BestBefore/BestBefore_V2/ios/BestBefore_Prototype_IOS
    

CreateUniversalBinary /Users/aryazaeri/Library/Developer/Xcode/DerivedData/BestBefore_Prototype_IOS-gbnddpnjsvathjdutdcktjqecxgh/Build/Products/Debug-iphonesimulator/GoogleUtilities-AppDelegateSwizzler.o normal arm64\ x86_64 (in target 'GoogleUtilities-AppDelegateSwizzler' from project 'GoogleUtilities')
    cd /Users/aryazaeri/Library/Developer/Xcode/DerivedData/BestBefore_Prototype_IOS-gbnddpnjsvathjdutdcktjqecxgh/SourcePackages/checkouts/GoogleUtilities
    /Applications/Xcode.app/Contents/Developer/Toolchains/XcodeDefault.xctoolchain/usr/bin/lipo -create /Users/aryazaeri/Library/Developer/Xcode/DerivedData/BestBefore_Prototype_IOS-gbnddpnjsvathjdutdcktjqecxgh/Build/Intermediates.noindex/GoogleUtilities.build/Debug-iphonesimulator/GoogleUtilities-AppDelegateSwizzler.build/Objects-normal/arm64/Binary/GoogleUtilities-AppDelegateSwizzler.o /Users/aryazaeri/Library/Developer/Xcode/DerivedData/BestBefore_Prototype_IOS-gbnddpnjsvathjdutdcktjqecxgh/Build/Intermediates.noindex/GoogleUtilities.build/Debug-iphonesimulator/GoogleUtilities-AppDelegateSwizzler.build/Objects-normal/x86_64/Binary/GoogleUtilities-AppDelegateSwizzler.o -output /Users/aryazaeri/Library/Developer/Xcode/DerivedData/BestBefore_Prototype_IOS-gbnddpnjsvathjdutdcktjqecxgh/Build/Products/Debug-iphonesimulator/GoogleUtilities-AppDelegateSwizzler.o

SwiftCompile normal x86_64 Compiling\ CardStackView.swift,\ ContentView.swift /Users/aryazaeri/Desktop/BestBefore/BestBefore_V2/ios/BestBefore_Prototype_IOS/BestBefore_Prototype_IOS/CardStackView.swift /Users/aryazaeri/Desktop/BestBefore/BestBefore_V2/ios/BestBefore_Prototype_IOS/BestBefore_Prototype_IOS/ContentView.swift (in target 'BestBefore_Prototype_IOS' from project 'BestBefore_Prototype_IOS')

SwiftCompile normal x86_64 /Users/aryazaeri/Desktop/BestBefore/BestBefore_V2/ios/BestBefore_Prototype_IOS/BestBefore_Prototype_IOS/CardStackView.swift (in target 'BestBefore_Prototype_IOS' from project 'BestBefore_Prototype_IOS')
    cd /Users/aryazaeri/Desktop/BestBefore/BestBefore_V2/ios/BestBefore_Prototype_IOS
    

SwiftCompile normal x86_64 /Users/aryazaeri/Desktop/BestBefore/BestBefore_V2/ios/BestBefore_Prototype_IOS/BestBefore_Prototype_IOS/ContentView.swift (in target 'BestBefore_Prototype_IOS' from project 'BestBefore_Prototype_IOS')
    cd /Users/aryazaeri/Desktop/BestBefore/BestBefore_V2/ios/BestBefore_Prototype_IOS
    

SwiftCompile normal arm64 Compiling\ Persistence.swift /Users/aryazaeri/Desktop/BestBefore/BestBefore_V2/ios/BestBefore_Prototype_IOS/BestBefore_Prototype_IOS/Persistence.swift (in target 'BestBefore_Prototype_IOS' from project 'BestBefore_Prototype_IOS')

SwiftCompile normal arm64 /Users/aryazaeri/Desktop/BestBefore/BestBefore_V2/ios/BestBefore_Prototype_IOS/BestBefore_Prototype_IOS/Persistence.swift (in target 'BestBefore_Prototype_IOS' from project 'BestBefore_Prototype_IOS')
    cd /Users/aryazaeri/Desktop/BestBefore/BestBefore_V2/ios/BestBefore_Prototype_IOS
    

SwiftCompile normal arm64 Compiling\ ProfileView.swift /Users/aryazaeri/Desktop/BestBefore/BestBefore_V2/ios/BestBefore_Prototype_IOS/BestBefore_Prototype_IOS/ProfileView.swift (in target 'BestBefore_Prototype_IOS' from project 'BestBefore_Prototype_IOS')

SwiftCompile normal arm64 /Users/aryazaeri/Desktop/BestBefore/BestBefore_V2/ios/BestBefore_Prototype_IOS/BestBefore_Prototype_IOS/ProfileView.swift (in target 'BestBefore_Prototype_IOS' from project 'BestBefore_Prototype_IOS')
    cd /Users/aryazaeri/Desktop/BestBefore/BestBefore_V2/ios/BestBefore_Prototype_IOS
    
/Users/aryazaeri/Desktop/BestBefore/BestBefore_V2/ios/BestBefore_Prototype_IOS/BestBefore_Prototype_IOS/ProfileView.swift:356:46: warning: left side of nil coalescing operator '??' has non-optional type 'String', so the right side is never used
          accentColor: selectedColor.toHex() ?? "#007AFF",
                       ~~~~~~~~~~~~~~~~~~~~~~^~~~~~~~~~~~
                                            

SwiftDriverJobDiscovery normal arm64 Compiling Persistence.swift (in target 'BestBefore_Prototype_IOS' from project 'BestBefore_Prototype_IOS')

SwiftCompile normal arm64 Compiling\ Extensions.swift /Users/aryazaeri/Desktop/BestBefore/BestBefore_V2/ios/BestBefore_Prototype_IOS/BestBefore_Prototype_IOS/Extensions.swift (in target 'BestBefore_Prototype_IOS' from project 'BestBefore_Prototype_IOS')

SwiftCompile normal arm64 /Users/aryazaeri/Desktop/BestBefore/BestBefore_V2/ios/BestBefore_Prototype_IOS/BestBefore_Prototype_IOS/Extensions.swift (in target 'BestBefore_Prototype_IOS' from project 'BestBefore_Prototype_IOS')
    cd /Users/aryazaeri/Desktop/BestBefore/BestBefore_V2/ios/BestBefore_Prototype_IOS
    

SwiftDriverJobDiscovery normal x86_64 Compiling MockData.swift, OrbMenuPremium.swift (in target 'BestBefore_Prototype_IOS' from project 'BestBefore_Prototype_IOS')

SwiftCompile normal x86_64 Compiling\ SignupView.swift /Users/aryazaeri/Desktop/BestBefore/BestBefore_V2/ios/BestBefore_Prototype_IOS/BestBefore_Prototype_IOS/SignupView.swift (in target 'BestBefore_Prototype_IOS' from project 'BestBefore_Prototype_IOS')

SwiftCompile normal x86_64 /Users/aryazaeri/Desktop/BestBefore/BestBefore_V2/ios/BestBefore_Prototype_IOS/BestBefore_Prototype_IOS/SignupView.swift (in target 'BestBefore_Prototype_IOS' from project 'BestBefore_Prototype_IOS')
    cd /Users/aryazaeri/Desktop/BestBefore/BestBefore_V2/ios/BestBefore_Prototype_IOS
    

SwiftDriverJobDiscovery normal x86_64 Compiling CardStackView.swift, ContentView.swift (in target 'BestBefore_Prototype_IOS' from project 'BestBefore_Prototype_IOS')

SwiftCompile normal x86_64 Compiling\ BestBefore_Prototype_IOSApp.swift /Users/aryazaeri/Desktop/BestBefore/BestBefore_V2/ios/BestBefore_Prototype_IOS/BestBefore_Prototype_IOS/BestBefore_Prototype_IOSApp.swift (in target 'BestBefore_Prototype_IOS' from project 'BestBefore_Prototype_IOS')

SwiftCompile normal x86_64 /Users/aryazaeri/Desktop/BestBefore/BestBefore_V2/ios/BestBefore_Prototype_IOS/BestBefore_Prototype_IOS/BestBefore_Prototype_IOSApp.swift (in target 'BestBefore_Prototype_IOS' from project 'BestBefore_Prototype_IOS')
    cd /Users/aryazaeri/Desktop/BestBefore/BestBefore_V2/ios/BestBefore_Prototype_IOS
    

SwiftDriverJobDiscovery normal arm64 Compiling Extensions.swift (in target 'BestBefore_Prototype_IOS' from project 'BestBefore_Prototype_IOS')

SwiftCompile normal x86_64 Compiling\ Persistence.swift,\ ProfileView.swift /Users/aryazaeri/Desktop/BestBefore/BestBefore_V2/ios/BestBefore_Prototype_IOS/BestBefore_Prototype_IOS/Persistence.swift /Users/aryazaeri/Desktop/BestBefore/BestBefore_V2/ios/BestBefore_Prototype_IOS/BestBefore_Prototype_IOS/ProfileView.swift (in target 'BestBefore_Prototype_IOS' from project 'BestBefore_Prototype_IOS')

SwiftCompile normal x86_64 /Users/aryazaeri/Desktop/BestBefore/BestBefore_V2/ios/BestBefore_Prototype_IOS/BestBefore_Prototype_IOS/Persistence.swift (in target 'BestBefore_Prototype_IOS' from project 'BestBefore_Prototype_IOS')
    cd /Users/aryazaeri/Desktop/BestBefore/BestBefore_V2/ios/BestBefore_Prototype_IOS
    

SwiftCompile normal x86_64 /Users/aryazaeri/Desktop/BestBefore/BestBefore_V2/ios/BestBefore_Prototype_IOS/BestBefore_Prototype_IOS/ProfileView.swift (in target 'BestBefore_Prototype_IOS' from project 'BestBefore_Prototype_IOS')
    cd /Users/aryazaeri/Desktop/BestBefore/BestBefore_V2/ios/BestBefore_Prototype_IOS
    
/Users/aryazaeri/Desktop/BestBefore/BestBefore_V2/ios/BestBefore_Prototype_IOS/BestBefore_Prototype_IOS/ProfileView.swift:356:46: warning: left side of nil coalescing operator '??' has non-optional type 'String', so the right side is never used
          accentColor: selectedColor.toHex() ?? "#007AFF",
                       ~~~~~~~~~~~~~~~~~~~~~~^~~~~~~~~~~~
                                            

SwiftDriverJobDiscovery normal arm64 Compiling HallwayView.swift (in target 'BestBefore_Prototype_IOS' from project 'BestBefore_Prototype_IOS')

SwiftCompile normal arm64 Compiling\ ContentView.swift /Users/aryazaeri/Desktop/BestBefore/BestBefore_V2/ios/BestBefore_Prototype_IOS/BestBefore_Prototype_IOS/ContentView.swift (in target 'BestBefore_Prototype_IOS' from project 'BestBefore_Prototype_IOS')

SwiftCompile normal arm64 /Users/aryazaeri/Desktop/BestBefore/BestBefore_V2/ios/BestBefore_Prototype_IOS/BestBefore_Prototype_IOS/ContentView.swift (in target 'BestBefore_Prototype_IOS' from project 'BestBefore_Prototype_IOS')
    cd /Users/aryazaeri/Desktop/BestBefore/BestBefore_V2/ios/BestBefore_Prototype_IOS
    

SwiftDriverJobDiscovery normal x86_64 Compiling BestBefore_Prototype_IOSApp.swift (in target 'BestBefore_Prototype_IOS' from project 'BestBefore_Prototype_IOS')

SwiftCompile normal arm64 Compiling\ CreateRoomFlowView.swift /Users/aryazaeri/Desktop/BestBefore/BestBefore_V2/ios/BestBefore_Prototype_IOS/BestBefore_Prototype_IOS/CreateRoomFlowView.swift (in target 'BestBefore_Prototype_IOS' from project 'BestBefore_Prototype_IOS')

SwiftCompile normal arm64 /Users/aryazaeri/Desktop/BestBefore/BestBefore_V2/ios/BestBefore_Prototype_IOS/BestBefore_Prototype_IOS/CreateRoomFlowView.swift (in target 'BestBefore_Prototype_IOS' from project 'BestBefore_Prototype_IOS')
    cd /Users/aryazaeri/Desktop/BestBefore/BestBefore_V2/ios/BestBefore_Prototype_IOS
    

SwiftDriverJobDiscovery normal x86_64 Compiling SignupView.swift (in target 'BestBefore_Prototype_IOS' from project 'BestBefore_Prototype_IOS')

SwiftCompile normal arm64 Compiling\ MemoryShowroomView.swift /Users/aryazaeri/Desktop/BestBefore/BestBefore_V2/ios/BestBefore_Prototype_IOS/BestBefore_Prototype_IOS/MemoryShowroomView.swift (in target 'BestBefore_Prototype_IOS' from project 'BestBefore_Prototype_IOS')

SwiftCompile normal arm64 /Users/aryazaeri/Desktop/BestBefore/BestBefore_V2/ios/BestBefore_Prototype_IOS/BestBefore_Prototype_IOS/MemoryShowroomView.swift (in target 'BestBefore_Prototype_IOS' from project 'BestBefore_Prototype_IOS')
    cd /Users/aryazaeri/Desktop/BestBefore/BestBefore_V2/ios/BestBefore_Prototype_IOS
    

SwiftDriverJobDiscovery normal arm64 Compiling ContentView.swift (in target 'BestBefore_Prototype_IOS' from project 'BestBefore_Prototype_IOS')

SwiftCompile normal arm64 Compiling\ SignupView.swift /Users/aryazaeri/Desktop/BestBefore/BestBefore_V2/ios/BestBefore_Prototype_IOS/BestBefore_Prototype_IOS/SignupView.swift (in target 'BestBefore_Prototype_IOS' from project 'BestBefore_Prototype_IOS')

SwiftCompile normal arm64 /Users/aryazaeri/Desktop/BestBefore/BestBefore_V2/ios/BestBefore_Prototype_IOS/BestBefore_Prototype_IOS/SignupView.swift (in target 'BestBefore_Prototype_IOS' from project 'BestBefore_Prototype_IOS')
    cd /Users/aryazaeri/Desktop/BestBefore/BestBefore_V2/ios/BestBefore_Prototype_IOS
    

SwiftDriverJobDiscovery normal arm64 Compiling ProfileView.swift (in target 'BestBefore_Prototype_IOS' from project 'BestBefore_Prototype_IOS')

SwiftCompile normal arm64 Compiling\ LoginView.swift /Users/aryazaeri/Desktop/BestBefore/BestBefore_V2/ios/BestBefore_Prototype_IOS/BestBefore_Prototype_IOS/LoginView.swift (in target 'BestBefore_Prototype_IOS' from project 'BestBefore_Prototype_IOS')

SwiftCompile normal arm64 /Users/aryazaeri/Desktop/BestBefore/BestBefore_V2/ios/BestBefore_Prototype_IOS/BestBefore_Prototype_IOS/LoginView.swift (in target 'BestBefore_Prototype_IOS' from project 'BestBefore_Prototype_IOS')
    cd /Users/aryazaeri/Desktop/BestBefore/BestBefore_V2/ios/BestBefore_Prototype_IOS
    

SwiftDriverJobDiscovery normal arm64 Compiling SignupView.swift (in target 'BestBefore_Prototype_IOS' from project 'BestBefore_Prototype_IOS')

SwiftCompile normal x86_64 Compiling\ AnimatedBackgroundView.swift /Users/aryazaeri/Desktop/BestBefore/BestBefore_V2/ios/BestBefore_Prototype_IOS/BestBefore_Prototype_IOS/AnimatedBackgroundView.swift (in target 'BestBefore_Prototype_IOS' from project 'BestBefore_Prototype_IOS')

SwiftCompile normal x86_64 /Users/aryazaeri/Desktop/BestBefore/BestBefore_V2/ios/BestBefore_Prototype_IOS/BestBefore_Prototype_IOS/AnimatedBackgroundView.swift (in target 'BestBefore_Prototype_IOS' from project 'BestBefore_Prototype_IOS')
    cd /Users/aryazaeri/Desktop/BestBefore/BestBefore_V2/ios/BestBefore_Prototype_IOS
    

SwiftDriverJobDiscovery normal x86_64 Compiling Persistence.swift, ProfileView.swift (in target 'BestBefore_Prototype_IOS' from project 'BestBefore_Prototype_IOS')

SwiftCompile normal arm64 Compiling\ AnimatedBackgroundView.swift,\ CardStackView.swift /Users/aryazaeri/Desktop/BestBefore/BestBefore_V2/ios/BestBefore_Prototype_IOS/BestBefore_Prototype_IOS/AnimatedBackgroundView.swift /Users/aryazaeri/Desktop/BestBefore/BestBefore_V2/ios/BestBefore_Prototype_IOS/BestBefore_Prototype_IOS/CardStackView.swift (in target 'BestBefore_Prototype_IOS' from project 'BestBefore_Prototype_IOS')

SwiftCompile normal arm64 /Users/aryazaeri/Desktop/BestBefore/BestBefore_V2/ios/BestBefore_Prototype_IOS/BestBefore_Prototype_IOS/AnimatedBackgroundView.swift (in target 'BestBefore_Prototype_IOS' from project 'BestBefore_Prototype_IOS')
    cd /Users/aryazaeri/Desktop/BestBefore/BestBefore_V2/ios/BestBefore_Prototype_IOS
    

SwiftCompile normal arm64 /Users/aryazaeri/Desktop/BestBefore/BestBefore_V2/ios/BestBefore_Prototype_IOS/BestBefore_Prototype_IOS/CardStackView.swift (in target 'BestBefore_Prototype_IOS' from project 'BestBefore_Prototype_IOS')
    cd /Users/aryazaeri/Desktop/BestBefore/BestBefore_V2/ios/BestBefore_Prototype_IOS
    

SwiftDriverJobDiscovery normal arm64 Compiling LoginView.swift (in target 'BestBefore_Prototype_IOS' from project 'BestBefore_Prototype_IOS')

SwiftCompile normal arm64 Compiling\ RoomDetailView.swift /Users/aryazaeri/Desktop/BestBefore/BestBefore_V2/ios/BestBefore_Prototype_IOS/BestBefore_Prototype_IOS/RoomDetailView.swift (in target 'BestBefore_Prototype_IOS' from project 'BestBefore_Prototype_IOS')

SwiftCompile normal arm64 /Users/aryazaeri/Desktop/BestBefore/BestBefore_V2/ios/BestBefore_Prototype_IOS/BestBefore_Prototype_IOS/RoomDetailView.swift (in target 'BestBefore_Prototype_IOS' from project 'BestBefore_Prototype_IOS')
    cd /Users/aryazaeri/Desktop/BestBefore/BestBefore_V2/ios/BestBefore_Prototype_IOS
    

SwiftDriverJobDiscovery normal x86_64 Compiling LoginView.swift, MemoryShowroomView.swift (in target 'BestBefore_Prototype_IOS' from project 'BestBefore_Prototype_IOS')

SwiftCompile normal x86_64 Compiling\ VerificationView.swift /Users/aryazaeri/Desktop/BestBefore/BestBefore_V2/ios/BestBefore_Prototype_IOS/BestBefore_Prototype_IOS/VerificationView.swift (in target 'BestBefore_Prototype_IOS' from project 'BestBefore_Prototype_IOS')

SwiftCompile normal x86_64 /Users/aryazaeri/Desktop/BestBefore/BestBefore_V2/ios/BestBefore_Prototype_IOS/BestBefore_Prototype_IOS/VerificationView.swift (in target 'BestBefore_Prototype_IOS' from project 'BestBefore_Prototype_IOS')
    cd /Users/aryazaeri/Desktop/BestBefore/BestBefore_V2/ios/BestBefore_Prototype_IOS
    

SwiftDriverJobDiscovery normal x86_64 Compiling AnimatedBackgroundView.swift (in target 'BestBefore_Prototype_IOS' from project 'BestBefore_Prototype_IOS')

SwiftCompile normal x86_64 Compiling\ Extensions.swift,\ HallwayView.swift /Users/aryazaeri/Desktop/BestBefore/BestBefore_V2/ios/BestBefore_Prototype_IOS/BestBefore_Prototype_IOS/Extensions.swift /Users/aryazaeri/Desktop/BestBefore/BestBefore_V2/ios/BestBefore_Prototype_IOS/BestBefore_Prototype_IOS/HallwayView.swift (in target 'BestBefore_Prototype_IOS' from project 'BestBefore_Prototype_IOS')

SwiftCompile normal x86_64 /Users/aryazaeri/Desktop/BestBefore/BestBefore_V2/ios/BestBefore_Prototype_IOS/BestBefore_Prototype_IOS/Extensions.swift (in target 'BestBefore_Prototype_IOS' from project 'BestBefore_Prototype_IOS')
    cd /Users/aryazaeri/Desktop/BestBefore/BestBefore_V2/ios/BestBefore_Prototype_IOS
    

SwiftCompile normal x86_64 /Users/aryazaeri/Desktop/BestBefore/BestBefore_V2/ios/BestBefore_Prototype_IOS/BestBefore_Prototype_IOS/HallwayView.swift (in target 'BestBefore_Prototype_IOS' from project 'BestBefore_Prototype_IOS')
    cd /Users/aryazaeri/Desktop/BestBefore/BestBefore_V2/ios/BestBefore_Prototype_IOS
    
/Users/aryazaeri/Desktop/BestBefore/BestBefore_V2/ios/BestBefore_Prototype_IOS/BestBefore_Prototype_IOS/HallwayView.swift:38:9: warning: 'init(destination:isActive:label:)' was deprecated in iOS 16.0: use NavigationLink(value:label:), or navigationDestination(isPresented:destination:), inside a NavigationStack or NavigationSplitView
        NavigationLink(
        ^

SwiftDriverJobDiscovery normal arm64 Compiling AnimatedBackgroundView.swift, CardStackView.swift (in target 'BestBefore_Prototype_IOS' from project 'BestBefore_Prototype_IOS')

SwiftCompile normal arm64 Compiling\ EditRoomView.swift /Users/aryazaeri/Desktop/BestBefore/BestBefore_V2/ios/BestBefore_Prototype_IOS/BestBefore_Prototype_IOS/EditRoomView.swift (in target 'BestBefore_Prototype_IOS' from project 'BestBefore_Prototype_IOS')

SwiftCompile normal arm64 /Users/aryazaeri/Desktop/BestBefore/BestBefore_V2/ios/BestBefore_Prototype_IOS/BestBefore_Prototype_IOS/EditRoomView.swift (in target 'BestBefore_Prototype_IOS' from project 'BestBefore_Prototype_IOS')
    cd /Users/aryazaeri/Desktop/BestBefore/BestBefore_V2/ios/BestBefore_Prototype_IOS
    

SwiftDriverJobDiscovery normal x86_64 Compiling VerificationView.swift (in target 'BestBefore_Prototype_IOS' from project 'BestBefore_Prototype_IOS')

SwiftCompile normal arm64 Compiling\ VerificationView.swift /Users/aryazaeri/Desktop/BestBefore/BestBefore_V2/ios/BestBefore_Prototype_IOS/BestBefore_Prototype_IOS/VerificationView.swift (in target 'BestBefore_Prototype_IOS' from project 'BestBefore_Prototype_IOS')

SwiftCompile normal arm64 /Users/aryazaeri/Desktop/BestBefore/BestBefore_V2/ios/BestBefore_Prototype_IOS/BestBefore_Prototype_IOS/VerificationView.swift (in target 'BestBefore_Prototype_IOS' from project 'BestBefore_Prototype_IOS')
    cd /Users/aryazaeri/Desktop/BestBefore/BestBefore_V2/ios/BestBefore_Prototype_IOS
    

SwiftDriverJobDiscovery normal x86_64 Compiling CreateRoomFlowView.swift, Database.swift (in target 'BestBefore_Prototype_IOS' from project 'BestBefore_Prototype_IOS')

SwiftCompile normal arm64 Compiling\ RoamingView.swift /Users/aryazaeri/Desktop/BestBefore/BestBefore_V2/ios/BestBefore_Prototype_IOS/BestBefore_Prototype_IOS/RoamingView.swift (in target 'BestBefore_Prototype_IOS' from project 'BestBefore_Prototype_IOS')

SwiftCompile normal arm64 /Users/aryazaeri/Desktop/BestBefore/BestBefore_V2/ios/BestBefore_Prototype_IOS/BestBefore_Prototype_IOS/RoamingView.swift (in target 'BestBefore_Prototype_IOS' from project 'BestBefore_Prototype_IOS')
    cd /Users/aryazaeri/Desktop/BestBefore/BestBefore_V2/ios/BestBefore_Prototype_IOS
    

SwiftDriverJobDiscovery normal arm64 Compiling MemoryShowroomView.swift (in target 'BestBefore_Prototype_IOS' from project 'BestBefore_Prototype_IOS')

SwiftCompile normal arm64 Compiling\ OrbMenuPremium.swift /Users/aryazaeri/Desktop/BestBefore/BestBefore_V2/ios/BestBefore_Prototype_IOS/BestBefore_Prototype_IOS/OrbMenuPremium.swift (in target 'BestBefore_Prototype_IOS' from project 'BestBefore_Prototype_IOS')

SwiftCompile normal arm64 /Users/aryazaeri/Desktop/BestBefore/BestBefore_V2/ios/BestBefore_Prototype_IOS/BestBefore_Prototype_IOS/OrbMenuPremium.swift (in target 'BestBefore_Prototype_IOS' from project 'BestBefore_Prototype_IOS')
    cd /Users/aryazaeri/Desktop/BestBefore/BestBefore_V2/ios/BestBefore_Prototype_IOS
    

SwiftDriverJobDiscovery normal arm64 Compiling CreateRoomFlowView.swift (in target 'BestBefore_Prototype_IOS' from project 'BestBefore_Prototype_IOS')

SwiftDriverJobDiscovery normal arm64 Compiling VerificationView.swift (in target 'BestBefore_Prototype_IOS' from project 'BestBefore_Prototype_IOS')

RegisterExecutionPolicyException /Users/aryazaeri/Library/Developer/Xcode/DerivedData/BestBefore_Prototype_IOS-gbnddpnjsvathjdutdcktjqecxgh/Build/Products/Debug-iphonesimulator/GoogleUtilities-AppDelegateSwizzler.o (in target 'GoogleUtilities-AppDelegateSwizzler' from project 'GoogleUtilities')
    cd /Users/aryazaeri/Library/Developer/Xcode/DerivedData/BestBefore_Prototype_IOS-gbnddpnjsvathjdutdcktjqecxgh/SourcePackages/checkouts/GoogleUtilities
    builtin-RegisterExecutionPolicyException /Users/aryazaeri/Library/Developer/Xcode/DerivedData/BestBefore_Prototype_IOS-gbnddpnjsvathjdutdcktjqecxgh/Build/Products/Debug-iphonesimulator/GoogleUtilities-AppDelegateSwizzler.o

RegisterExecutionPolicyException /Users/aryazaeri/Library/Developer/Xcode/DerivedData/BestBefore_Prototype_IOS-gbnddpnjsvathjdutdcktjqecxgh/Build/Products/Debug-iphonesimulator/FirebaseCore.o (in target 'FirebaseCore' from project 'Firebase')
    cd /Users/aryazaeri/Library/Developer/Xcode/DerivedData/BestBefore_Prototype_IOS-gbnddpnjsvathjdutdcktjqecxgh/SourcePackages/checkouts/firebase-ios-sdk
    builtin-RegisterExecutionPolicyException /Users/aryazaeri/Library/Developer/Xcode/DerivedData/BestBefore_Prototype_IOS-gbnddpnjsvathjdutdcktjqecxgh/Build/Products/Debug-iphonesimulator/FirebaseCore.o

SwiftDriver FirebaseAuth normal x86_64 com.apple.xcode.tools.swift.compiler (in target 'FirebaseAuth' from project 'Firebase')
    cd /Users/aryazaeri/Desktop/BestBefore/BestBefore_V2/ios/BestBefore_Prototype_IOS/BestBefore_Prototype_IOS.xcodeproj
    builtin-SwiftDriver -- /Applications/Xcode.app/Contents/Developer/Toolchains/XcodeDefault.xctoolchain/usr/bin/swiftc -module-name FirebaseAuth -Onone -enforce-exclusivity\=checked @/Users/aryazaeri/Library/Developer/Xcode/DerivedData/BestBefore_Prototype_IOS-gbnddpnjsvathjdutdcktjqecxgh/Build/Intermediates.noindex/Firebase.build/Debug-iphonesimulator/FirebaseAuth.build/Objects-normal/x86_64/FirebaseAuth.SwiftFileList -DSWIFT_PACKAGE -DDEBUG -DSWIFT_MODULE_RESOURCE_BUNDLE_AVAILABLE -Xcc -fmodule-map-file\=/Users/aryazaeri/Library/Developer/Xcode/DerivedData/BestBefore_Prototype_IOS-gbnddpnjsvathjdutdcktjqecxgh/Build/Intermediates.noindex/GeneratedModuleMaps-iphonesimulator/RecaptchaInterop.modulemap -Xcc -fmodule-map-file\=/Users/aryazaeri/Library/Developer/Xcode/DerivedData/BestBefore_Prototype_IOS-gbnddpnjsvathjdutdcktjqecxgh/Build/Intermediates.noindex/GeneratedModuleMaps-iphonesimulator/GoogleUtilities-Network.modulemap -Xcc -fmodule-map-file\=/Users/aryazaeri/Library/Developer/Xcode/DerivedData/BestBefore_Prototype_IOS-gbnddpnjsvathjdutdcktjqecxgh/Build/Intermediates.noindex/GeneratedModuleMaps-iphonesimulator/GoogleUtilities-Reachability.modulemap -Xcc -fmodule-map-file\=/Users/aryazaeri/Library/Developer/Xcode/DerivedData/BestBefore_Prototype_IOS-gbnddpnjsvathjdutdcktjqecxgh/Build/Intermediates.noindex/GeneratedModuleMaps-iphonesimulator/GoogleUtilities-NSData.modulemap -Xcc -fmodule-map-file\=/Users/aryazaeri/Library/Developer/Xcode/DerivedData/BestBefore_Prototype_IOS-gbnddpnjsvathjdutdcktjqecxgh/Build/Intermediates.noindex/GeneratedModuleMaps-iphonesimulator/GoogleUtilities-Logger.modulemap -Xcc -fmodule-map-file\=/Users/aryazaeri/Library/Developer/Xcode/DerivedData/BestBefore_Prototype_IOS-gbnddpnjsvathjdutdcktjqecxgh/Build/Intermediates.noindex/GeneratedModuleMaps-iphonesimulator/GoogleUtilities-Environment.modulemap -Xcc -fmodule-map-file\=/Users/aryazaeri/Library/Developer/Xcode/DerivedData/BestBefore_Prototype_IOS-gbnddpnjsvathjdutdcktjqecxgh/Build/Intermediates.noindex/GeneratedModuleMaps-iphonesimulator/third-party-IsAppEncrypted.modulemap -Xcc -fmodule-map-file\=/Users/aryazaeri/Library/Developer/Xcode/DerivedData/BestBefore_Prototype_IOS-gbnddpnjsvathjdutdcktjqecxgh/Build/Intermediates.noindex/GeneratedModuleMaps-iphonesimulator/GoogleUtilities-AppDelegateSwizzler.modulemap -Xcc -fmodule-map-file\=/Users/aryazaeri/Library/Developer/Xcode/DerivedData/BestBefore_Prototype_IOS-gbnddpnjsvathjdutdcktjqecxgh/Build/Intermediates.noindex/GeneratedModuleMaps-iphonesimulator/GTMSessionFetcherCore.modulemap -Xcc -fmodule-map-file\=/Users/aryazaeri/Library/Developer/Xcode/DerivedData/BestBefore_Prototype_IOS-gbnddpnjsvathjdutdcktjqecxgh/Build/Intermediates.noindex/GeneratedModuleMaps-iphonesimulator/FirebaseCoreExtension.modulemap -Xcc -fmodule-map-file\=/Users/aryazaeri/Library/Developer/Xcode/DerivedData/BestBefore_Prototype_IOS-gbnddpnjsvathjdutdcktjqecxgh/Build/Intermediates.noindex/GeneratedModuleMaps-iphonesimulator/FirebaseCore.modulemap -Xcc -fmodule-map-file\=/Users/aryazaeri/Library/Developer/Xcode/DerivedData/BestBefore_Prototype_IOS-gbnddpnjsvathjdutdcktjqecxgh/Build/Intermediates.noindex/GeneratedModuleMaps-iphonesimulator/FirebaseAuthInternal.modulemap -Xcc -fmodule-map-file\=/Users/aryazaeri/Library/Developer/Xcode/DerivedData/BestBefore_Prototype_IOS-gbnddpnjsvathjdutdcktjqecxgh/Build/Intermediates.noindex/GeneratedModuleMaps-iphonesimulator/FirebaseAuthInterop.modulemap -Xcc -fmodule-map-file\=/Users/aryazaeri/Library/Developer/Xcode/DerivedData/BestBefore_Prototype_IOS-gbnddpnjsvathjdutdcktjqecxgh/Build/Intermediates.noindex/GeneratedModuleMaps-iphonesimulator/FirebaseAppCheckInterop.modulemap -DXcode -plugin-path /Applications/Xcode.app/Contents/Developer/Toolchains/XcodeDefault.xctoolchain/usr/lib/swift/host/plugins/testing -enable-experimental-feature DebugDescriptionMacro -sdk /Applications/Xcode.app/Contents/Developer/Platforms/iPhoneSimulator.platform/Developer/SDKs/iPhoneSimulator26.2.sdk -target x86_64-apple-ios15.0-simulator -g -module-cache-path /Users/aryazaeri/Library/Developer/Xcode/DerivedData/ModuleCache.noindex -Xfrontend -serialize-debugging-options -enable-testing -suppress-warnings -index-store-path /Users/aryazaeri/Library/Developer/Xcode/DerivedData/BestBefore_Prototype_IOS-gbnddpnjsvathjdutdcktjqecxgh/Index.noindex/DataStore -Xcc -D_LIBCPP_HARDENING_MODE\=_LIBCPP_HARDENING_MODE_DEBUG -swift-version 5 -I /Users/aryazaeri/Library/Developer/Xcode/DerivedData/BestBefore_Prototype_IOS-gbnddpnjsvathjdutdcktjqecxgh/Build/Products/Debug-iphonesimulator -Isystem /Applications/Xcode.app/Contents/Developer/Platforms/iPhoneSimulator.platform/Developer/usr/lib -F /Users/aryazaeri/Library/Developer/Xcode/DerivedData/BestBefore_Prototype_IOS-gbnddpnjsvathjdutdcktjqecxgh/Build/Products/Debug-iphonesimulator/PackageFrameworks -F /Users/aryazaeri/Library/Developer/Xcode/DerivedData/BestBefore_Prototype_IOS-gbnddpnjsvathjdutdcktjqecxgh/Build/Products/Debug-iphonesimulator/PackageFrameworks -F /Users/aryazaeri/Library/Developer/Xcode/DerivedData/BestBefore_Prototype_IOS-gbnddpnjsvathjdutdcktjqecxgh/Build/Products/Debug-iphonesimulator/PackageFrameworks -F /Users/aryazaeri/Library/Developer/Xcode/DerivedData/BestBefore_Prototype_IOS-gbnddpnjsvathjdutdcktjqecxgh/Build/Products/Debug-iphonesimulator/PackageFrameworks -F /Users/aryazaeri/Library/Developer/Xcode/DerivedData/BestBefore_Prototype_IOS-gbnddpnjsvathjdutdcktjqecxgh/Build/Products/Debug-iphonesimulator/PackageFrameworks -F /Users/aryazaeri/Library/Developer/Xcode/DerivedData/BestBefore_Prototype_IOS-gbnddpnjsvathjdutdcktjqecxgh/Build/Products/Debug-iphonesimulator/PackageFrameworks -F /Users/aryazaeri/Library/Developer/Xcode/DerivedData/BestBefore_Prototype_IOS-gbnddpnjsvathjdutdcktjqecxgh/Build/Products/Debug-iphonesimulator/PackageFrameworks -F /Users/aryazaeri/Library/Developer/Xcode/DerivedData/BestBefore_Prototype_IOS-gbnddpnjsvathjdutdcktjqecxgh/Build/Products/Debug-iphonesimulator/PackageFrameworks -F /Users/aryazaeri/Library/Developer/Xcode/DerivedData/BestBefore_Prototype_IOS-gbnddpnjsvathjdutdcktjqecxgh/Build/Products/Debug-iphonesimulator/PackageFrameworks -F /Users/aryazaeri/Library/Developer/Xcode/DerivedData/BestBefore_Prototype_IOS-gbnddpnjsvathjdutdcktjqecxgh/Build/Products/Debug-iphonesimulator/PackageFrameworks -F /Users/aryazaeri/Library/Developer/Xcode/DerivedData/BestBefore_Prototype_IOS-gbnddpnjsvathjdutdcktjqecxgh/Build/Products/Debug-iphonesimulator/PackageFrameworks -F /Users/aryazaeri/Library/Developer/Xcode/DerivedData/BestBefore_Prototype_IOS-gbnddpnjsvathjdutdcktjqecxgh/Build/Products/Debug-iphonesimulator/PackageFrameworks -F /Users/aryazaeri/Library/Developer/Xcode/DerivedData/BestBefore_Prototype_IOS-gbnddpnjsvathjdutdcktjqecxgh/Build/Products/Debug-iphonesimulator/PackageFrameworks -F /Users/aryazaeri/Library/Developer/Xcode/DerivedData/BestBefore_Prototype_IOS-gbnddpnjsvathjdutdcktjqecxgh/Build/Products/Debug-iphonesimulator/PackageFrameworks -F /Users/aryazaeri/Library/Developer/Xcode/DerivedData/BestBefore_Prototype_IOS-gbnddpnjsvathjdutdcktjqecxgh/Build/Products/Debug-iphonesimulator/PackageFrameworks -F /Users/aryazaeri/Library/Developer/Xcode/DerivedData/BestBefore_Prototype_IOS-gbnddpnjsvathjdutdcktjqecxgh/Build/Products/Debug-iphonesimulator/PackageFrameworks -F /Users/aryazaeri/Library/Developer/Xcode/DerivedData/BestBefore_Prototype_IOS-gbnddpnjsvathjdutdcktjqecxgh/Build/Products/Debug-iphonesimulator -F /Applications/Xcode.app/Contents/Developer/Platforms/iPhoneSimulator.platform/Developer/Library/Frameworks -F /Applications/Xcode.app/Contents/Developer/Platforms/iPhoneSimulator.platform/Developer/SDKs/iPhoneSimulator26.2.sdk/Developer/Library/Frameworks -c -j8 -enable-batch-mode -incremental -Xcc -ivfsstatcache -Xcc /Users/aryazaeri/Library/Developer/Xcode/DerivedData/SDKStatCaches.noindex/iphonesimulator26.2-23C53-7d00a8b37fbd7999ea79df8ebc024bf0.sdkstatcache -output-file-map /Users/aryazaeri/Library/Developer/Xcode/DerivedData/BestBefore_Prototype_IOS-gbnddpnjsvathjdutdcktjqecxgh/Build/Intermediates.noindex/Firebase.build/Debug-iphonesimulator/FirebaseAuth.build/Objects-normal/x86_64/FirebaseAuth-OutputFileMap.json -use-frontend-parseable-output -save-temps -no-color-diagnostics -explicit-module-build -module-cache-path /Users/aryazaeri/Library/Developer/Xcode/DerivedData/BestBefore_Prototype_IOS-gbnddpnjsvathjdutdcktjqecxgh/Build/Intermediates.noindex/SwiftExplicitPrecompiledModules -clang-scanner-module-cache-path /Users/aryazaeri/Library/Developer/Xcode/DerivedData/ModuleCache.noindex -sdk-module-cache-path /Users/aryazaeri/Library/Developer/Xcode/DerivedData/ModuleCache.noindex -serialize-diagnostics -emit-dependencies -emit-module -emit-module-path /Users/aryazaeri/Library/Developer/Xcode/DerivedData/BestBefore_Prototype_IOS-gbnddpnjsvathjdutdcktjqecxgh/Build/Intermediates.noindex/Firebase.build/Debug-iphonesimulator/FirebaseAuth.build/Objects-normal/x86_64/FirebaseAuth.swiftmodule -user-module-version 12.8.0 -validate-clang-modules-once -clang-build-session-file /Users/aryazaeri/Library/Developer/Xcode/DerivedData/ModuleCache.noindex/Session.modulevalidation -package-name firebase_ios_sdk -Xcc -I/Users/aryazaeri/Library/Developer/Xcode/DerivedData/BestBefore_Prototype_IOS-gbnddpnjsvathjdutdcktjqecxgh/Build/Intermediates.noindex/Firebase.build/Debug-iphonesimulator/FirebaseAuth.build/swift-overrides.hmap -emit-const-values -Xfrontend -const-gather-protocols-file -Xfrontend /Users/aryazaeri/Library/Developer/Xcode/DerivedData/BestBefore_Prototype_IOS-gbnddpnjsvathjdutdcktjqecxgh/Build/Intermediates.noindex/Firebase.build/Debug-iphonesimulator/FirebaseAuth.build/Objects-normal/x86_64/FirebaseAuth_const_extract_protocols.json -Xcc -I/Users/aryazaeri/Library/Developer/Xcode/DerivedData/BestBefore_Prototype_IOS-gbnddpnjsvathjdutdcktjqecxgh/SourcePackages/checkouts/interop-ios-for-google-sdks/RecaptchaEnterprise/RecaptchaInterop/Public -Xcc -I/Users/aryazaeri/Library/Developer/Xcode/DerivedData/BestBefore_Prototype_IOS-gbnddpnjsvathjdutdcktjqecxgh/SourcePackages/checkouts/GoogleUtilities/GoogleUtilities/Network/Public -Xcc -I/Users/aryazaeri/Library/Developer/Xcode/DerivedData/BestBefore_Prototype_IOS-gbnddpnjsvathjdutdcktjqecxgh/SourcePackages/checkouts/GoogleUtilities/GoogleUtilities/Reachability/Public -Xcc -I/Users/aryazaeri/Library/Developer/Xcode/DerivedData/BestBefore_Prototype_IOS-gbnddpnjsvathjdutdcktjqecxgh/SourcePackages/checkouts/GoogleUtilities/GoogleUtilities/NSData+zlib/Public -Xcc -I/Users/aryazaeri/Library/Developer/Xcode/DerivedData/BestBefore_Prototype_IOS-gbnddpnjsvathjdutdcktjqecxgh/SourcePackages/checkouts/GoogleUtilities/GoogleUtilities/Logger/Public -Xcc -I/Users/aryazaeri/Library/Developer/Xcode/DerivedData/BestBefore_Prototype_IOS-gbnddpnjsvathjdutdcktjqecxgh/SourcePackages/checkouts/GoogleUtilities/GoogleUtilities/Environment/Public -Xcc -I/Users/aryazaeri/Library/Developer/Xcode/DerivedData/BestBefore_Prototype_IOS-gbnddpnjsvathjdutdcktjqecxgh/SourcePackages/checkouts/GoogleUtilities/third_party/IsAppEncrypted/Public -Xcc -I/Users/aryazaeri/Library/Developer/Xcode/DerivedData/BestBefore_Prototype_IOS-gbnddpnjsvathjdutdcktjqecxgh/SourcePackages/checkouts/GoogleUtilities/GoogleUtilities/AppDelegateSwizzler/Public -Xcc -I/Users/aryazaeri/Library/Developer/Xcode/DerivedData/BestBefore_Prototype_IOS-gbnddpnjsvathjdutdcktjqecxgh/SourcePackages/checkouts/gtm-session-fetcher/Sources/Core/Public -Xcc -I/Users/aryazaeri/Library/Developer/Xcode/DerivedData/BestBefore_Prototype_IOS-gbnddpnjsvathjdutdcktjqecxgh/SourcePackages/checkouts/firebase-ios-sdk/FirebaseCore/Extension -Xcc -I/Users/aryazaeri/Library/Developer/Xcode/DerivedData/BestBefore_Prototype_IOS-gbnddpnjsvathjdutdcktjqecxgh/SourcePackages/checkouts/firebase-ios-sdk/FirebaseCore/Sources/Public -Xcc -I/Users/aryazaeri/Library/Developer/Xcode/DerivedData/BestBefore_Prototype_IOS-gbnddpnjsvathjdutdcktjqecxgh/SourcePackages/checkouts/firebase-ios-sdk/CoreOnly/Sources -Xcc -I/Users/aryazaeri/Library/Developer/Xcode/DerivedData/BestBefore_Prototype_IOS-gbnddpnjsvathjdutdcktjqecxgh/SourcePackages/checkouts/firebase-ios-sdk/FirebaseAuth/Sources/Public -Xcc -I/Users/aryazaeri/Library/Developer/Xcode/DerivedData/BestBefore_Prototype_IOS-gbnddpnjsvathjdutdcktjqecxgh/SourcePackages/checkouts/firebase-ios-sdk/FirebaseAuth/Interop/Public -Xcc -I/Users/aryazaeri/Library/Developer/Xcode/DerivedData/BestBefore_Prototype_IOS-gbnddpnjsvathjdutdcktjqecxgh/SourcePackages/checkouts/firebase-ios-sdk/FirebaseAppCheck/Interop/Public -Xcc -I/Users/aryazaeri/Library/Developer/Xcode/DerivedData/BestBefore_Prototype_IOS-gbnddpnjsvathjdutdcktjqecxgh/Build/Products/Debug-iphonesimulator/include -Xcc -I/Users/aryazaeri/Library/Developer/Xcode/DerivedData/BestBefore_Prototype_IOS-gbnddpnjsvathjdutdcktjqecxgh/Build/Intermediates.noindex/Firebase.build/Debug-iphonesimulator/FirebaseAuth.build/DerivedSources-normal/x86_64 -Xcc -I/Users/aryazaeri/Library/Developer/Xcode/DerivedData/BestBefore_Prototype_IOS-gbnddpnjsvathjdutdcktjqecxgh/Build/Intermediates.noindex/Firebase.build/Debug-iphonesimulator/FirebaseAuth.build/DerivedSources/x86_64 -Xcc -I/Users/aryazaeri/Library/Developer/Xcode/DerivedData/BestBefore_Prototype_IOS-gbnddpnjsvathjdutdcktjqecxgh/Build/Intermediates.noindex/Firebase.build/Debug-iphonesimulator/FirebaseAuth.build/DerivedSources -Xcc -DSWIFT_PACKAGE -Xcc -DDEBUG\=1 -emit-objc-header -emit-objc-header-path /Users/aryazaeri/Library/Developer/Xcode/DerivedData/BestBefore_Prototype_IOS-gbnddpnjsvathjdutdcktjqecxgh/Build/Intermediates.noindex/Firebase.build/Debug-iphonesimulator/FirebaseAuth.build/Objects-normal/x86_64/FirebaseAuth-Swift.h -working-directory /Users/aryazaeri/Desktop/BestBefore/BestBefore_V2/ios/BestBefore_Prototype_IOS/BestBefore_Prototype_IOS.xcodeproj -experimental-emit-module-separately -disable-cmo

SwiftDriverJobDiscovery normal arm64 Compiling OrbMenuPremium.swift (in target 'BestBefore_Prototype_IOS' from project 'BestBefore_Prototype_IOS')

SwiftDriverJobDiscovery normal arm64 Compiling RoamingView.swift (in target 'BestBefore_Prototype_IOS' from project 'BestBefore_Prototype_IOS')

SwiftDriverJobDiscovery normal x86_64 Compiling Extensions.swift, HallwayView.swift (in target 'BestBefore_Prototype_IOS' from project 'BestBefore_Prototype_IOS')

SwiftCompile normal x86_64 Compiling\ UIComponents.swift /Users/aryazaeri/Desktop/BestBefore/BestBefore_V2/ios/BestBefore_Prototype_IOS/BestBefore_Prototype_IOS/UIComponents.swift (in target 'BestBefore_Prototype_IOS' from project 'BestBefore_Prototype_IOS')

SwiftCompile normal x86_64 /Users/aryazaeri/Desktop/BestBefore/BestBefore_V2/ios/BestBefore_Prototype_IOS/BestBefore_Prototype_IOS/UIComponents.swift (in target 'BestBefore_Prototype_IOS' from project 'BestBefore_Prototype_IOS')
    cd /Users/aryazaeri/Desktop/BestBefore/BestBefore_V2/ios/BestBefore_Prototype_IOS
    

SwiftCompile normal x86_64 Compiling\ RoomInfoSheet.swift /Users/aryazaeri/Desktop/BestBefore/BestBefore_V2/ios/BestBefore_Prototype_IOS/BestBefore_Prototype_IOS/RoomInfoSheet.swift (in target 'BestBefore_Prototype_IOS' from project 'BestBefore_Prototype_IOS')

SwiftCompile normal x86_64 /Users/aryazaeri/Desktop/BestBefore/BestBefore_V2/ios/BestBefore_Prototype_IOS/BestBefore_Prototype_IOS/RoomInfoSheet.swift (in target 'BestBefore_Prototype_IOS' from project 'BestBefore_Prototype_IOS')
    cd /Users/aryazaeri/Desktop/BestBefore/BestBefore_V2/ios/BestBefore_Prototype_IOS
    

SwiftCompile normal x86_64 Compiling\ GeneratedAssetSymbols.swift /Users/aryazaeri/Library/Developer/Xcode/DerivedData/BestBefore_Prototype_IOS-gbnddpnjsvathjdutdcktjqecxgh/Build/Intermediates.noindex/BestBefore_Prototype_IOS.build/Debug-iphonesimulator/BestBefore_Prototype_IOS.build/DerivedSources/GeneratedAssetSymbols.swift (in target 'BestBefore_Prototype_IOS' from project 'BestBefore_Prototype_IOS')

SwiftCompile normal x86_64 /Users/aryazaeri/Library/Developer/Xcode/DerivedData/BestBefore_Prototype_IOS-gbnddpnjsvathjdutdcktjqecxgh/Build/Intermediates.noindex/BestBefore_Prototype_IOS.build/Debug-iphonesimulator/BestBefore_Prototype_IOS.build/DerivedSources/GeneratedAssetSymbols.swift (in target 'BestBefore_Prototype_IOS' from project 'BestBefore_Prototype_IOS')
    cd /Users/aryazaeri/Desktop/BestBefore/BestBefore_V2/ios/BestBefore_Prototype_IOS
    

SwiftEmitModule normal x86_64 Emitting\ module\ for\ FirebaseAuth (in target 'FirebaseAuth' from project 'Firebase')

EmitSwiftModule normal x86_64 (in target 'FirebaseAuth' from project 'Firebase')
    cd /Users/aryazaeri/Desktop/BestBefore/BestBefore_V2/ios/BestBefore_Prototype_IOS/BestBefore_Prototype_IOS.xcodeproj
    

SwiftCompile normal x86_64 Compiling\ ResetPasswordResponse.swift,\ RevokeTokenRequest.swift,\ RevokeTokenResponse.swift,\ SecureTokenRequest.swift,\ SecureTokenResponse.swift,\ SendVerificationTokenRequest.swift,\ SendVerificationTokenResponse.swift,\ SetAccountInfoRequest.swift,\ SetAccountInfoResponse.swift,\ SignInWithGameCenterRequest.swift,\ SignInWithGameCenterResponse.swift,\ SignUpNewUserRequest.swift,\ SignUpNewUserResponse.swift,\ VerifyAssertionRequest.swift,\ VerifyAssertionResponse.swift,\ VerifyCustomTokenRequest.swift,\ VerifyCustomTokenResponse.swift /Users/aryazaeri/Library/Developer/Xcode/DerivedData/BestBefore_Prototype_IOS-gbnddpnjsvathjdutdcktjqecxgh/SourcePackages/checkouts/firebase-ios-sdk/FirebaseAuth/Sources/Swift/Backend/RPC/ResetPasswordResponse.swift /Users/aryazaeri/Library/Developer/Xcode/DerivedData/BestBefore_Prototype_IOS-gbnddpnjsvathjdutdcktjqecxgh/SourcePackages/checkouts/firebase-ios-sdk/FirebaseAuth/Sources/Swift/Backend/RPC/RevokeTokenRequest.swift /Users/aryazaeri/Library/Developer/Xcode/DerivedData/BestBefore_Prototype_IOS-gbnddpnjsvathjdutdcktjqecxgh/SourcePackages/checkouts/firebase-ios-sdk/FirebaseAuth/Sources/Swift/Backend/RPC/RevokeTokenResponse.swift /Users/aryazaeri/Library/Developer/Xcode/DerivedData/BestBefore_Prototype_IOS-gbnddpnjsvathjdutdcktjqecxgh/SourcePackages/checkouts/firebase-ios-sdk/FirebaseAuth/Sources/Swift/Backend/RPC/SecureTokenRequest.swift /Users/aryazaeri/Library/Developer/Xcode/DerivedData/BestBefore_Prototype_IOS-gbnddpnjsvathjdutdcktjqecxgh/SourcePackages/checkouts/firebase-ios-sdk/FirebaseAuth/Sources/Swift/Backend/RPC/SecureTokenResponse.swift /Users/aryazaeri/Library/Developer/Xcode/DerivedData/BestBefore_Prototype_IOS-gbnddpnjsvathjdutdcktjqecxgh/SourcePackages/checkouts/firebase-ios-sdk/FirebaseAuth/Sources/Swift/Backend/RPC/SendVerificationTokenRequest.swift /Users/aryazaeri/Library/Developer/Xcode/DerivedData/BestBefore_Prototype_IOS-gbnddpnjsvathjdutdcktjqecxgh/SourcePackages/checkouts/firebase-ios-sdk/FirebaseAuth/Sources/Swift/Backend/RPC/SendVerificationTokenResponse.swift /Users/aryazaeri/Library/Developer/Xcode/DerivedData/BestBefore_Prototype_IOS-gbnddpnjsvathjdutdcktjqecxgh/SourcePackages/checkouts/firebase-ios-sdk/FirebaseAuth/Sources/Swift/Backend/RPC/SetAccountInfoRequest.swift /Users/aryazaeri/Library/Developer/Xcode/DerivedData/BestBefore_Prototype_IOS-gbnddpnjsvathjdutdcktjqecxgh/SourcePackages/checkouts/firebase-ios-sdk/FirebaseAuth/Sources/Swift/Backend/RPC/SetAccountInfoResponse.swift /Users/aryazaeri/Library/Developer/Xcode/DerivedData/BestBefore_Prototype_IOS-gbnddpnjsvathjdutdcktjqecxgh/SourcePackages/checkouts/firebase-ios-sdk/FirebaseAuth/Sources/Swift/Backend/RPC/SignInWithGameCenterRequest.swift /Users/aryazaeri/Library/Developer/Xcode/DerivedData/BestBefore_Prototype_IOS-gbnddpnjsvathjdutdcktjqecxgh/SourcePackages/checkouts/firebase-ios-sdk/FirebaseAuth/Sources/Swift/Backend/RPC/SignInWithGameCenterResponse.swift /Users/aryazaeri/Library/Developer/Xcode/DerivedData/BestBefore_Prototype_IOS-gbnddpnjsvathjdutdcktjqecxgh/SourcePackages/checkouts/firebase-ios-sdk/FirebaseAuth/Sources/Swift/Backend/RPC/SignUpNewUserRequest.swift /Users/aryazaeri/Library/Developer/Xcode/DerivedData/BestBefore_Prototype_IOS-gbnddpnjsvathjdutdcktjqecxgh/SourcePackages/checkouts/firebase-ios-sdk/FirebaseAuth/Sources/Swift/Backend/RPC/SignUpNewUserResponse.swift /Users/aryazaeri/Library/Developer/Xcode/DerivedData/BestBefore_Prototype_IOS-gbnddpnjsvathjdutdcktjqecxgh/SourcePackages/checkouts/firebase-ios-sdk/FirebaseAuth/Sources/Swift/Backend/RPC/VerifyAssertionRequest.swift /Users/aryazaeri/Library/Developer/Xcode/DerivedData/BestBefore_Prototype_IOS-gbnddpnjsvathjdutdcktjqecxgh/SourcePackages/checkouts/firebase-ios-sdk/FirebaseAuth/Sources/Swift/Backend/RPC/VerifyAssertionResponse.swift /Users/aryazaeri/Library/Developer/Xcode/DerivedData/BestBefore_Prototype_IOS-gbnddpnjsvathjdutdcktjqecxgh/SourcePackages/checkouts/firebase-ios-sdk/FirebaseAuth/Sources/Swift/Backend/RPC/VerifyCustomTokenRequest.swift /Users/aryazaeri/Library/Developer/Xcode/DerivedData/BestBefore_Prototype_IOS-gbnddpnjsvathjdutdcktjqecxgh/SourcePackages/checkouts/firebase-ios-sdk/FirebaseAuth/Sources/Swift/Backend/RPC/VerifyCustomTokenResponse.swift (in target 'FirebaseAuth' from project 'Firebase')

SwiftCompile normal x86_64 /Users/aryazaeri/Library/Developer/Xcode/DerivedData/BestBefore_Prototype_IOS-gbnddpnjsvathjdutdcktjqecxgh/SourcePackages/checkouts/firebase-ios-sdk/FirebaseAuth/Sources/Swift/Backend/RPC/ResetPasswordResponse.swift (in target 'FirebaseAuth' from project 'Firebase')
    cd /Users/aryazaeri/Desktop/BestBefore/BestBefore_V2/ios/BestBefore_Prototype_IOS/BestBefore_Prototype_IOS.xcodeproj
    

SwiftCompile normal x86_64 /Users/aryazaeri/Library/Developer/Xcode/DerivedData/BestBefore_Prototype_IOS-gbnddpnjsvathjdutdcktjqecxgh/SourcePackages/checkouts/firebase-ios-sdk/FirebaseAuth/Sources/Swift/Backend/RPC/RevokeTokenRequest.swift (in target 'FirebaseAuth' from project 'Firebase')
    cd /Users/aryazaeri/Desktop/BestBefore/BestBefore_V2/ios/BestBefore_Prototype_IOS/BestBefore_Prototype_IOS.xcodeproj
    

SwiftCompile normal x86_64 /Users/aryazaeri/Library/Developer/Xcode/DerivedData/BestBefore_Prototype_IOS-gbnddpnjsvathjdutdcktjqecxgh/SourcePackages/checkouts/firebase-ios-sdk/FirebaseAuth/Sources/Swift/Backend/RPC/RevokeTokenResponse.swift (in target 'FirebaseAuth' from project 'Firebase')
    cd /Users/aryazaeri/Desktop/BestBefore/BestBefore_V2/ios/BestBefore_Prototype_IOS/BestBefore_Prototype_IOS.xcodeproj
    

SwiftCompile normal x86_64 /Users/aryazaeri/Library/Developer/Xcode/DerivedData/BestBefore_Prototype_IOS-gbnddpnjsvathjdutdcktjqecxgh/SourcePackages/checkouts/firebase-ios-sdk/FirebaseAuth/Sources/Swift/Backend/RPC/SecureTokenRequest.swift (in target 'FirebaseAuth' from project 'Firebase')
    cd /Users/aryazaeri/Desktop/BestBefore/BestBefore_V2/ios/BestBefore_Prototype_IOS/BestBefore_Prototype_IOS.xcodeproj
    

SwiftCompile normal x86_64 /Users/aryazaeri/Library/Developer/Xcode/DerivedData/BestBefore_Prototype_IOS-gbnddpnjsvathjdutdcktjqecxgh/SourcePackages/checkouts/firebase-ios-sdk/FirebaseAuth/Sources/Swift/Backend/RPC/SecureTokenResponse.swift (in target 'FirebaseAuth' from project 'Firebase')
    cd /Users/aryazaeri/Desktop/BestBefore/BestBefore_V2/ios/BestBefore_Prototype_IOS/BestBefore_Prototype_IOS.xcodeproj
    

SwiftCompile normal x86_64 /Users/aryazaeri/Library/Developer/Xcode/DerivedData/BestBefore_Prototype_IOS-gbnddpnjsvathjdutdcktjqecxgh/SourcePackages/checkouts/firebase-ios-sdk/FirebaseAuth/Sources/Swift/Backend/RPC/SendVerificationTokenRequest.swift (in target 'FirebaseAuth' from project 'Firebase')
    cd /Users/aryazaeri/Desktop/BestBefore/BestBefore_V2/ios/BestBefore_Prototype_IOS/BestBefore_Prototype_IOS.xcodeproj
    

SwiftCompile normal x86_64 /Users/aryazaeri/Library/Developer/Xcode/DerivedData/BestBefore_Prototype_IOS-gbnddpnjsvathjdutdcktjqecxgh/SourcePackages/checkouts/firebase-ios-sdk/FirebaseAuth/Sources/Swift/Backend/RPC/SendVerificationTokenResponse.swift (in target 'FirebaseAuth' from project 'Firebase')
    cd /Users/aryazaeri/Desktop/BestBefore/BestBefore_V2/ios/BestBefore_Prototype_IOS/BestBefore_Prototype_IOS.xcodeproj
    

SwiftCompile normal x86_64 /Users/aryazaeri/Library/Developer/Xcode/DerivedData/BestBefore_Prototype_IOS-gbnddpnjsvathjdutdcktjqecxgh/SourcePackages/checkouts/firebase-ios-sdk/FirebaseAuth/Sources/Swift/Backend/RPC/SetAccountInfoRequest.swift (in target 'FirebaseAuth' from project 'Firebase')
    cd /Users/aryazaeri/Desktop/BestBefore/BestBefore_V2/ios/BestBefore_Prototype_IOS/BestBefore_Prototype_IOS.xcodeproj
    

SwiftCompile normal x86_64 /Users/aryazaeri/Library/Developer/Xcode/DerivedData/BestBefore_Prototype_IOS-gbnddpnjsvathjdutdcktjqecxgh/SourcePackages/checkouts/firebase-ios-sdk/FirebaseAuth/Sources/Swift/Backend/RPC/SetAccountInfoResponse.swift (in target 'FirebaseAuth' from project 'Firebase')
    cd /Users/aryazaeri/Desktop/BestBefore/BestBefore_V2/ios/BestBefore_Prototype_IOS/BestBefore_Prototype_IOS.xcodeproj
    

SwiftCompile normal x86_64 /Users/aryazaeri/Library/Developer/Xcode/DerivedData/BestBefore_Prototype_IOS-gbnddpnjsvathjdutdcktjqecxgh/SourcePackages/checkouts/firebase-ios-sdk/FirebaseAuth/Sources/Swift/Backend/RPC/SignInWithGameCenterRequest.swift (in target 'FirebaseAuth' from project 'Firebase')
    cd /Users/aryazaeri/Desktop/BestBefore/BestBefore_V2/ios/BestBefore_Prototype_IOS/BestBefore_Prototype_IOS.xcodeproj
    

SwiftCompile normal x86_64 /Users/aryazaeri/Library/Developer/Xcode/DerivedData/BestBefore_Prototype_IOS-gbnddpnjsvathjdutdcktjqecxgh/SourcePackages/checkouts/firebase-ios-sdk/FirebaseAuth/Sources/Swift/Backend/RPC/SignInWithGameCenterResponse.swift (in target 'FirebaseAuth' from project 'Firebase')
    cd /Users/aryazaeri/Desktop/BestBefore/BestBefore_V2/ios/BestBefore_Prototype_IOS/BestBefore_Prototype_IOS.xcodeproj
    

SwiftCompile normal x86_64 /Users/aryazaeri/Library/Developer/Xcode/DerivedData/BestBefore_Prototype_IOS-gbnddpnjsvathjdutdcktjqecxgh/SourcePackages/checkouts/firebase-ios-sdk/FirebaseAuth/Sources/Swift/Backend/RPC/SignUpNewUserRequest.swift (in target 'FirebaseAuth' from project 'Firebase')
    cd /Users/aryazaeri/Desktop/BestBefore/BestBefore_V2/ios/BestBefore_Prototype_IOS/BestBefore_Prototype_IOS.xcodeproj
    

SwiftCompile normal x86_64 /Users/aryazaeri/Library/Developer/Xcode/DerivedData/BestBefore_Prototype_IOS-gbnddpnjsvathjdutdcktjqecxgh/SourcePackages/checkouts/firebase-ios-sdk/FirebaseAuth/Sources/Swift/Backend/RPC/SignUpNewUserResponse.swift (in target 'FirebaseAuth' from project 'Firebase')
    cd /Users/aryazaeri/Desktop/BestBefore/BestBefore_V2/ios/BestBefore_Prototype_IOS/BestBefore_Prototype_IOS.xcodeproj
    

SwiftCompile normal x86_64 /Users/aryazaeri/Library/Developer/Xcode/DerivedData/BestBefore_Prototype_IOS-gbnddpnjsvathjdutdcktjqecxgh/SourcePackages/checkouts/firebase-ios-sdk/FirebaseAuth/Sources/Swift/Backend/RPC/VerifyAssertionRequest.swift (in target 'FirebaseAuth' from project 'Firebase')
    cd /Users/aryazaeri/Desktop/BestBefore/BestBefore_V2/ios/BestBefore_Prototype_IOS/BestBefore_Prototype_IOS.xcodeproj
    

SwiftCompile normal x86_64 /Users/aryazaeri/Library/Developer/Xcode/DerivedData/BestBefore_Prototype_IOS-gbnddpnjsvathjdutdcktjqecxgh/SourcePackages/checkouts/firebase-ios-sdk/FirebaseAuth/Sources/Swift/Backend/RPC/VerifyAssertionResponse.swift (in target 'FirebaseAuth' from project 'Firebase')
    cd /Users/aryazaeri/Desktop/BestBefore/BestBefore_V2/ios/BestBefore_Prototype_IOS/BestBefore_Prototype_IOS.xcodeproj
    

SwiftCompile normal x86_64 /Users/aryazaeri/Library/Developer/Xcode/DerivedData/BestBefore_Prototype_IOS-gbnddpnjsvathjdutdcktjqecxgh/SourcePackages/checkouts/firebase-ios-sdk/FirebaseAuth/Sources/Swift/Backend/RPC/VerifyCustomTokenRequest.swift (in target 'FirebaseAuth' from project 'Firebase')
    cd /Users/aryazaeri/Desktop/BestBefore/BestBefore_V2/ios/BestBefore_Prototype_IOS/BestBefore_Prototype_IOS.xcodeproj
    

SwiftCompile normal x86_64 /Users/aryazaeri/Library/Developer/Xcode/DerivedData/BestBefore_Prototype_IOS-gbnddpnjsvathjdutdcktjqecxgh/SourcePackages/checkouts/firebase-ios-sdk/FirebaseAuth/Sources/Swift/Backend/RPC/VerifyCustomTokenResponse.swift (in target 'FirebaseAuth' from project 'Firebase')
    cd /Users/aryazaeri/Desktop/BestBefore/BestBefore_V2/ios/BestBefore_Prototype_IOS/BestBefore_Prototype_IOS.xcodeproj
    

SwiftDriverJobDiscovery normal x86_64 Compiling GeneratedAssetSymbols.swift (in target 'BestBefore_Prototype_IOS' from project 'BestBefore_Prototype_IOS')

SwiftCompile normal x86_64 Compiling\ GameCenterAuthProvider.swift,\ GitHubAuthProvider.swift,\ GoogleAuthProvider.swift,\ OAuthCredential.swift,\ OAuthProvider.swift,\ PhoneAuthCredential.swift,\ PhoneAuthProvider.swift,\ TwitterAuthProvider.swift,\ AuthBackend.swift,\ AuthBackendRPCIssuer.swift,\ AuthRPCRequest.swift,\ AuthRPCResponse.swift,\ AuthRequestConfiguration.swift,\ IdentityToolkitRequest.swift,\ AuthMFAResponse.swift,\ CreateAuthURIRequest.swift,\ CreateAuthURIResponse.swift /Users/aryazaeri/Library/Developer/Xcode/DerivedData/BestBefore_Prototype_IOS-gbnddpnjsvathjdutdcktjqecxgh/SourcePackages/checkouts/firebase-ios-sdk/FirebaseAuth/Sources/Swift/AuthProvider/GameCenterAuthProvider.swift /Users/aryazaeri/Library/Developer/Xcode/DerivedData/BestBefore_Prototype_IOS-gbnddpnjsvathjdutdcktjqecxgh/SourcePackages/checkouts/firebase-ios-sdk/FirebaseAuth/Sources/Swift/AuthProvider/GitHubAuthProvider.swift /Users/aryazaeri/Library/Developer/Xcode/DerivedData/BestBefore_Prototype_IOS-gbnddpnjsvathjdutdcktjqecxgh/SourcePackages/checkouts/firebase-ios-sdk/FirebaseAuth/Sources/Swift/AuthProvider/GoogleAuthProvider.swift /Users/aryazaeri/Library/Developer/Xcode/DerivedData/BestBefore_Prototype_IOS-gbnddpnjsvathjdutdcktjqecxgh/SourcePackages/checkouts/firebase-ios-sdk/FirebaseAuth/Sources/Swift/AuthProvider/OAuthCredential.swift /Users/aryazaeri/Library/Developer/Xcode/DerivedData/BestBefore_Prototype_IOS-gbnddpnjsvathjdutdcktjqecxgh/SourcePackages/checkouts/firebase-ios-sdk/FirebaseAuth/Sources/Swift/AuthProvider/OAuthProvider.swift /Users/aryazaeri/Library/Developer/Xcode/DerivedData/BestBefore_Prototype_IOS-gbnddpnjsvathjdutdcktjqecxgh/SourcePackages/checkouts/firebase-ios-sdk/FirebaseAuth/Sources/Swift/AuthProvider/PhoneAuthCredential.swift /Users/aryazaeri/Library/Developer/Xcode/DerivedData/BestBefore_Prototype_IOS-gbnddpnjsvathjdutdcktjqecxgh/SourcePackages/checkouts/firebase-ios-sdk/FirebaseAuth/Sources/Swift/AuthProvider/PhoneAuthProvider.swift /Users/aryazaeri/Library/Developer/Xcode/DerivedData/BestBefore_Prototype_IOS-gbnddpnjsvathjdutdcktjqecxgh/SourcePackages/checkouts/firebase-ios-sdk/FirebaseAuth/Sources/Swift/AuthProvider/TwitterAuthProvider.swift /Users/aryazaeri/Library/Developer/Xcode/DerivedData/BestBefore_Prototype_IOS-gbnddpnjsvathjdutdcktjqecxgh/SourcePackages/checkouts/firebase-ios-sdk/FirebaseAuth/Sources/Swift/Backend/AuthBackend.swift /Users/aryazaeri/Library/Developer/Xcode/DerivedData/BestBefore_Prototype_IOS-gbnddpnjsvathjdutdcktjqecxgh/SourcePackages/checkouts/firebase-ios-sdk/FirebaseAuth/Sources/Swift/Backend/AuthBackendRPCIssuer.swift /Users/aryazaeri/Library/Developer/Xcode/DerivedData/BestBefore_Prototype_IOS-gbnddpnjsvathjdutdcktjqecxgh/SourcePackages/checkouts/firebase-ios-sdk/FirebaseAuth/Sources/Swift/Backend/AuthRPCRequest.swift /Users/aryazaeri/Library/Developer/Xcode/DerivedData/BestBefore_Prototype_IOS-gbnddpnjsvathjdutdcktjqecxgh/SourcePackages/checkouts/firebase-ios-sdk/FirebaseAuth/Sources/Swift/Backend/AuthRPCResponse.swift /Users/aryazaeri/Library/Developer/Xcode/DerivedData/BestBefore_Prototype_IOS-gbnddpnjsvathjdutdcktjqecxgh/SourcePackages/checkouts/firebase-ios-sdk/FirebaseAuth/Sources/Swift/Backend/AuthRequestConfiguration.swift /Users/aryazaeri/Library/Developer/Xcode/DerivedData/BestBefore_Prototype_IOS-gbnddpnjsvathjdutdcktjqecxgh/SourcePackages/checkouts/firebase-ios-sdk/FirebaseAuth/Sources/Swift/Backend/IdentityToolkitRequest.swift /Users/aryazaeri/Library/Developer/Xcode/DerivedData/BestBefore_Prototype_IOS-gbnddpnjsvathjdutdcktjqecxgh/SourcePackages/checkouts/firebase-ios-sdk/FirebaseAuth/Sources/Swift/Backend/RPC/AuthMFAResponse.swift /Users/aryazaeri/Library/Developer/Xcode/DerivedData/BestBefore_Prototype_IOS-gbnddpnjsvathjdutdcktjqecxgh/SourcePackages/checkouts/firebase-ios-sdk/FirebaseAuth/Sources/Swift/Backend/RPC/CreateAuthURIRequest.swift /Users/aryazaeri/Library/Developer/Xcode/DerivedData/BestBefore_Prototype_IOS-gbnddpnjsvathjdutdcktjqecxgh/SourcePackages/checkouts/firebase-ios-sdk/FirebaseAuth/Sources/Swift/Backend/RPC/CreateAuthURIResponse.swift (in target 'FirebaseAuth' from project 'Firebase')

SwiftCompile normal x86_64 /Users/aryazaeri/Library/Developer/Xcode/DerivedData/BestBefore_Prototype_IOS-gbnddpnjsvathjdutdcktjqecxgh/SourcePackages/checkouts/firebase-ios-sdk/FirebaseAuth/Sources/Swift/AuthProvider/GameCenterAuthProvider.swift (in target 'FirebaseAuth' from project 'Firebase')
    cd /Users/aryazaeri/Desktop/BestBefore/BestBefore_V2/ios/BestBefore_Prototype_IOS/BestBefore_Prototype_IOS.xcodeproj
    

SwiftCompile normal x86_64 /Users/aryazaeri/Library/Developer/Xcode/DerivedData/BestBefore_Prototype_IOS-gbnddpnjsvathjdutdcktjqecxgh/SourcePackages/checkouts/firebase-ios-sdk/FirebaseAuth/Sources/Swift/AuthProvider/GitHubAuthProvider.swift (in target 'FirebaseAuth' from project 'Firebase')
    cd /Users/aryazaeri/Desktop/BestBefore/BestBefore_V2/ios/BestBefore_Prototype_IOS/BestBefore_Prototype_IOS.xcodeproj
    

SwiftCompile normal x86_64 /Users/aryazaeri/Library/Developer/Xcode/DerivedData/BestBefore_Prototype_IOS-gbnddpnjsvathjdutdcktjqecxgh/SourcePackages/checkouts/firebase-ios-sdk/FirebaseAuth/Sources/Swift/AuthProvider/GoogleAuthProvider.swift (in target 'FirebaseAuth' from project 'Firebase')
    cd /Users/aryazaeri/Desktop/BestBefore/BestBefore_V2/ios/BestBefore_Prototype_IOS/BestBefore_Prototype_IOS.xcodeproj
    

SwiftCompile normal x86_64 /Users/aryazaeri/Library/Developer/Xcode/DerivedData/BestBefore_Prototype_IOS-gbnddpnjsvathjdutdcktjqecxgh/SourcePackages/checkouts/firebase-ios-sdk/FirebaseAuth/Sources/Swift/AuthProvider/OAuthCredential.swift (in target 'FirebaseAuth' from project 'Firebase')
    cd /Users/aryazaeri/Desktop/BestBefore/BestBefore_V2/ios/BestBefore_Prototype_IOS/BestBefore_Prototype_IOS.xcodeproj
    

SwiftCompile normal x86_64 /Users/aryazaeri/Library/Developer/Xcode/DerivedData/BestBefore_Prototype_IOS-gbnddpnjsvathjdutdcktjqecxgh/SourcePackages/checkouts/firebase-ios-sdk/FirebaseAuth/Sources/Swift/AuthProvider/OAuthProvider.swift (in target 'FirebaseAuth' from project 'Firebase')
    cd /Users/aryazaeri/Desktop/BestBefore/BestBefore_V2/ios/BestBefore_Prototype_IOS/BestBefore_Prototype_IOS.xcodeproj
    

SwiftCompile normal x86_64 /Users/aryazaeri/Library/Developer/Xcode/DerivedData/BestBefore_Prototype_IOS-gbnddpnjsvathjdutdcktjqecxgh/SourcePackages/checkouts/firebase-ios-sdk/FirebaseAuth/Sources/Swift/AuthProvider/PhoneAuthCredential.swift (in target 'FirebaseAuth' from project 'Firebase')
    cd /Users/aryazaeri/Desktop/BestBefore/BestBefore_V2/ios/BestBefore_Prototype_IOS/BestBefore_Prototype_IOS.xcodeproj
    

SwiftCompile normal x86_64 /Users/aryazaeri/Library/Developer/Xcode/DerivedData/BestBefore_Prototype_IOS-gbnddpnjsvathjdutdcktjqecxgh/SourcePackages/checkouts/firebase-ios-sdk/FirebaseAuth/Sources/Swift/AuthProvider/PhoneAuthProvider.swift (in target 'FirebaseAuth' from project 'Firebase')
    cd /Users/aryazaeri/Desktop/BestBefore/BestBefore_V2/ios/BestBefore_Prototype_IOS/BestBefore_Prototype_IOS.xcodeproj
    

SwiftCompile normal x86_64 /Users/aryazaeri/Library/Developer/Xcode/DerivedData/BestBefore_Prototype_IOS-gbnddpnjsvathjdutdcktjqecxgh/SourcePackages/checkouts/firebase-ios-sdk/FirebaseAuth/Sources/Swift/AuthProvider/TwitterAuthProvider.swift (in target 'FirebaseAuth' from project 'Firebase')
    cd /Users/aryazaeri/Desktop/BestBefore/BestBefore_V2/ios/BestBefore_Prototype_IOS/BestBefore_Prototype_IOS.xcodeproj
    

SwiftCompile normal x86_64 /Users/aryazaeri/Library/Developer/Xcode/DerivedData/BestBefore_Prototype_IOS-gbnddpnjsvathjdutdcktjqecxgh/SourcePackages/checkouts/firebase-ios-sdk/FirebaseAuth/Sources/Swift/Backend/AuthBackend.swift (in target 'FirebaseAuth' from project 'Firebase')
    cd /Users/aryazaeri/Desktop/BestBefore/BestBefore_V2/ios/BestBefore_Prototype_IOS/BestBefore_Prototype_IOS.xcodeproj
    

SwiftCompile normal x86_64 /Users/aryazaeri/Library/Developer/Xcode/DerivedData/BestBefore_Prototype_IOS-gbnddpnjsvathjdutdcktjqecxgh/SourcePackages/checkouts/firebase-ios-sdk/FirebaseAuth/Sources/Swift/Backend/AuthBackendRPCIssuer.swift (in target 'FirebaseAuth' from project 'Firebase')
    cd /Users/aryazaeri/Desktop/BestBefore/BestBefore_V2/ios/BestBefore_Prototype_IOS/BestBefore_Prototype_IOS.xcodeproj
    

SwiftCompile normal x86_64 /Users/aryazaeri/Library/Developer/Xcode/DerivedData/BestBefore_Prototype_IOS-gbnddpnjsvathjdutdcktjqecxgh/SourcePackages/checkouts/firebase-ios-sdk/FirebaseAuth/Sources/Swift/Backend/AuthRPCRequest.swift (in target 'FirebaseAuth' from project 'Firebase')
    cd /Users/aryazaeri/Desktop/BestBefore/BestBefore_V2/ios/BestBefore_Prototype_IOS/BestBefore_Prototype_IOS.xcodeproj
    

SwiftCompile normal x86_64 /Users/aryazaeri/Library/Developer/Xcode/DerivedData/BestBefore_Prototype_IOS-gbnddpnjsvathjdutdcktjqecxgh/SourcePackages/checkouts/firebase-ios-sdk/FirebaseAuth/Sources/Swift/Backend/AuthRPCResponse.swift (in target 'FirebaseAuth' from project 'Firebase')
    cd /Users/aryazaeri/Desktop/BestBefore/BestBefore_V2/ios/BestBefore_Prototype_IOS/BestBefore_Prototype_IOS.xcodeproj
    

SwiftCompile normal x86_64 /Users/aryazaeri/Library/Developer/Xcode/DerivedData/BestBefore_Prototype_IOS-gbnddpnjsvathjdutdcktjqecxgh/SourcePackages/checkouts/firebase-ios-sdk/FirebaseAuth/Sources/Swift/Backend/AuthRequestConfiguration.swift (in target 'FirebaseAuth' from project 'Firebase')
    cd /Users/aryazaeri/Desktop/BestBefore/BestBefore_V2/ios/BestBefore_Prototype_IOS/BestBefore_Prototype_IOS.xcodeproj
    

SwiftCompile normal x86_64 /Users/aryazaeri/Library/Developer/Xcode/DerivedData/BestBefore_Prototype_IOS-gbnddpnjsvathjdutdcktjqecxgh/SourcePackages/checkouts/firebase-ios-sdk/FirebaseAuth/Sources/Swift/Backend/IdentityToolkitRequest.swift (in target 'FirebaseAuth' from project 'Firebase')
    cd /Users/aryazaeri/Desktop/BestBefore/BestBefore_V2/ios/BestBefore_Prototype_IOS/BestBefore_Prototype_IOS.xcodeproj
    

SwiftCompile normal x86_64 /Users/aryazaeri/Library/Developer/Xcode/DerivedData/BestBefore_Prototype_IOS-gbnddpnjsvathjdutdcktjqecxgh/SourcePackages/checkouts/firebase-ios-sdk/FirebaseAuth/Sources/Swift/Backend/RPC/AuthMFAResponse.swift (in target 'FirebaseAuth' from project 'Firebase')
    cd /Users/aryazaeri/Desktop/BestBefore/BestBefore_V2/ios/BestBefore_Prototype_IOS/BestBefore_Prototype_IOS.xcodeproj
    

SwiftCompile normal x86_64 /Users/aryazaeri/Library/Developer/Xcode/DerivedData/BestBefore_Prototype_IOS-gbnddpnjsvathjdutdcktjqecxgh/SourcePackages/checkouts/firebase-ios-sdk/FirebaseAuth/Sources/Swift/Backend/RPC/CreateAuthURIRequest.swift (in target 'FirebaseAuth' from project 'Firebase')
    cd /Users/aryazaeri/Desktop/BestBefore/BestBefore_V2/ios/BestBefore_Prototype_IOS/BestBefore_Prototype_IOS.xcodeproj
    

SwiftCompile normal x86_64 /Users/aryazaeri/Library/Developer/Xcode/DerivedData/BestBefore_Prototype_IOS-gbnddpnjsvathjdutdcktjqecxgh/SourcePackages/checkouts/firebase-ios-sdk/FirebaseAuth/Sources/Swift/Backend/RPC/CreateAuthURIResponse.swift (in target 'FirebaseAuth' from project 'Firebase')
    cd /Users/aryazaeri/Desktop/BestBefore/BestBefore_V2/ios/BestBefore_Prototype_IOS/BestBefore_Prototype_IOS.xcodeproj
    

SwiftDriverJobDiscovery normal x86_64 Compiling RoomInfoSheet.swift (in target 'BestBefore_Prototype_IOS' from project 'BestBefore_Prototype_IOS')

SwiftCompile normal x86_64 Compiling\ resource_bundle_accessor.swift,\ ActionCodeInfo.swift,\ ActionCodeOperation.swift,\ ActionCodeSettings.swift,\ ActionCodeURL.swift,\ Auth.swift,\ AuthComponent.swift,\ AuthDataResult.swift,\ AuthDispatcher.swift,\ AuthGlobalWorkQueue.swift,\ AuthOperationType.swift,\ AuthSettings.swift,\ AuthTokenResult.swift,\ AuthCredential.swift,\ AuthProviderID.swift,\ EmailAuthProvider.swift,\ FacebookAuthProvider.swift,\ FederatedAuthProvider.swift /Users/aryazaeri/Library/Developer/Xcode/DerivedData/BestBefore_Prototype_IOS-gbnddpnjsvathjdutdcktjqecxgh/Build/Intermediates.noindex/Firebase.build/Debug-iphonesimulator/FirebaseAuth.build/DerivedSources/resource_bundle_accessor.swift /Users/aryazaeri/Library/Developer/Xcode/DerivedData/BestBefore_Prototype_IOS-gbnddpnjsvathjdutdcktjqecxgh/SourcePackages/checkouts/firebase-ios-sdk/FirebaseAuth/Sources/Swift/ActionCode/ActionCodeInfo.swift /Users/aryazaeri/Library/Developer/Xcode/DerivedData/BestBefore_Prototype_IOS-gbnddpnjsvathjdutdcktjqecxgh/SourcePackages/checkouts/firebase-ios-sdk/FirebaseAuth/Sources/Swift/ActionCode/ActionCodeOperation.swift /Users/aryazaeri/Library/Developer/Xcode/DerivedData/BestBefore_Prototype_IOS-gbnddpnjsvathjdutdcktjqecxgh/SourcePackages/checkouts/firebase-ios-sdk/FirebaseAuth/Sources/Swift/ActionCode/ActionCodeSettings.swift /Users/aryazaeri/Library/Developer/Xcode/DerivedData/BestBefore_Prototype_IOS-gbnddpnjsvathjdutdcktjqecxgh/SourcePackages/checkouts/firebase-ios-sdk/FirebaseAuth/Sources/Swift/ActionCode/ActionCodeURL.swift /Users/aryazaeri/Library/Developer/Xcode/DerivedData/BestBefore_Prototype_IOS-gbnddpnjsvathjdutdcktjqecxgh/SourcePackages/checkouts/firebase-ios-sdk/FirebaseAuth/Sources/Swift/Auth/Auth.swift /Users/aryazaeri/Library/Developer/Xcode/DerivedData/BestBefore_Prototype_IOS-gbnddpnjsvathjdutdcktjqecxgh/SourcePackages/checkouts/firebase-ios-sdk/FirebaseAuth/Sources/Swift/Auth/AuthComponent.swift /Users/aryazaeri/Library/Developer/Xcode/DerivedData/BestBefore_Prototype_IOS-gbnddpnjsvathjdutdcktjqecxgh/SourcePackages/checkouts/firebase-ios-sdk/FirebaseAuth/Sources/Swift/Auth/AuthDataResult.swift /Users/aryazaeri/Library/Developer/Xcode/DerivedData/BestBefore_Prototype_IOS-gbnddpnjsvathjdutdcktjqecxgh/SourcePackages/checkouts/firebase-ios-sdk/FirebaseAuth/Sources/Swift/Auth/AuthDispatcher.swift /Users/aryazaeri/Library/Developer/Xcode/DerivedData/BestBefore_Prototype_IOS-gbnddpnjsvathjdutdcktjqecxgh/SourcePackages/checkouts/firebase-ios-sdk/FirebaseAuth/Sources/Swift/Auth/AuthGlobalWorkQueue.swift /Users/aryazaeri/Library/Developer/Xcode/DerivedData/BestBefore_Prototype_IOS-gbnddpnjsvathjdutdcktjqecxgh/SourcePackages/checkouts/firebase-ios-sdk/FirebaseAuth/Sources/Swift/Auth/AuthOperationType.swift /Users/aryazaeri/Library/Developer/Xcode/DerivedData/BestBefore_Prototype_IOS-gbnddpnjsvathjdutdcktjqecxgh/SourcePackages/checkouts/firebase-ios-sdk/FirebaseAuth/Sources/Swift/Auth/AuthSettings.swift /Users/aryazaeri/Library/Developer/Xcode/DerivedData/BestBefore_Prototype_IOS-gbnddpnjsvathjdutdcktjqecxgh/SourcePackages/checkouts/firebase-ios-sdk/FirebaseAuth/Sources/Swift/Auth/AuthTokenResult.swift /Users/aryazaeri/Library/Developer/Xcode/DerivedData/BestBefore_Prototype_IOS-gbnddpnjsvathjdutdcktjqecxgh/SourcePackages/checkouts/firebase-ios-sdk/FirebaseAuth/Sources/Swift/AuthProvider/AuthCredential.swift /Users/aryazaeri/Library/Developer/Xcode/DerivedData/BestBefore_Prototype_IOS-gbnddpnjsvathjdutdcktjqecxgh/SourcePackages/checkouts/firebase-ios-sdk/FirebaseAuth/Sources/Swift/AuthProvider/AuthProviderID.swift /Users/aryazaeri/Library/Developer/Xcode/DerivedData/BestBefore_Prototype_IOS-gbnddpnjsvathjdutdcktjqecxgh/SourcePackages/checkouts/firebase-ios-sdk/FirebaseAuth/Sources/Swift/AuthProvider/EmailAuthProvider.swift /Users/aryazaeri/Library/Developer/Xcode/DerivedData/BestBefore_Prototype_IOS-gbnddpnjsvathjdutdcktjqecxgh/SourcePackages/checkouts/firebase-ios-sdk/FirebaseAuth/Sources/Swift/AuthProvider/FacebookAuthProvider.swift /Users/aryazaeri/Library/Developer/Xcode/DerivedData/BestBefore_Prototype_IOS-gbnddpnjsvathjdutdcktjqecxgh/SourcePackages/checkouts/firebase-ios-sdk/FirebaseAuth/Sources/Swift/AuthProvider/FederatedAuthProvider.swift (in target 'FirebaseAuth' from project 'Firebase')

SwiftCompile normal x86_64 /Users/aryazaeri/Library/Developer/Xcode/DerivedData/BestBefore_Prototype_IOS-gbnddpnjsvathjdutdcktjqecxgh/Build/Intermediates.noindex/Firebase.build/Debug-iphonesimulator/FirebaseAuth.build/DerivedSources/resource_bundle_accessor.swift (in target 'FirebaseAuth' from project 'Firebase')
    cd /Users/aryazaeri/Desktop/BestBefore/BestBefore_V2/ios/BestBefore_Prototype_IOS/BestBefore_Prototype_IOS.xcodeproj
    

SwiftCompile normal x86_64 /Users/aryazaeri/Library/Developer/Xcode/DerivedData/BestBefore_Prototype_IOS-gbnddpnjsvathjdutdcktjqecxgh/SourcePackages/checkouts/firebase-ios-sdk/FirebaseAuth/Sources/Swift/ActionCode/ActionCodeInfo.swift (in target 'FirebaseAuth' from project 'Firebase')
    cd /Users/aryazaeri/Desktop/BestBefore/BestBefore_V2/ios/BestBefore_Prototype_IOS/BestBefore_Prototype_IOS.xcodeproj
    

SwiftCompile normal x86_64 /Users/aryazaeri/Library/Developer/Xcode/DerivedData/BestBefore_Prototype_IOS-gbnddpnjsvathjdutdcktjqecxgh/SourcePackages/checkouts/firebase-ios-sdk/FirebaseAuth/Sources/Swift/ActionCode/ActionCodeOperation.swift (in target 'FirebaseAuth' from project 'Firebase')
    cd /Users/aryazaeri/Desktop/BestBefore/BestBefore_V2/ios/BestBefore_Prototype_IOS/BestBefore_Prototype_IOS.xcodeproj
    

SwiftCompile normal x86_64 /Users/aryazaeri/Library/Developer/Xcode/DerivedData/BestBefore_Prototype_IOS-gbnddpnjsvathjdutdcktjqecxgh/SourcePackages/checkouts/firebase-ios-sdk/FirebaseAuth/Sources/Swift/ActionCode/ActionCodeSettings.swift (in target 'FirebaseAuth' from project 'Firebase')
    cd /Users/aryazaeri/Desktop/BestBefore/BestBefore_V2/ios/BestBefore_Prototype_IOS/BestBefore_Prototype_IOS.xcodeproj
    

SwiftCompile normal x86_64 /Users/aryazaeri/Library/Developer/Xcode/DerivedData/BestBefore_Prototype_IOS-gbnddpnjsvathjdutdcktjqecxgh/SourcePackages/checkouts/firebase-ios-sdk/FirebaseAuth/Sources/Swift/ActionCode/ActionCodeURL.swift (in target 'FirebaseAuth' from project 'Firebase')
    cd /Users/aryazaeri/Desktop/BestBefore/BestBefore_V2/ios/BestBefore_Prototype_IOS/BestBefore_Prototype_IOS.xcodeproj
    

SwiftCompile normal x86_64 /Users/aryazaeri/Library/Developer/Xcode/DerivedData/BestBefore_Prototype_IOS-gbnddpnjsvathjdutdcktjqecxgh/SourcePackages/checkouts/firebase-ios-sdk/FirebaseAuth/Sources/Swift/Auth/Auth.swift (in target 'FirebaseAuth' from project 'Firebase')
    cd /Users/aryazaeri/Desktop/BestBefore/BestBefore_V2/ios/BestBefore_Prototype_IOS/BestBefore_Prototype_IOS.xcodeproj
    

SwiftCompile normal x86_64 /Users/aryazaeri/Library/Developer/Xcode/DerivedData/BestBefore_Prototype_IOS-gbnddpnjsvathjdutdcktjqecxgh/SourcePackages/checkouts/firebase-ios-sdk/FirebaseAuth/Sources/Swift/Auth/AuthComponent.swift (in target 'FirebaseAuth' from project 'Firebase')
    cd /Users/aryazaeri/Desktop/BestBefore/BestBefore_V2/ios/BestBefore_Prototype_IOS/BestBefore_Prototype_IOS.xcodeproj
    

SwiftCompile normal x86_64 /Users/aryazaeri/Library/Developer/Xcode/DerivedData/BestBefore_Prototype_IOS-gbnddpnjsvathjdutdcktjqecxgh/SourcePackages/checkouts/firebase-ios-sdk/FirebaseAuth/Sources/Swift/Auth/AuthDataResult.swift (in target 'FirebaseAuth' from project 'Firebase')
    cd /Users/aryazaeri/Desktop/BestBefore/BestBefore_V2/ios/BestBefore_Prototype_IOS/BestBefore_Prototype_IOS.xcodeproj
    

SwiftCompile normal x86_64 /Users/aryazaeri/Library/Developer/Xcode/DerivedData/BestBefore_Prototype_IOS-gbnddpnjsvathjdutdcktjqecxgh/SourcePackages/checkouts/firebase-ios-sdk/FirebaseAuth/Sources/Swift/Auth/AuthDispatcher.swift (in target 'FirebaseAuth' from project 'Firebase')
    cd /Users/aryazaeri/Desktop/BestBefore/BestBefore_V2/ios/BestBefore_Prototype_IOS/BestBefore_Prototype_IOS.xcodeproj
    

SwiftCompile normal x86_64 /Users/aryazaeri/Library/Developer/Xcode/DerivedData/BestBefore_Prototype_IOS-gbnddpnjsvathjdutdcktjqecxgh/SourcePackages/checkouts/firebase-ios-sdk/FirebaseAuth/Sources/Swift/Auth/AuthGlobalWorkQueue.swift (in target 'FirebaseAuth' from project 'Firebase')
    cd /Users/aryazaeri/Desktop/BestBefore/BestBefore_V2/ios/BestBefore_Prototype_IOS/BestBefore_Prototype_IOS.xcodeproj
    

SwiftCompile normal x86_64 /Users/aryazaeri/Library/Developer/Xcode/DerivedData/BestBefore_Prototype_IOS-gbnddpnjsvathjdutdcktjqecxgh/SourcePackages/checkouts/firebase-ios-sdk/FirebaseAuth/Sources/Swift/Auth/AuthOperationType.swift (in target 'FirebaseAuth' from project 'Firebase')
    cd /Users/aryazaeri/Desktop/BestBefore/BestBefore_V2/ios/BestBefore_Prototype_IOS/BestBefore_Prototype_IOS.xcodeproj
    

SwiftCompile normal x86_64 /Users/aryazaeri/Library/Developer/Xcode/DerivedData/BestBefore_Prototype_IOS-gbnddpnjsvathjdutdcktjqecxgh/SourcePackages/checkouts/firebase-ios-sdk/FirebaseAuth/Sources/Swift/Auth/AuthSettings.swift (in target 'FirebaseAuth' from project 'Firebase')
    cd /Users/aryazaeri/Desktop/BestBefore/BestBefore_V2/ios/BestBefore_Prototype_IOS/BestBefore_Prototype_IOS.xcodeproj
    

SwiftCompile normal x86_64 /Users/aryazaeri/Library/Developer/Xcode/DerivedData/BestBefore_Prototype_IOS-gbnddpnjsvathjdutdcktjqecxgh/SourcePackages/checkouts/firebase-ios-sdk/FirebaseAuth/Sources/Swift/Auth/AuthTokenResult.swift (in target 'FirebaseAuth' from project 'Firebase')
    cd /Users/aryazaeri/Desktop/BestBefore/BestBefore_V2/ios/BestBefore_Prototype_IOS/BestBefore_Prototype_IOS.xcodeproj
    

SwiftCompile normal x86_64 /Users/aryazaeri/Library/Developer/Xcode/DerivedData/BestBefore_Prototype_IOS-gbnddpnjsvathjdutdcktjqecxgh/SourcePackages/checkouts/firebase-ios-sdk/FirebaseAuth/Sources/Swift/AuthProvider/AuthCredential.swift (in target 'FirebaseAuth' from project 'Firebase')
    cd /Users/aryazaeri/Desktop/BestBefore/BestBefore_V2/ios/BestBefore_Prototype_IOS/BestBefore_Prototype_IOS.xcodeproj
    

SwiftCompile normal x86_64 /Users/aryazaeri/Library/Developer/Xcode/DerivedData/BestBefore_Prototype_IOS-gbnddpnjsvathjdutdcktjqecxgh/SourcePackages/checkouts/firebase-ios-sdk/FirebaseAuth/Sources/Swift/AuthProvider/AuthProviderID.swift (in target 'FirebaseAuth' from project 'Firebase')
    cd /Users/aryazaeri/Desktop/BestBefore/BestBefore_V2/ios/BestBefore_Prototype_IOS/BestBefore_Prototype_IOS.xcodeproj
    

SwiftCompile normal x86_64 /Users/aryazaeri/Library/Developer/Xcode/DerivedData/BestBefore_Prototype_IOS-gbnddpnjsvathjdutdcktjqecxgh/SourcePackages/checkouts/firebase-ios-sdk/FirebaseAuth/Sources/Swift/AuthProvider/EmailAuthProvider.swift (in target 'FirebaseAuth' from project 'Firebase')
    cd /Users/aryazaeri/Desktop/BestBefore/BestBefore_V2/ios/BestBefore_Prototype_IOS/BestBefore_Prototype_IOS.xcodeproj
    

SwiftCompile normal x86_64 /Users/aryazaeri/Library/Developer/Xcode/DerivedData/BestBefore_Prototype_IOS-gbnddpnjsvathjdutdcktjqecxgh/SourcePackages/checkouts/firebase-ios-sdk/FirebaseAuth/Sources/Swift/AuthProvider/FacebookAuthProvider.swift (in target 'FirebaseAuth' from project 'Firebase')
    cd /Users/aryazaeri/Desktop/BestBefore/BestBefore_V2/ios/BestBefore_Prototype_IOS/BestBefore_Prototype_IOS.xcodeproj
    

SwiftCompile normal x86_64 /Users/aryazaeri/Library/Developer/Xcode/DerivedData/BestBefore_Prototype_IOS-gbnddpnjsvathjdutdcktjqecxgh/SourcePackages/checkouts/firebase-ios-sdk/FirebaseAuth/Sources/Swift/AuthProvider/FederatedAuthProvider.swift (in target 'FirebaseAuth' from project 'Firebase')
    cd /Users/aryazaeri/Desktop/BestBefore/BestBefore_V2/ios/BestBefore_Prototype_IOS/BestBefore_Prototype_IOS.xcodeproj
    

SwiftDriverJobDiscovery normal x86_64 Compiling UIComponents.swift (in target 'BestBefore_Prototype_IOS' from project 'BestBefore_Prototype_IOS')

SwiftCompile normal x86_64 Compiling\ UserInfo.swift,\ UserInfoImpl.swift,\ UserMetadata.swift,\ UserProfileChangeRequest.swift,\ UserProfileUpdate.swift,\ AuthCondition.swift,\ AuthDefaultUIDelegate.swift,\ AuthErrorUtils.swift,\ AuthErrors.swift,\ AuthInternalErrors.swift,\ AuthLog.swift,\ AuthRecaptchaVerifier.swift,\ AuthUIDelegate.swift,\ AuthURLPresenter.swift,\ AuthWebUtils.swift,\ AuthWebView.swift,\ AuthWebViewController.swift /Users/aryazaeri/Library/Developer/Xcode/DerivedData/BestBefore_Prototype_IOS-gbnddpnjsvathjdutdcktjqecxgh/SourcePackages/checkouts/firebase-ios-sdk/FirebaseAuth/Sources/Swift/User/UserInfo.swift /Users/aryazaeri/Library/Developer/Xcode/DerivedData/BestBefore_Prototype_IOS-gbnddpnjsvathjdutdcktjqecxgh/SourcePackages/checkouts/firebase-ios-sdk/FirebaseAuth/Sources/Swift/User/UserInfoImpl.swift /Users/aryazaeri/Library/Developer/Xcode/DerivedData/BestBefore_Prototype_IOS-gbnddpnjsvathjdutdcktjqecxgh/SourcePackages/checkouts/firebase-ios-sdk/FirebaseAuth/Sources/Swift/User/UserMetadata.swift /Users/aryazaeri/Library/Developer/Xcode/DerivedData/BestBefore_Prototype_IOS-gbnddpnjsvathjdutdcktjqecxgh/SourcePackages/checkouts/firebase-ios-sdk/FirebaseAuth/Sources/Swift/User/UserProfileChangeRequest.swift /Users/aryazaeri/Library/Developer/Xcode/DerivedData/BestBefore_Prototype_IOS-gbnddpnjsvathjdutdcktjqecxgh/SourcePackages/checkouts/firebase-ios-sdk/FirebaseAuth/Sources/Swift/User/UserProfileUpdate.swift /Users/aryazaeri/Library/Developer/Xcode/DerivedData/BestBefore_Prototype_IOS-gbnddpnjsvathjdutdcktjqecxgh/SourcePackages/checkouts/firebase-ios-sdk/FirebaseAuth/Sources/Swift/Utilities/AuthCondition.swift /Users/aryazaeri/Library/Developer/Xcode/DerivedData/BestBefore_Prototype_IOS-gbnddpnjsvathjdutdcktjqecxgh/SourcePackages/checkouts/firebase-ios-sdk/FirebaseAuth/Sources/Swift/Utilities/AuthDefaultUIDelegate.swift /Users/aryazaeri/Library/Developer/Xcode/DerivedData/BestBefore_Prototype_IOS-gbnddpnjsvathjdutdcktjqecxgh/SourcePackages/checkouts/firebase-ios-sdk/FirebaseAuth/Sources/Swift/Utilities/AuthErrorUtils.swift /Users/aryazaeri/Library/Developer/Xcode/DerivedData/BestBefore_Prototype_IOS-gbnddpnjsvathjdutdcktjqecxgh/SourcePackages/checkouts/firebase-ios-sdk/FirebaseAuth/Sources/Swift/Utilities/AuthErrors.swift /Users/aryazaeri/Library/Developer/Xcode/DerivedData/BestBefore_Prototype_IOS-gbnddpnjsvathjdutdcktjqecxgh/SourcePackages/checkouts/firebase-ios-sdk/FirebaseAuth/Sources/Swift/Utilities/AuthInternalErrors.swift /Users/aryazaeri/Library/Developer/Xcode/DerivedData/BestBefore_Prototype_IOS-gbnddpnjsvathjdutdcktjqecxgh/SourcePackages/checkouts/firebase-ios-sdk/FirebaseAuth/Sources/Swift/Utilities/AuthLog.swift /Users/aryazaeri/Library/Developer/Xcode/DerivedData/BestBefore_Prototype_IOS-gbnddpnjsvathjdutdcktjqecxgh/SourcePackages/checkouts/firebase-ios-sdk/FirebaseAuth/Sources/Swift/Utilities/AuthRecaptchaVerifier.swift /Users/aryazaeri/Library/Developer/Xcode/DerivedData/BestBefore_Prototype_IOS-gbnddpnjsvathjdutdcktjqecxgh/SourcePackages/checkouts/firebase-ios-sdk/FirebaseAuth/Sources/Swift/Utilities/AuthUIDelegate.swift /Users/aryazaeri/Library/Developer/Xcode/DerivedData/BestBefore_Prototype_IOS-gbnddpnjsvathjdutdcktjqecxgh/SourcePackages/checkouts/firebase-ios-sdk/FirebaseAuth/Sources/Swift/Utilities/AuthURLPresenter.swift /Users/aryazaeri/Library/Developer/Xcode/DerivedData/BestBefore_Prototype_IOS-gbnddpnjsvathjdutdcktjqecxgh/SourcePackages/checkouts/firebase-ios-sdk/FirebaseAuth/Sources/Swift/Utilities/AuthWebUtils.swift /Users/aryazaeri/Library/Developer/Xcode/DerivedData/BestBefore_Prototype_IOS-gbnddpnjsvathjdutdcktjqecxgh/SourcePackages/checkouts/firebase-ios-sdk/FirebaseAuth/Sources/Swift/Utilities/AuthWebView.swift /Users/aryazaeri/Library/Developer/Xcode/DerivedData/BestBefore_Prototype_IOS-gbnddpnjsvathjdutdcktjqecxgh/SourcePackages/checkouts/firebase-ios-sdk/FirebaseAuth/Sources/Swift/Utilities/AuthWebViewController.swift (in target 'FirebaseAuth' from project 'Firebase')

SwiftCompile normal x86_64 /Users/aryazaeri/Library/Developer/Xcode/DerivedData/BestBefore_Prototype_IOS-gbnddpnjsvathjdutdcktjqecxgh/SourcePackages/checkouts/firebase-ios-sdk/FirebaseAuth/Sources/Swift/User/UserInfo.swift (in target 'FirebaseAuth' from project 'Firebase')
    cd /Users/aryazaeri/Desktop/BestBefore/BestBefore_V2/ios/BestBefore_Prototype_IOS/BestBefore_Prototype_IOS.xcodeproj
    

SwiftCompile normal x86_64 /Users/aryazaeri/Library/Developer/Xcode/DerivedData/BestBefore_Prototype_IOS-gbnddpnjsvathjdutdcktjqecxgh/SourcePackages/checkouts/firebase-ios-sdk/FirebaseAuth/Sources/Swift/User/UserInfoImpl.swift (in target 'FirebaseAuth' from project 'Firebase')
    cd /Users/aryazaeri/Desktop/BestBefore/BestBefore_V2/ios/BestBefore_Prototype_IOS/BestBefore_Prototype_IOS.xcodeproj
    

SwiftCompile normal x86_64 /Users/aryazaeri/Library/Developer/Xcode/DerivedData/BestBefore_Prototype_IOS-gbnddpnjsvathjdutdcktjqecxgh/SourcePackages/checkouts/firebase-ios-sdk/FirebaseAuth/Sources/Swift/User/UserMetadata.swift (in target 'FirebaseAuth' from project 'Firebase')
    cd /Users/aryazaeri/Desktop/BestBefore/BestBefore_V2/ios/BestBefore_Prototype_IOS/BestBefore_Prototype_IOS.xcodeproj
    

SwiftCompile normal x86_64 /Users/aryazaeri/Library/Developer/Xcode/DerivedData/BestBefore_Prototype_IOS-gbnddpnjsvathjdutdcktjqecxgh/SourcePackages/checkouts/firebase-ios-sdk/FirebaseAuth/Sources/Swift/User/UserProfileChangeRequest.swift (in target 'FirebaseAuth' from project 'Firebase')
    cd /Users/aryazaeri/Desktop/BestBefore/BestBefore_V2/ios/BestBefore_Prototype_IOS/BestBefore_Prototype_IOS.xcodeproj
    

SwiftCompile normal x86_64 /Users/aryazaeri/Library/Developer/Xcode/DerivedData/BestBefore_Prototype_IOS-gbnddpnjsvathjdutdcktjqecxgh/SourcePackages/checkouts/firebase-ios-sdk/FirebaseAuth/Sources/Swift/User/UserProfileUpdate.swift (in target 'FirebaseAuth' from project 'Firebase')
    cd /Users/aryazaeri/Desktop/BestBefore/BestBefore_V2/ios/BestBefore_Prototype_IOS/BestBefore_Prototype_IOS.xcodeproj
    

SwiftCompile normal x86_64 /Users/aryazaeri/Library/Developer/Xcode/DerivedData/BestBefore_Prototype_IOS-gbnddpnjsvathjdutdcktjqecxgh/SourcePackages/checkouts/firebase-ios-sdk/FirebaseAuth/Sources/Swift/Utilities/AuthCondition.swift (in target 'FirebaseAuth' from project 'Firebase')
    cd /Users/aryazaeri/Desktop/BestBefore/BestBefore_V2/ios/BestBefore_Prototype_IOS/BestBefore_Prototype_IOS.xcodeproj
    

SwiftCompile normal x86_64 /Users/aryazaeri/Library/Developer/Xcode/DerivedData/BestBefore_Prototype_IOS-gbnddpnjsvathjdutdcktjqecxgh/SourcePackages/checkouts/firebase-ios-sdk/FirebaseAuth/Sources/Swift/Utilities/AuthDefaultUIDelegate.swift (in target 'FirebaseAuth' from project 'Firebase')
    cd /Users/aryazaeri/Desktop/BestBefore/BestBefore_V2/ios/BestBefore_Prototype_IOS/BestBefore_Prototype_IOS.xcodeproj
    

SwiftCompile normal x86_64 /Users/aryazaeri/Library/Developer/Xcode/DerivedData/BestBefore_Prototype_IOS-gbnddpnjsvathjdutdcktjqecxgh/SourcePackages/checkouts/firebase-ios-sdk/FirebaseAuth/Sources/Swift/Utilities/AuthErrorUtils.swift (in target 'FirebaseAuth' from project 'Firebase')
    cd /Users/aryazaeri/Desktop/BestBefore/BestBefore_V2/ios/BestBefore_Prototype_IOS/BestBefore_Prototype_IOS.xcodeproj
    

SwiftCompile normal x86_64 /Users/aryazaeri/Library/Developer/Xcode/DerivedData/BestBefore_Prototype_IOS-gbnddpnjsvathjdutdcktjqecxgh/SourcePackages/checkouts/firebase-ios-sdk/FirebaseAuth/Sources/Swift/Utilities/AuthErrors.swift (in target 'FirebaseAuth' from project 'Firebase')
    cd /Users/aryazaeri/Desktop/BestBefore/BestBefore_V2/ios/BestBefore_Prototype_IOS/BestBefore_Prototype_IOS.xcodeproj
    

SwiftCompile normal x86_64 /Users/aryazaeri/Library/Developer/Xcode/DerivedData/BestBefore_Prototype_IOS-gbnddpnjsvathjdutdcktjqecxgh/SourcePackages/checkouts/firebase-ios-sdk/FirebaseAuth/Sources/Swift/Utilities/AuthInternalErrors.swift (in target 'FirebaseAuth' from project 'Firebase')
    cd /Users/aryazaeri/Desktop/BestBefore/BestBefore_V2/ios/BestBefore_Prototype_IOS/BestBefore_Prototype_IOS.xcodeproj
    

SwiftCompile normal x86_64 /Users/aryazaeri/Library/Developer/Xcode/DerivedData/BestBefore_Prototype_IOS-gbnddpnjsvathjdutdcktjqecxgh/SourcePackages/checkouts/firebase-ios-sdk/FirebaseAuth/Sources/Swift/Utilities/AuthLog.swift (in target 'FirebaseAuth' from project 'Firebase')
    cd /Users/aryazaeri/Desktop/BestBefore/BestBefore_V2/ios/BestBefore_Prototype_IOS/BestBefore_Prototype_IOS.xcodeproj
    

SwiftCompile normal x86_64 /Users/aryazaeri/Library/Developer/Xcode/DerivedData/BestBefore_Prototype_IOS-gbnddpnjsvathjdutdcktjqecxgh/SourcePackages/checkouts/firebase-ios-sdk/FirebaseAuth/Sources/Swift/Utilities/AuthRecaptchaVerifier.swift (in target 'FirebaseAuth' from project 'Firebase')
    cd /Users/aryazaeri/Desktop/BestBefore/BestBefore_V2/ios/BestBefore_Prototype_IOS/BestBefore_Prototype_IOS.xcodeproj
    

SwiftCompile normal x86_64 /Users/aryazaeri/Library/Developer/Xcode/DerivedData/BestBefore_Prototype_IOS-gbnddpnjsvathjdutdcktjqecxgh/SourcePackages/checkouts/firebase-ios-sdk/FirebaseAuth/Sources/Swift/Utilities/AuthUIDelegate.swift (in target 'FirebaseAuth' from project 'Firebase')
    cd /Users/aryazaeri/Desktop/BestBefore/BestBefore_V2/ios/BestBefore_Prototype_IOS/BestBefore_Prototype_IOS.xcodeproj
    

SwiftCompile normal x86_64 /Users/aryazaeri/Library/Developer/Xcode/DerivedData/BestBefore_Prototype_IOS-gbnddpnjsvathjdutdcktjqecxgh/SourcePackages/checkouts/firebase-ios-sdk/FirebaseAuth/Sources/Swift/Utilities/AuthURLPresenter.swift (in target 'FirebaseAuth' from project 'Firebase')
    cd /Users/aryazaeri/Desktop/BestBefore/BestBefore_V2/ios/BestBefore_Prototype_IOS/BestBefore_Prototype_IOS.xcodeproj
    

SwiftCompile normal x86_64 /Users/aryazaeri/Library/Developer/Xcode/DerivedData/BestBefore_Prototype_IOS-gbnddpnjsvathjdutdcktjqecxgh/SourcePackages/checkouts/firebase-ios-sdk/FirebaseAuth/Sources/Swift/Utilities/AuthWebUtils.swift (in target 'FirebaseAuth' from project 'Firebase')
    cd /Users/aryazaeri/Desktop/BestBefore/BestBefore_V2/ios/BestBefore_Prototype_IOS/BestBefore_Prototype_IOS.xcodeproj
    

SwiftCompile normal x86_64 /Users/aryazaeri/Library/Developer/Xcode/DerivedData/BestBefore_Prototype_IOS-gbnddpnjsvathjdutdcktjqecxgh/SourcePackages/checkouts/firebase-ios-sdk/FirebaseAuth/Sources/Swift/Utilities/AuthWebView.swift (in target 'FirebaseAuth' from project 'Firebase')
    cd /Users/aryazaeri/Desktop/BestBefore/BestBefore_V2/ios/BestBefore_Prototype_IOS/BestBefore_Prototype_IOS.xcodeproj
    

SwiftCompile normal x86_64 /Users/aryazaeri/Library/Developer/Xcode/DerivedData/BestBefore_Prototype_IOS-gbnddpnjsvathjdutdcktjqecxgh/SourcePackages/checkouts/firebase-ios-sdk/FirebaseAuth/Sources/Swift/Utilities/AuthWebViewController.swift (in target 'FirebaseAuth' from project 'Firebase')
    cd /Users/aryazaeri/Desktop/BestBefore/BestBefore_V2/ios/BestBefore_Prototype_IOS/BestBefore_Prototype_IOS.xcodeproj
    

SwiftCompile normal x86_64 Compiling\ DeleteAccountRequest.swift,\ DeleteAccountResponse.swift,\ EmailLinkSignInRequest.swift,\ EmailLinkSignInResponse.swift,\ GetAccountInfoRequest.swift,\ GetAccountInfoResponse.swift,\ GetOOBConfirmationCodeRequest.swift,\ GetOOBConfirmationCodeResponse.swift,\ GetProjectConfigRequest.swift,\ GetProjectConfigResponse.swift,\ GetRecaptchaConfigRequest.swift,\ GetRecaptchaConfigResponse.swift,\ FinalizeMFAEnrollmentRequest.swift,\ FinalizeMFAEnrollmentResponse.swift,\ StartMFAEnrollmentRequest.swift,\ StartMFAEnrollmentResponse.swift,\ FinalizeMFASignInRequest.swift /Users/aryazaeri/Library/Developer/Xcode/DerivedData/BestBefore_Prototype_IOS-gbnddpnjsvathjdutdcktjqecxgh/SourcePackages/checkouts/firebase-ios-sdk/FirebaseAuth/Sources/Swift/Backend/RPC/DeleteAccountRequest.swift /Users/aryazaeri/Library/Developer/Xcode/DerivedData/BestBefore_Prototype_IOS-gbnddpnjsvathjdutdcktjqecxgh/SourcePackages/checkouts/firebase-ios-sdk/FirebaseAuth/Sources/Swift/Backend/RPC/DeleteAccountResponse.swift /Users/aryazaeri/Library/Developer/Xcode/DerivedData/BestBefore_Prototype_IOS-gbnddpnjsvathjdutdcktjqecxgh/SourcePackages/checkouts/firebase-ios-sdk/FirebaseAuth/Sources/Swift/Backend/RPC/EmailLinkSignInRequest.swift /Users/aryazaeri/Library/Developer/Xcode/DerivedData/BestBefore_Prototype_IOS-gbnddpnjsvathjdutdcktjqecxgh/SourcePackages/checkouts/firebase-ios-sdk/FirebaseAuth/Sources/Swift/Backend/RPC/EmailLinkSignInResponse.swift /Users/aryazaeri/Library/Developer/Xcode/DerivedData/BestBefore_Prototype_IOS-gbnddpnjsvathjdutdcktjqecxgh/SourcePackages/checkouts/firebase-ios-sdk/FirebaseAuth/Sources/Swift/Backend/RPC/GetAccountInfoRequest.swift /Users/aryazaeri/Library/Developer/Xcode/DerivedData/BestBefore_Prototype_IOS-gbnddpnjsvathjdutdcktjqecxgh/SourcePackages/checkouts/firebase-ios-sdk/FirebaseAuth/Sources/Swift/Backend/RPC/GetAccountInfoResponse.swift /Users/aryazaeri/Library/Developer/Xcode/DerivedData/BestBefore_Prototype_IOS-gbnddpnjsvathjdutdcktjqecxgh/SourcePackages/checkouts/firebase-ios-sdk/FirebaseAuth/Sources/Swift/Backend/RPC/GetOOBConfirmationCodeRequest.swift /Users/aryazaeri/Library/Developer/Xcode/DerivedData/BestBefore_Prototype_IOS-gbnddpnjsvathjdutdcktjqecxgh/SourcePackages/checkouts/firebase-ios-sdk/FirebaseAuth/Sources/Swift/Backend/RPC/GetOOBConfirmationCodeResponse.swift /Users/aryazaeri/Library/Developer/Xcode/DerivedData/BestBefore_Prototype_IOS-gbnddpnjsvathjdutdcktjqecxgh/SourcePackages/checkouts/firebase-ios-sdk/FirebaseAuth/Sources/Swift/Backend/RPC/GetProjectConfigRequest.swift /Users/aryazaeri/Library/Developer/Xcode/DerivedData/BestBefore_Prototype_IOS-gbnddpnjsvathjdutdcktjqecxgh/SourcePackages/checkouts/firebase-ios-sdk/FirebaseAuth/Sources/Swift/Backend/RPC/GetProjectConfigResponse.swift /Users/aryazaeri/Library/Developer/Xcode/DerivedData/BestBefore_Prototype_IOS-gbnddpnjsvathjdutdcktjqecxgh/SourcePackages/checkouts/firebase-ios-sdk/FirebaseAuth/Sources/Swift/Backend/RPC/GetRecaptchaConfigRequest.swift /Users/aryazaeri/Library/Developer/Xcode/DerivedData/BestBefore_Prototype_IOS-gbnddpnjsvathjdutdcktjqecxgh/SourcePackages/checkouts/firebase-ios-sdk/FirebaseAuth/Sources/Swift/Backend/RPC/GetRecaptchaConfigResponse.swift /Users/aryazaeri/Library/Developer/Xcode/DerivedData/BestBefore_Prototype_IOS-gbnddpnjsvathjdutdcktjqecxgh/SourcePackages/checkouts/firebase-ios-sdk/FirebaseAuth/Sources/Swift/Backend/RPC/MultiFactor/Enroll/FinalizeMFAEnrollmentRequest.swift /Users/aryazaeri/Library/Developer/Xcode/DerivedData/BestBefore_Prototype_IOS-gbnddpnjsvathjdutdcktjqecxgh/SourcePackages/checkouts/firebase-ios-sdk/FirebaseAuth/Sources/Swift/Backend/RPC/MultiFactor/Enroll/FinalizeMFAEnrollmentResponse.swift /Users/aryazaeri/Library/Developer/Xcode/DerivedData/BestBefore_Prototype_IOS-gbnddpnjsvathjdutdcktjqecxgh/SourcePackages/checkouts/firebase-ios-sdk/FirebaseAuth/Sources/Swift/Backend/RPC/MultiFactor/Enroll/StartMFAEnrollmentRequest.swift /Users/aryazaeri/Library/Developer/Xcode/DerivedData/BestBefore_Prototype_IOS-gbnddpnjsvathjdutdcktjqecxgh/SourcePackages/checkouts/firebase-ios-sdk/FirebaseAuth/Sources/Swift/Backend/RPC/MultiFactor/Enroll/StartMFAEnrollmentResponse.swift /Users/aryazaeri/Library/Developer/Xcode/DerivedData/BestBefore_Prototype_IOS-gbnddpnjsvathjdutdcktjqecxgh/SourcePackages/checkouts/firebase-ios-sdk/FirebaseAuth/Sources/Swift/Backend/RPC/MultiFactor/SignIn/FinalizeMFASignInRequest.swift (in target 'FirebaseAuth' from project 'Firebase')

SwiftCompile normal x86_64 /Users/aryazaeri/Library/Developer/Xcode/DerivedData/BestBefore_Prototype_IOS-gbnddpnjsvathjdutdcktjqecxgh/SourcePackages/checkouts/firebase-ios-sdk/FirebaseAuth/Sources/Swift/Backend/RPC/DeleteAccountRequest.swift (in target 'FirebaseAuth' from project 'Firebase')
    cd /Users/aryazaeri/Desktop/BestBefore/BestBefore_V2/ios/BestBefore_Prototype_IOS/BestBefore_Prototype_IOS.xcodeproj
    

SwiftCompile normal x86_64 /Users/aryazaeri/Library/Developer/Xcode/DerivedData/BestBefore_Prototype_IOS-gbnddpnjsvathjdutdcktjqecxgh/SourcePackages/checkouts/firebase-ios-sdk/FirebaseAuth/Sources/Swift/Backend/RPC/DeleteAccountResponse.swift (in target 'FirebaseAuth' from project 'Firebase')
    cd /Users/aryazaeri/Desktop/BestBefore/BestBefore_V2/ios/BestBefore_Prototype_IOS/BestBefore_Prototype_IOS.xcodeproj
    

SwiftCompile normal x86_64 /Users/aryazaeri/Library/Developer/Xcode/DerivedData/BestBefore_Prototype_IOS-gbnddpnjsvathjdutdcktjqecxgh/SourcePackages/checkouts/firebase-ios-sdk/FirebaseAuth/Sources/Swift/Backend/RPC/EmailLinkSignInRequest.swift (in target 'FirebaseAuth' from project 'Firebase')
    cd /Users/aryazaeri/Desktop/BestBefore/BestBefore_V2/ios/BestBefore_Prototype_IOS/BestBefore_Prototype_IOS.xcodeproj
    

SwiftCompile normal x86_64 /Users/aryazaeri/Library/Developer/Xcode/DerivedData/BestBefore_Prototype_IOS-gbnddpnjsvathjdutdcktjqecxgh/SourcePackages/checkouts/firebase-ios-sdk/FirebaseAuth/Sources/Swift/Backend/RPC/EmailLinkSignInResponse.swift (in target 'FirebaseAuth' from project 'Firebase')
    cd /Users/aryazaeri/Desktop/BestBefore/BestBefore_V2/ios/BestBefore_Prototype_IOS/BestBefore_Prototype_IOS.xcodeproj
    

SwiftCompile normal x86_64 /Users/aryazaeri/Library/Developer/Xcode/DerivedData/BestBefore_Prototype_IOS-gbnddpnjsvathjdutdcktjqecxgh/SourcePackages/checkouts/firebase-ios-sdk/FirebaseAuth/Sources/Swift/Backend/RPC/GetAccountInfoRequest.swift (in target 'FirebaseAuth' from project 'Firebase')
    cd /Users/aryazaeri/Desktop/BestBefore/BestBefore_V2/ios/BestBefore_Prototype_IOS/BestBefore_Prototype_IOS.xcodeproj
    

SwiftCompile normal x86_64 /Users/aryazaeri/Library/Developer/Xcode/DerivedData/BestBefore_Prototype_IOS-gbnddpnjsvathjdutdcktjqecxgh/SourcePackages/checkouts/firebase-ios-sdk/FirebaseAuth/Sources/Swift/Backend/RPC/GetAccountInfoResponse.swift (in target 'FirebaseAuth' from project 'Firebase')
    cd /Users/aryazaeri/Desktop/BestBefore/BestBefore_V2/ios/BestBefore_Prototype_IOS/BestBefore_Prototype_IOS.xcodeproj
    

SwiftCompile normal x86_64 /Users/aryazaeri/Library/Developer/Xcode/DerivedData/BestBefore_Prototype_IOS-gbnddpnjsvathjdutdcktjqecxgh/SourcePackages/checkouts/firebase-ios-sdk/FirebaseAuth/Sources/Swift/Backend/RPC/GetOOBConfirmationCodeRequest.swift (in target 'FirebaseAuth' from project 'Firebase')
    cd /Users/aryazaeri/Desktop/BestBefore/BestBefore_V2/ios/BestBefore_Prototype_IOS/BestBefore_Prototype_IOS.xcodeproj
    

SwiftCompile normal x86_64 /Users/aryazaeri/Library/Developer/Xcode/DerivedData/BestBefore_Prototype_IOS-gbnddpnjsvathjdutdcktjqecxgh/SourcePackages/checkouts/firebase-ios-sdk/FirebaseAuth/Sources/Swift/Backend/RPC/GetOOBConfirmationCodeResponse.swift (in target 'FirebaseAuth' from project 'Firebase')
    cd /Users/aryazaeri/Desktop/BestBefore/BestBefore_V2/ios/BestBefore_Prototype_IOS/BestBefore_Prototype_IOS.xcodeproj
    

SwiftCompile normal x86_64 /Users/aryazaeri/Library/Developer/Xcode/DerivedData/BestBefore_Prototype_IOS-gbnddpnjsvathjdutdcktjqecxgh/SourcePackages/checkouts/firebase-ios-sdk/FirebaseAuth/Sources/Swift/Backend/RPC/GetProjectConfigRequest.swift (in target 'FirebaseAuth' from project 'Firebase')
    cd /Users/aryazaeri/Desktop/BestBefore/BestBefore_V2/ios/BestBefore_Prototype_IOS/BestBefore_Prototype_IOS.xcodeproj
    

SwiftCompile normal x86_64 /Users/aryazaeri/Library/Developer/Xcode/DerivedData/BestBefore_Prototype_IOS-gbnddpnjsvathjdutdcktjqecxgh/SourcePackages/checkouts/firebase-ios-sdk/FirebaseAuth/Sources/Swift/Backend/RPC/GetProjectConfigResponse.swift (in target 'FirebaseAuth' from project 'Firebase')
    cd /Users/aryazaeri/Desktop/BestBefore/BestBefore_V2/ios/BestBefore_Prototype_IOS/BestBefore_Prototype_IOS.xcodeproj
    

SwiftCompile normal x86_64 /Users/aryazaeri/Library/Developer/Xcode/DerivedData/BestBefore_Prototype_IOS-gbnddpnjsvathjdutdcktjqecxgh/SourcePackages/checkouts/firebase-ios-sdk/FirebaseAuth/Sources/Swift/Backend/RPC/GetRecaptchaConfigRequest.swift (in target 'FirebaseAuth' from project 'Firebase')
    cd /Users/aryazaeri/Desktop/BestBefore/BestBefore_V2/ios/BestBefore_Prototype_IOS/BestBefore_Prototype_IOS.xcodeproj
    

SwiftCompile normal x86_64 /Users/aryazaeri/Library/Developer/Xcode/DerivedData/BestBefore_Prototype_IOS-gbnddpnjsvathjdutdcktjqecxgh/SourcePackages/checkouts/firebase-ios-sdk/FirebaseAuth/Sources/Swift/Backend/RPC/GetRecaptchaConfigResponse.swift (in target 'FirebaseAuth' from project 'Firebase')
    cd /Users/aryazaeri/Desktop/BestBefore/BestBefore_V2/ios/BestBefore_Prototype_IOS/BestBefore_Prototype_IOS.xcodeproj
    

SwiftCompile normal x86_64 /Users/aryazaeri/Library/Developer/Xcode/DerivedData/BestBefore_Prototype_IOS-gbnddpnjsvathjdutdcktjqecxgh/SourcePackages/checkouts/firebase-ios-sdk/FirebaseAuth/Sources/Swift/Backend/RPC/MultiFactor/Enroll/FinalizeMFAEnrollmentRequest.swift (in target 'FirebaseAuth' from project 'Firebase')
    cd /Users/aryazaeri/Desktop/BestBefore/BestBefore_V2/ios/BestBefore_Prototype_IOS/BestBefore_Prototype_IOS.xcodeproj
    

SwiftCompile normal x86_64 /Users/aryazaeri/Library/Developer/Xcode/DerivedData/BestBefore_Prototype_IOS-gbnddpnjsvathjdutdcktjqecxgh/SourcePackages/checkouts/firebase-ios-sdk/FirebaseAuth/Sources/Swift/Backend/RPC/MultiFactor/Enroll/FinalizeMFAEnrollmentResponse.swift (in target 'FirebaseAuth' from project 'Firebase')
    cd /Users/aryazaeri/Desktop/BestBefore/BestBefore_V2/ios/BestBefore_Prototype_IOS/BestBefore_Prototype_IOS.xcodeproj
    

SwiftCompile normal x86_64 /Users/aryazaeri/Library/Developer/Xcode/DerivedData/BestBefore_Prototype_IOS-gbnddpnjsvathjdutdcktjqecxgh/SourcePackages/checkouts/firebase-ios-sdk/FirebaseAuth/Sources/Swift/Backend/RPC/MultiFactor/Enroll/StartMFAEnrollmentRequest.swift (in target 'FirebaseAuth' from project 'Firebase')
    cd /Users/aryazaeri/Desktop/BestBefore/BestBefore_V2/ios/BestBefore_Prototype_IOS/BestBefore_Prototype_IOS.xcodeproj
    

SwiftCompile normal x86_64 /Users/aryazaeri/Library/Developer/Xcode/DerivedData/BestBefore_Prototype_IOS-gbnddpnjsvathjdutdcktjqecxgh/SourcePackages/checkouts/firebase-ios-sdk/FirebaseAuth/Sources/Swift/Backend/RPC/MultiFactor/Enroll/StartMFAEnrollmentResponse.swift (in target 'FirebaseAuth' from project 'Firebase')
    cd /Users/aryazaeri/Desktop/BestBefore/BestBefore_V2/ios/BestBefore_Prototype_IOS/BestBefore_Prototype_IOS.xcodeproj
    

SwiftCompile normal x86_64 /Users/aryazaeri/Library/Developer/Xcode/DerivedData/BestBefore_Prototype_IOS-gbnddpnjsvathjdutdcktjqecxgh/SourcePackages/checkouts/firebase-ios-sdk/FirebaseAuth/Sources/Swift/Backend/RPC/MultiFactor/SignIn/FinalizeMFASignInRequest.swift (in target 'FirebaseAuth' from project 'Firebase')
    cd /Users/aryazaeri/Desktop/BestBefore/BestBefore_V2/ios/BestBefore_Prototype_IOS/BestBefore_Prototype_IOS.xcodeproj
    

SwiftDriverJobDiscovery normal x86_64 Compiling ResetPasswordResponse.swift, RevokeTokenRequest.swift, RevokeTokenResponse.swift, SecureTokenRequest.swift, SecureTokenResponse.swift, SendVerificationTokenRequest.swift, SendVerificationTokenResponse.swift, SetAccountInfoRequest.swift, SetAccountInfoResponse.swift, SignInWithGameCenterRequest.swift, SignInWithGameCenterResponse.swift, SignUpNewUserRequest.swift, SignUpNewUserResponse.swift, VerifyAssertionRequest.swift, VerifyAssertionResponse.swift, VerifyCustomTokenRequest.swift, VerifyCustomTokenResponse.swift (in target 'FirebaseAuth' from project 'Firebase')

SwiftCompile normal x86_64 Compiling\ FinalizeMFASignInResponse.swift,\ StartMFASignInRequest.swift,\ StartMFASignInResponse.swift,\ WithdrawMFARequest.swift,\ WithdrawMFAResponse.swift,\ AuthProto.swift,\ AuthProtoMFAEnrollment.swift,\ AuthProtoFinalizeMFAPhoneRequestInfo.swift,\ AuthProtoFinalizeMFAPhoneResponseInfo.swift,\ AuthProtoStartMFAPhoneRequestInfo.swift,\ AuthProtoStartMFAPhoneResponseInfo.swift,\ AuthProtoFinalizeMFATOTPEnrollmentRequestInfo.swift,\ AuthProtoFinalizeMFATOTPEnrollmentResponseInfo.swift,\ AuthProtoFinalizeMFATOTPSignInRequestInfo.swift,\ AuthProtoStartMFATOTPEnrollmentRequestInfo.swift,\ AuthProtoStartMFATOTPEnrollmentResponseInfo.swift,\ ResetPasswordRequest.swift /Users/aryazaeri/Library/Developer/Xcode/DerivedData/BestBefore_Prototype_IOS-gbnddpnjsvathjdutdcktjqecxgh/SourcePackages/checkouts/firebase-ios-sdk/FirebaseAuth/Sources/Swift/Backend/RPC/MultiFactor/SignIn/FinalizeMFASignInResponse.swift /Users/aryazaeri/Library/Developer/Xcode/DerivedData/BestBefore_Prototype_IOS-gbnddpnjsvathjdutdcktjqecxgh/SourcePackages/checkouts/firebase-ios-sdk/FirebaseAuth/Sources/Swift/Backend/RPC/MultiFactor/SignIn/StartMFASignInRequest.swift /Users/aryazaeri/Library/Developer/Xcode/DerivedData/BestBefore_Prototype_IOS-gbnddpnjsvathjdutdcktjqecxgh/SourcePackages/checkouts/firebase-ios-sdk/FirebaseAuth/Sources/Swift/Backend/RPC/MultiFactor/SignIn/StartMFASignInResponse.swift /Users/aryazaeri/Library/Developer/Xcode/DerivedData/BestBefore_Prototype_IOS-gbnddpnjsvathjdutdcktjqecxgh/SourcePackages/checkouts/firebase-ios-sdk/FirebaseAuth/Sources/Swift/Backend/RPC/MultiFactor/Unenroll/WithdrawMFARequest.swift /Users/aryazaeri/Library/Developer/Xcode/DerivedData/BestBefore_Prototype_IOS-gbnddpnjsvathjdutdcktjqecxgh/SourcePackages/checkouts/firebase-ios-sdk/FirebaseAuth/Sources/Swift/Backend/RPC/MultiFactor/Unenroll/WithdrawMFAResponse.swift /Users/aryazaeri/Library/Developer/Xcode/DerivedData/BestBefore_Prototype_IOS-gbnddpnjsvathjdutdcktjqecxgh/SourcePackages/checkouts/firebase-ios-sdk/FirebaseAuth/Sources/Swift/Backend/RPC/Proto/AuthProto.swift /Users/aryazaeri/Library/Developer/Xcode/DerivedData/BestBefore_Prototype_IOS-gbnddpnjsvathjdutdcktjqecxgh/SourcePackages/checkouts/firebase-ios-sdk/FirebaseAuth/Sources/Swift/Backend/RPC/Proto/AuthProtoMFAEnrollment.swift /Users/aryazaeri/Library/Developer/Xcode/DerivedData/BestBefore_Prototype_IOS-gbnddpnjsvathjdutdcktjqecxgh/SourcePackages/checkouts/firebase-ios-sdk/FirebaseAuth/Sources/Swift/Backend/RPC/Proto/Phone/AuthProtoFinalizeMFAPhoneRequestInfo.swift /Users/aryazaeri/Library/Developer/Xcode/DerivedData/BestBefore_Prototype_IOS-gbnddpnjsvathjdutdcktjqecxgh/SourcePackages/checkouts/firebase-ios-sdk/FirebaseAuth/Sources/Swift/Backend/RPC/Proto/Phone/AuthProtoFinalizeMFAPhoneResponseInfo.swift /Users/aryazaeri/Library/Developer/Xcode/DerivedData/BestBefore_Prototype_IOS-gbnddpnjsvathjdutdcktjqecxgh/SourcePackages/checkouts/firebase-ios-sdk/FirebaseAuth/Sources/Swift/Backend/RPC/Proto/Phone/AuthProtoStartMFAPhoneRequestInfo.swift /Users/aryazaeri/Library/Developer/Xcode/DerivedData/BestBefore_Prototype_IOS-gbnddpnjsvathjdutdcktjqecxgh/SourcePackages/checkouts/firebase-ios-sdk/FirebaseAuth/Sources/Swift/Backend/RPC/Proto/Phone/AuthProtoStartMFAPhoneResponseInfo.swift /Users/aryazaeri/Library/Developer/Xcode/DerivedData/BestBefore_Prototype_IOS-gbnddpnjsvathjdutdcktjqecxgh/SourcePackages/checkouts/firebase-ios-sdk/FirebaseAuth/Sources/Swift/Backend/RPC/Proto/TOTP/AuthProtoFinalizeMFATOTPEnrollmentRequestInfo.swift /Users/aryazaeri/Library/Developer/Xcode/DerivedData/BestBefore_Prototype_IOS-gbnddpnjsvathjdutdcktjqecxgh/SourcePackages/checkouts/firebase-ios-sdk/FirebaseAuth/Sources/Swift/Backend/RPC/Proto/TOTP/AuthProtoFinalizeMFATOTPEnrollmentResponseInfo.swift /Users/aryazaeri/Library/Developer/Xcode/DerivedData/BestBefore_Prototype_IOS-gbnddpnjsvathjdutdcktjqecxgh/SourcePackages/checkouts/firebase-ios-sdk/FirebaseAuth/Sources/Swift/Backend/RPC/Proto/TOTP/AuthProtoFinalizeMFATOTPSignInRequestInfo.swift /Users/aryazaeri/Library/Developer/Xcode/DerivedData/BestBefore_Prototype_IOS-gbnddpnjsvathjdutdcktjqecxgh/SourcePackages/checkouts/firebase-ios-sdk/FirebaseAuth/Sources/Swift/Backend/RPC/Proto/TOTP/AuthProtoStartMFATOTPEnrollmentRequestInfo.swift /Users/aryazaeri/Library/Developer/Xcode/DerivedData/BestBefore_Prototype_IOS-gbnddpnjsvathjdutdcktjqecxgh/SourcePackages/checkouts/firebase-ios-sdk/FirebaseAuth/Sources/Swift/Backend/RPC/Proto/TOTP/AuthProtoStartMFATOTPEnrollmentResponseInfo.swift /Users/aryazaeri/Library/Developer/Xcode/DerivedData/BestBefore_Prototype_IOS-gbnddpnjsvathjdutdcktjqecxgh/SourcePackages/checkouts/firebase-ios-sdk/FirebaseAuth/Sources/Swift/Backend/RPC/ResetPasswordRequest.swift (in target 'FirebaseAuth' from project 'Firebase')

** BUILD FAILED **


The following build commands failed:
	SwiftCompile normal x86_64 Compiling\ RoamingView.swift,\ RoomDetailView.swift /Users/aryazaeri/Desktop/BestBefore/BestBefore_V2/ios/BestBefore_Prototype_IOS/BestBefore_Prototype_IOS/RoamingView.swift /Users/aryazaeri/Desktop/BestBefore/BestBefore_V2/ios/BestBefore_Prototype_IOS/BestBefore_Prototype_IOS/RoomDetailView.swift (in target 'BestBefore_Prototype_IOS' from project 'BestBefore_Prototype_IOS')
	SwiftCompile normal x86_64 /Users/aryazaeri/Desktop/BestBefore/BestBefore_V2/ios/BestBefore_Prototype_IOS/BestBefore_Prototype_IOS/RoomDetailView.swift (in target 'BestBefore_Prototype_IOS' from project 'BestBefore_Prototype_IOS')
	Building project BestBefore_Prototype_IOS with scheme BestBefore_Prototype_IOS and configuration Debug
(3 failures)
